2026-5-20 14:42:50-log: Cannot access game frame or container.
2026-5-20 14:42:51-debug: asset-db:require-engine-code (539ms)
2026-5-20 14:42:51-log: [box2d]:box2d wasm lib loaded.
2026-5-20 14:42:51-log: [bullet]:bullet wasm lib loaded.
2026-5-20 14:42:51-log: meshopt wasm decoder initialized
2026-5-20 14:42:51-log: Cocos Creator v3.8.8
2026-5-20 14:42:51-log: Using legacy pipeline
2026-5-20 14:42:51-log: Forward render pipeline initialized.
2026-5-20 14:42:51-debug: [Assets Memory track]: asset-db:worker-init: initEngine start:30.55MB, end 116.99MB, increase: 86.44MB
2026-5-20 14:42:52-debug: [Assets Memory track]: asset-db:worker-init: initPlugin start:78.63MB, end 273.63MB, increase: 195.00MB
2026-5-20 14:42:52-debug: run package(ohos) handler(enable) start
2026-5-20 14:42:52-debug: run package(runtime-dev-tools) handler(enable) start
2026-5-20 14:42:52-debug: run package(runtime-dev-tools) handler(enable) success!
2026-5-20 14:42:52-debug: run package(taobao-mini-game) handler(enable) start
2026-5-20 14:42:52-debug: run package(taobao-mini-game) handler(enable) success!
2026-5-20 14:42:52-debug: run package(vivo-mini-game) handler(enable) start
2026-5-20 14:42:52-debug: run package(vivo-mini-game) handler(enable) success!
2026-5-20 14:42:52-debug: run package(web-desktop) handler(enable) start
2026-5-20 14:42:52-debug: run package(web-desktop) handler(enable) success!
2026-5-20 14:42:52-debug: run package(web-mobile) handler(enable) start
2026-5-20 14:42:52-debug: run package(web-mobile) handler(enable) success!
2026-5-20 14:42:52-debug: run package(wechatgame) handler(enable) success!
2026-5-20 14:42:52-debug: run package(wechatgame) handler(enable) start
2026-5-20 14:42:52-debug: run package(wechatprogram) handler(enable) start
2026-5-20 14:42:52-debug: run package(wechatprogram) handler(enable) success!
2026-5-20 14:42:52-debug: run package(windows) handler(enable) start
2026-5-20 14:42:52-debug: run package(windows) handler(enable) success!
2026-5-20 14:42:52-debug: run package(xiaomi-quick-game) handler(enable) start
2026-5-20 14:42:52-debug: run package(xiaomi-quick-game) handler(enable) success!
2026-5-20 14:42:52-debug: run package(cocos-service) handler(enable) start
2026-5-20 14:42:52-debug: run package(oppo-mini-game) handler(enable) start
2026-5-20 14:42:52-debug: run package(oppo-mini-game) handler(enable) success!
2026-5-20 14:42:52-debug: run package(im-plugin) handler(enable) success!
2026-5-20 14:42:52-debug: run package(placeholder) handler(enable) start
2026-5-20 14:42:52-debug: run package(placeholder) handler(enable) success!
2026-5-20 14:42:52-debug: run package(ohos) handler(enable) success!
2026-5-20 14:42:52-debug: asset-db:worker-init: initPlugin (1439ms)
2026-5-20 14:42:52-debug: run package(im-plugin) handler(enable) start
2026-5-20 14:42:52-debug: run package(cocos-service) handler(enable) success!
2026-5-20 14:42:52-debug: [Assets Memory track]: asset-db:worker-init start:30.54MB, end 274.71MB, increase: 244.17MB
2026-5-20 14:42:52-debug: Run asset db hook engine-extends:beforePreStart success!
2026-5-20 14:42:52-debug: Run asset db hook programming:beforePreStart ...
2026-5-20 14:42:52-debug: Run asset db hook programming:beforePreStart success!
2026-5-20 14:42:52-debug: Run asset db hook engine-extends:beforePreStart ...
2026-5-20 14:42:52-debug: asset-db-hook-engine-extends-beforePreStart (74ms)
2026-5-20 14:42:52-debug: asset-db:worker-init (2150ms)
2026-5-20 14:42:52-debug: asset-db-hook-programming-beforePreStart (74ms)
2026-5-20 14:42:52-debug: Preimport db internal success
2026-5-20 14:42:52-debug: Preimport db assets success
2026-5-20 14:42:52-debug: Run asset db hook programming:afterPreStart ...
2026-5-20 14:42:52-debug: starting packer-driver...
2026-5-20 14:42:52-debug: initialize scripting environment...
2026-5-20 14:42:52-debug: [[Executor]] prepare before lock
2026-5-20 14:42:52-debug: Set detail map pack:///resolution-detail-map.json: {}
2026-5-20 14:42:52-debug: Run asset db hook programming:afterPreStart success!
2026-5-20 14:42:52-debug: [[Executor]] prepare after unlock
2026-5-20 14:42:52-debug: Run asset db hook engine-extends:afterPreStart ...
2026-5-20 14:42:52-debug: Run asset db hook engine-extends:afterPreStart success!
2026-5-20 14:42:52-debug: [Assets Memory track]: asset-db:worker-init: preStart start:274.72MB, end 279.45MB, increase: 4.73MB
2026-5-20 14:42:52-debug: Start up the 'internal' database...
2026-5-20 14:42:53-debug: asset-db-hook-programming-afterPreStart (348ms)
2026-5-20 14:42:53-debug: asset-db:worker-effect-data-processing (200ms)
2026-5-20 14:42:53-debug: asset-db-hook-engine-extends-afterPreStart (200ms)
2026-5-20 14:42:53-debug: Run asset db hook engine-extends:afterStartDB ...
2026-5-20 14:42:53-debug: recompile effect.bin success
2026-5-20 14:42:53-debug: Start up the 'assets' database...
2026-5-20 14:42:53-debug: Run asset db hook engine-extends:afterStartDB success!
2026-5-20 14:42:53-debug: asset-db:worker-effect-data-processing (169ms)
2026-5-20 14:42:53-debug: asset-db-hook-engine-extends-afterStartDB (169ms)
2026-5-20 14:42:53-debug: Run asset db hook engine-extends:afterStartDB ...
2026-5-20 14:42:53-debug: Run asset db hook engine-extends:afterStartDB success!
2026-5-20 14:42:53-debug: [Assets Memory track]: asset-db:worker-init: startup start:279.46MB, end 301.72MB, increase: 22.26MB
2026-5-20 14:42:53-debug: lazy register asset handler text
2026-5-20 14:42:53-debug: lazy register asset handler json
2026-5-20 14:42:53-debug: lazy register asset handler spine-data
2026-5-20 14:42:53-debug: lazy register asset handler dragonbones
2026-5-20 14:42:53-debug: lazy register asset handler dragonbones-atlas
2026-5-20 14:42:53-debug: lazy register asset handler *
2026-5-20 14:42:53-debug: lazy register asset handler javascript
2026-5-20 14:42:53-debug: lazy register asset handler typescript
2026-5-20 14:42:53-debug: lazy register asset handler scene
2026-5-20 14:42:53-debug: lazy register asset handler directory
2026-5-20 14:42:53-debug: lazy register asset handler sprite-frame
2026-5-20 14:42:53-debug: lazy register asset handler tiled-map
2026-5-20 14:42:53-debug: lazy register asset handler buffer
2026-5-20 14:42:53-debug: recompile effect.bin success
2026-5-20 14:42:53-debug: lazy register asset handler sign-image
2026-5-20 14:42:53-debug: lazy register asset handler alpha-image
2026-5-20 14:42:53-debug: lazy register asset handler image
2026-5-20 14:42:53-debug: lazy register asset handler texture-cube
2026-5-20 14:42:53-debug: lazy register asset handler erp-texture-cube
2026-5-20 14:42:53-debug: lazy register asset handler texture
2026-5-20 14:42:53-debug: lazy register asset handler texture-cube-face
2026-5-20 14:42:53-debug: lazy register asset handler rt-sprite-frame
2026-5-20 14:42:53-debug: lazy register asset handler gltf
2026-5-20 14:42:53-debug: lazy register asset handler gltf-mesh
2026-5-20 14:42:53-debug: lazy register asset handler gltf-animation
2026-5-20 14:42:53-debug: lazy register asset handler gltf-skeleton
2026-5-20 14:42:53-debug: lazy register asset handler gltf-material
2026-5-20 14:42:53-debug: lazy register asset handler gltf-scene
2026-5-20 14:42:53-debug: lazy register asset handler gltf-embeded-image
2026-5-20 14:42:53-debug: lazy register asset handler fbx
2026-5-20 14:42:53-debug: lazy register asset handler material
2026-5-20 14:42:53-debug: lazy register asset handler physics-material
2026-5-20 14:42:53-debug: lazy register asset handler effect
2026-5-20 14:42:53-debug: lazy register asset handler effect-header
2026-5-20 14:42:53-debug: lazy register asset handler audio-clip
2026-5-20 14:42:53-debug: lazy register asset handler animation-clip
2026-5-20 14:42:53-debug: lazy register asset handler animation-graph
2026-5-20 14:42:53-debug: lazy register asset handler animation-graph-variant
2026-5-20 14:42:53-debug: lazy register asset handler animation-mask
2026-5-20 14:42:53-debug: lazy register asset handler ttf-font
2026-5-20 14:42:53-debug: lazy register asset handler bitmap-font
2026-5-20 14:42:53-debug: lazy register asset handler particle
2026-5-20 14:42:53-debug: lazy register asset handler sprite-atlas
2026-5-20 14:42:53-debug: lazy register asset handler auto-atlas
2026-5-20 14:42:53-debug: lazy register asset handler label-atlas
2026-5-20 14:42:53-debug: lazy register asset handler render-pipeline
2026-5-20 14:42:53-debug: lazy register asset handler render-stage
2026-5-20 14:42:53-debug: lazy register asset handler render-flow
2026-5-20 14:42:53-debug: lazy register asset handler instantiation-material
2026-5-20 14:42:53-debug: lazy register asset handler instantiation-mesh
2026-5-20 14:42:53-debug: lazy register asset handler instantiation-skeleton
2026-5-20 14:42:53-debug: lazy register asset handler instantiation-animation
2026-5-20 14:42:53-debug: lazy register asset handler video-clip
2026-5-20 14:42:53-debug: lazy register asset handler prefab
2026-5-20 14:42:53-debug: lazy register asset handler render-texture
2026-5-20 14:42:53-debug: lazy register asset handler terrain
2026-5-20 14:42:53-debug: asset-db:worker-effect-data-processing (162ms)
2026-5-20 14:42:53-debug: asset-db-hook-engine-extends-afterStartDB (162ms)
2026-5-20 14:42:53-debug: asset-db:ready (4452ms)
2026-5-20 14:42:53-debug: asset-db:start-database (826ms)
2026-5-20 14:42:53-debug: init worker message success
2026-5-20 14:42:53-debug: programming:execute-script (4ms)
2026-5-20 14:42:53-debug: [Build Memory track]: builder:worker-init start:299.45MB, end 309.89MB, increase: 10.45MB
2026-5-20 14:42:53-debug: builder:worker-init (195ms)
2026-5-20 14:43:03-debug: Query all assets info in project
2026-5-20 14:43:03-debug: init custom config: keepNodeUuid: false, useCache: true
2026-5-20 14:43:03-debug: Skip compress image, progress: 0%
2026-5-20 14:43:03-debug: Init all bundles start..., progress: 0%
2026-5-20 14:43:03-debug: Num of bundles: 2..., progress: 0%
2026-5-20 14:43:03-debug: 查询 Asset Bundle start, progress: 0%
2026-5-20 14:43:03-debug: // ---- build task 查询 Asset Bundle ----
2026-5-20 14:43:03-debug: Init bundle root assets start..., progress: 0%
2026-5-20 14:43:03-debug: Query preload assets/scripts from cc.config.json: 60f7195c-ec2a-45eb-ba94-8955f60e81d0,1c02ae6f-4492-4915-b8f8-7492a3b1e4cd,810e96e4-e456-4468-9b59-f4e8f39732c0,efe8e2a3-eace-427b-b4f1-cb8a937ec77d,e9aa9a3e-5b2b-4ac7-a2c7-073de2b2b24f,8bbdbcdd-5cd4-4100-b6d5-b7c9625b6107,50f4348b-c883-4e2f-8f11-ce233b859fa1,fda095cb-831d-4601-ad94-846013963de8,f92806d7-1768-443f-afe8-12bcde84d0f0,dd3a144d-ab7f-41f0-82b8-2e43a090d496,f0416e68-0200-4b77-a926-4f9d16e494da,970b0598-bcb0-4714-91fb-2e81440dccd8,bcd64cc6-2dd9-43f6-abbe-66318d332032,d930590d-bb92-4cc8-8bd1-23cd027f9edf,a3cd009f-0ab0-420d-9278-b9fdab939bbc,6a2d0734-bd9e-4ddf-946e-caa52498cb75,c27215d8-6835-4b68-bfbb-bdeac6100c04,b5d6115f-0370-4d7c-aad3-c194cc71cf98,871c3b6c-7379-419d-bda3-794b239ab90d,ff9b0199-ce04-4cfe-86cc-6c719f08d6e4,de1c2107-70c8-4021-8459-6399f24d01c6,cbf30902-517f-40dc-af90-a550bac27cf1,5c601d96-e4c7-4698-991b-7ee674b11079
2026-5-20 14:43:03-debug:   Number of all scripts: 12
2026-5-20 14:43:03-debug:   Number of other assets: 338
2026-5-20 14:43:03-debug: Init bundle root assets success..., progress: 0%
2026-5-20 14:43:03-debug:   Number of all scenes: 2
2026-5-20 14:43:03-debug: // ---- build task 查询 Asset Bundle ---- (3ms)
2026-5-20 14:43:03-debug: [Build Memory track]: 查询 Asset Bundle start:222.90MB, end 223.57MB, increase: 685.41KB
2026-5-20 14:43:03-debug: 查询 Asset Bundle start, progress: 5%
2026-5-20 14:43:03-debug: // ---- build task 查询 Asset Bundle ----
2026-5-20 14:43:03-log: run build task 查询 Asset Bundle success in 3 ms√, progress: 5%
2026-5-20 14:43:03-debug: // ---- build task 查询 Asset Bundle ---- (1ms)
2026-5-20 14:43:03-log: run build task 查询 Asset Bundle success in 1 ms√, progress: 10%
2026-5-20 14:43:03-debug: [Build Memory track]: 查询 Asset Bundle start:223.61MB, end 223.73MB, increase: 119.05KB
2026-5-20 14:43:03-debug: 整理部分构建选项内数据到 settings.json start, progress: 10%
2026-5-20 14:43:03-debug: // ---- build task 整理部分构建选项内数据到 settings.json ----
2026-5-20 14:43:03-debug: // ---- build task 整理部分构建选项内数据到 settings.json ---- (2ms)
2026-5-20 14:43:03-debug: [Build Memory track]: 整理部分构建选项内数据到 settings.json start:223.77MB, end 223.80MB, increase: 33.46KB
2026-5-20 14:43:03-log: run build task 整理部分构建选项内数据到 settings.json success in 2 ms√, progress: 12%
2026-5-20 14:43:03-debug: 填充脚本数据到 settings.json start, progress: 12%
2026-5-20 14:43:03-debug: // ---- build task 填充脚本数据到 settings.json ----
2026-5-20 14:43:03-debug: // ---- build task 填充脚本数据到 settings.json ---- (1ms)
2026-5-20 14:43:03-debug: // ---- build task 整理部分构建选项内数据到 settings.json ----
2026-5-20 14:43:03-debug: [Build Memory track]: 填充脚本数据到 settings.json start:223.84MB, end 223.88MB, increase: 31.97KB
2026-5-20 14:43:03-debug: 整理部分构建选项内数据到 settings.json start, progress: 13%
2026-5-20 14:43:03-log: run build task 填充脚本数据到 settings.json success in 1 ms√, progress: 13%
2026-5-20 14:43:03-debug: // ---- build task 整理部分构建选项内数据到 settings.json ---- (2ms)
2026-5-20 14:43:03-log: run build task 整理部分构建选项内数据到 settings.json success in 2 ms√, progress: 15%
2026-5-20 14:43:03-debug: [Build Memory track]: 整理部分构建选项内数据到 settings.json start:223.92MB, end 224.06MB, increase: 143.85KB
2026-5-20 14:45:27-debug: refresh db internal success
2026-5-20 14:45:27-debug: %cImport%c: /Users/xiejianfeng/Downloads/Zuma/assets/Script/ZumaCurvePath.tsbackground: #aaff85; color: #000;color: #000;
2026-5-20 14:45:27-debug: refresh db assets success
2026-5-20 14:45:27-debug: Run asset db hook engine-extends:afterRefresh ...
2026-5-20 14:45:27-debug: Run asset db hook engine-extends:afterRefresh success!
2026-5-20 14:45:27-debug: asset-db:refresh-all-database (66ms)
2026-5-20 14:45:27-debug: asset-db:worker-effect-data-processing (2ms)
2026-5-20 14:45:27-debug: asset-db-hook-engine-extends-afterRefresh (2ms)
2026-5-20 14:45:50-debug: refresh db internal success
2026-5-20 14:45:50-debug: %cImport%c: /Users/xiejianfeng/Downloads/Zuma/assets/Script/ZumaCurvePath.tsbackground: #aaff85; color: #000;color: #000;
2026-5-20 14:45:50-debug: refresh db assets success
2026-5-20 14:45:50-debug: Run asset db hook engine-extends:afterRefresh ...
2026-5-20 14:45:50-debug: Run asset db hook engine-extends:afterRefresh success!
2026-5-20 14:45:50-debug: asset-db:refresh-all-database (59ms)
2026-5-20 14:45:50-debug: asset-db:worker-effect-data-processing (10ms)
2026-5-20 14:45:50-debug: asset-db-hook-engine-extends-afterRefresh (10ms)
2026-5-20 14:45:51-debug: %cImport%c: /Users/xiejianfeng/Downloads/Zuma/assets/Scene/Map1.scenebackground: #aaff85; color: #000;color: #000;
2026-5-20 14:45:51-debug: asset-db:reimport-assetba60efc0-dcd1-4d9b-a1fc-495b102b261d (4ms)
2026-5-20 14:45:53-debug: Query all assets info in project
2026-5-20 14:45:53-debug: init custom config: keepNodeUuid: false, useCache: true
2026-5-20 14:45:53-debug: Skip compress image, progress: 0%
2026-5-20 14:45:53-debug: Init all bundles start..., progress: 0%
2026-5-20 14:45:53-debug: Init bundle root assets start..., progress: 0%
2026-5-20 14:45:53-debug: Num of bundles: 2..., progress: 0%
2026-5-20 14:45:53-debug: 查询 Asset Bundle start, progress: 0%
2026-5-20 14:45:53-debug: // ---- build task 查询 Asset Bundle ----
2026-5-20 14:45:53-debug: Query preload assets/scripts from cc.config.json: 60f7195c-ec2a-45eb-ba94-8955f60e81d0,1c02ae6f-4492-4915-b8f8-7492a3b1e4cd,810e96e4-e456-4468-9b59-f4e8f39732c0,efe8e2a3-eace-427b-b4f1-cb8a937ec77d,e9aa9a3e-5b2b-4ac7-a2c7-073de2b2b24f,8bbdbcdd-5cd4-4100-b6d5-b7c9625b6107,50f4348b-c883-4e2f-8f11-ce233b859fa1,fda095cb-831d-4601-ad94-846013963de8,f92806d7-1768-443f-afe8-12bcde84d0f0,dd3a144d-ab7f-41f0-82b8-2e43a090d496,f0416e68-0200-4b77-a926-4f9d16e494da,970b0598-bcb0-4714-91fb-2e81440dccd8,bcd64cc6-2dd9-43f6-abbe-66318d332032,d930590d-bb92-4cc8-8bd1-23cd027f9edf,a3cd009f-0ab0-420d-9278-b9fdab939bbc,6a2d0734-bd9e-4ddf-946e-caa52498cb75,c27215d8-6835-4b68-bfbb-bdeac6100c04,b5d6115f-0370-4d7c-aad3-c194cc71cf98,871c3b6c-7379-419d-bda3-794b239ab90d,ff9b0199-ce04-4cfe-86cc-6c719f08d6e4,de1c2107-70c8-4021-8459-6399f24d01c6,cbf30902-517f-40dc-af90-a550bac27cf1,5c601d96-e4c7-4698-991b-7ee674b11079
2026-5-20 14:45:53-debug: Init bundle root assets success..., progress: 0%
2026-5-20 14:45:53-debug:   Number of all scenes: 2
2026-5-20 14:45:53-debug:   Number of all scripts: 12
2026-5-20 14:45:53-debug:   Number of other assets: 338
2026-5-20 14:45:53-debug: // ---- build task 查询 Asset Bundle ---- (3ms)
2026-5-20 14:45:53-log: run build task 查询 Asset Bundle success in 3 ms√, progress: 5%
2026-5-20 14:45:53-debug: [Build Memory track]: 查询 Asset Bundle start:224.62MB, end 224.37MB, increase: -250.20KB
2026-5-20 14:45:53-debug: 查询 Asset Bundle start, progress: 5%
2026-5-20 14:45:53-debug: // ---- build task 查询 Asset Bundle ----
2026-5-20 14:45:53-debug: // ---- build task 查询 Asset Bundle ---- (2ms)
2026-5-20 14:45:53-debug: 整理部分构建选项内数据到 settings.json start, progress: 10%
2026-5-20 14:45:53-debug: [Build Memory track]: 查询 Asset Bundle start:224.41MB, end 224.52MB, increase: 114.06KB
2026-5-20 14:45:53-log: run build task 查询 Asset Bundle success in 2 ms√, progress: 10%
2026-5-20 14:45:53-debug: // ---- build task 整理部分构建选项内数据到 settings.json ----
2026-5-20 14:45:53-debug: // ---- build task 整理部分构建选项内数据到 settings.json ---- (1ms)
2026-5-20 14:45:53-log: run build task 整理部分构建选项内数据到 settings.json success in 1 ms√, progress: 12%
2026-5-20 14:45:53-debug: [Build Memory track]: 整理部分构建选项内数据到 settings.json start:224.74MB, end 224.60MB, increase: -149.24KB
2026-5-20 14:45:53-debug: 填充脚本数据到 settings.json start, progress: 12%
2026-5-20 14:45:53-debug: // ---- build task 填充脚本数据到 settings.json ----
2026-5-20 14:45:53-log: run build task 填充脚本数据到 settings.json success in √, progress: 13%
2026-5-20 14:45:53-debug: [Build Memory track]: 填充脚本数据到 settings.json start:224.63MB, end 224.93MB, increase: 302.65KB
2026-5-20 14:45:53-debug: 整理部分构建选项内数据到 settings.json start, progress: 13%
2026-5-20 14:45:53-debug: // ---- build task 整理部分构建选项内数据到 settings.json ----
2026-5-20 14:45:53-debug: // ---- build task 整理部分构建选项内数据到 settings.json ---- (3ms)
2026-5-20 14:45:53-log: run build task 整理部分构建选项内数据到 settings.json success in 3 ms√, progress: 15%
2026-5-20 14:45:53-debug: [Build Memory track]: 整理部分构建选项内数据到 settings.json start:224.69MB, end 224.83MB, increase: 143.77KB
2026-5-20 14:46:06-debug: refresh db internal success
2026-5-20 14:46:06-debug: %cImport%c: /Users/xiejianfeng/Downloads/Zuma/assets/Script/ZumaCurvePath.tsbackground: #aaff85; color: #000;color: #000;
2026-5-20 14:46:06-debug: refresh db assets success
2026-5-20 14:46:06-debug: Run asset db hook engine-extends:afterRefresh ...
2026-5-20 14:46:06-debug: Run asset db hook engine-extends:afterRefresh success!
2026-5-20 14:46:06-debug: asset-db:refresh-all-database (38ms)
2026-5-20 14:46:06-debug: asset-db:worker-effect-data-processing (1ms)
2026-5-20 14:46:06-debug: asset-db-hook-engine-extends-afterRefresh (2ms)
2026-5-20 14:46:07-debug: Query all assets info in project
2026-5-20 14:46:07-debug: init custom config: keepNodeUuid: false, useCache: true
2026-5-20 14:46:07-debug: Skip compress image, progress: 0%
2026-5-20 14:46:07-debug: Init all bundles start..., progress: 0%
2026-5-20 14:46:07-debug: Num of bundles: 2..., progress: 0%
2026-5-20 14:46:07-debug: 查询 Asset Bundle start, progress: 0%
2026-5-20 14:46:07-debug: // ---- build task 查询 Asset Bundle ----
2026-5-20 14:46:07-debug: Init bundle root assets start..., progress: 0%
2026-5-20 14:46:07-debug: Query preload assets/scripts from cc.config.json: 60f7195c-ec2a-45eb-ba94-8955f60e81d0,1c02ae6f-4492-4915-b8f8-7492a3b1e4cd,810e96e4-e456-4468-9b59-f4e8f39732c0,efe8e2a3-eace-427b-b4f1-cb8a937ec77d,e9aa9a3e-5b2b-4ac7-a2c7-073de2b2b24f,8bbdbcdd-5cd4-4100-b6d5-b7c9625b6107,50f4348b-c883-4e2f-8f11-ce233b859fa1,fda095cb-831d-4601-ad94-846013963de8,f92806d7-1768-443f-afe8-12bcde84d0f0,dd3a144d-ab7f-41f0-82b8-2e43a090d496,f0416e68-0200-4b77-a926-4f9d16e494da,970b0598-bcb0-4714-91fb-2e81440dccd8,bcd64cc6-2dd9-43f6-abbe-66318d332032,d930590d-bb92-4cc8-8bd1-23cd027f9edf,a3cd009f-0ab0-420d-9278-b9fdab939bbc,6a2d0734-bd9e-4ddf-946e-caa52498cb75,c27215d8-6835-4b68-bfbb-bdeac6100c04,b5d6115f-0370-4d7c-aad3-c194cc71cf98,871c3b6c-7379-419d-bda3-794b239ab90d,ff9b0199-ce04-4cfe-86cc-6c719f08d6e4,de1c2107-70c8-4021-8459-6399f24d01c6,cbf30902-517f-40dc-af90-a550bac27cf1,5c601d96-e4c7-4698-991b-7ee674b11079
2026-5-20 14:46:07-debug: Init bundle root assets success..., progress: 0%
2026-5-20 14:46:07-debug:   Number of all scripts: 12
2026-5-20 14:46:07-debug:   Number of other assets: 338
2026-5-20 14:46:07-debug:   Number of all scenes: 2
2026-5-20 14:46:07-debug: // ---- build task 查询 Asset Bundle ---- (3ms)
2026-5-20 14:46:07-debug: 查询 Asset Bundle start, progress: 5%
2026-5-20 14:46:07-debug: [Build Memory track]: 查询 Asset Bundle start:226.09MB, end 225.65MB, increase: -449.58KB
2026-5-20 14:46:07-debug: // ---- build task 查询 Asset Bundle ----
2026-5-20 14:46:07-log: run build task 查询 Asset Bundle success in 3 ms√, progress: 5%
2026-5-20 14:46:07-debug: // ---- build task 查询 Asset Bundle ---- (1ms)
2026-5-20 14:46:07-debug: 整理部分构建选项内数据到 settings.json start, progress: 10%
2026-5-20 14:46:07-log: run build task 查询 Asset Bundle success in 1 ms√, progress: 10%
2026-5-20 14:46:07-debug: [Build Memory track]: 查询 Asset Bundle start:225.70MB, end 225.81MB, increase: 112.75KB
2026-5-20 14:46:07-debug: // ---- build task 整理部分构建选项内数据到 settings.json ----
2026-5-20 14:46:07-debug: // ---- build task 整理部分构建选项内数据到 settings.json ---- (1ms)
2026-5-20 14:46:07-debug: [Build Memory track]: 整理部分构建选项内数据到 settings.json start:225.85MB, end 225.88MB, increase: 31.39KB
2026-5-20 14:46:07-debug: 填充脚本数据到 settings.json start, progress: 12%
2026-5-20 14:46:07-debug: // ---- build task 填充脚本数据到 settings.json ----
2026-5-20 14:46:07-log: run build task 整理部分构建选项内数据到 settings.json success in 1 ms√, progress: 12%
2026-5-20 14:46:07-log: run build task 填充脚本数据到 settings.json success in √, progress: 13%
2026-5-20 14:46:07-debug: 整理部分构建选项内数据到 settings.json start, progress: 13%
2026-5-20 14:46:07-debug: [Build Memory track]: 填充脚本数据到 settings.json start:225.92MB, end 225.94MB, increase: 18.82KB
2026-5-20 14:46:07-debug: // ---- build task 整理部分构建选项内数据到 settings.json ----
2026-5-20 14:46:07-debug: // ---- build task 整理部分构建选项内数据到 settings.json ---- (1ms)
2026-5-20 14:46:07-log: run build task 整理部分构建选项内数据到 settings.json success in 1 ms√, progress: 15%
2026-5-20 14:46:07-debug: [Build Memory track]: 整理部分构建选项内数据到 settings.json start:225.98MB, end 226.11MB, increase: 132.66KB
2026-5-20 14:46:39-debug: refresh db internal success
2026-5-20 14:46:39-debug: %cImport%c: /Users/xiejianfeng/Downloads/Zuma/assets/Script/ZumaCurvePath.tsbackground: #aaff85; color: #000;color: #000;
2026-5-20 14:46:39-debug: refresh db assets success
2026-5-20 14:46:39-debug: Run asset db hook engine-extends:afterRefresh success!
2026-5-20 14:46:39-debug: Run asset db hook engine-extends:afterRefresh ...
2026-5-20 14:46:39-debug: asset-db:refresh-all-database (50ms)
2026-5-20 14:46:39-debug: asset-db:worker-effect-data-processing (1ms)
2026-5-20 14:46:39-debug: asset-db-hook-engine-extends-afterRefresh (1ms)
2026-5-20 14:46:41-debug: Query all assets info in project
2026-5-20 14:46:41-debug: init custom config: keepNodeUuid: false, useCache: true
2026-5-20 14:46:41-debug: Skip compress image, progress: 0%
2026-5-20 14:46:41-debug: Init all bundles start..., progress: 0%
2026-5-20 14:46:41-debug: // ---- build task 查询 Asset Bundle ----
2026-5-20 14:46:41-debug: Num of bundles: 2..., progress: 0%
2026-5-20 14:46:41-debug: 查询 Asset Bundle start, progress: 0%
2026-5-20 14:46:41-debug: Init bundle root assets start..., progress: 0%
2026-5-20 14:46:41-debug: Query preload assets/scripts from cc.config.json: 60f7195c-ec2a-45eb-ba94-8955f60e81d0,1c02ae6f-4492-4915-b8f8-7492a3b1e4cd,810e96e4-e456-4468-9b59-f4e8f39732c0,efe8e2a3-eace-427b-b4f1-cb8a937ec77d,e9aa9a3e-5b2b-4ac7-a2c7-073de2b2b24f,8bbdbcdd-5cd4-4100-b6d5-b7c9625b6107,50f4348b-c883-4e2f-8f11-ce233b859fa1,fda095cb-831d-4601-ad94-846013963de8,f92806d7-1768-443f-afe8-12bcde84d0f0,dd3a144d-ab7f-41f0-82b8-2e43a090d496,f0416e68-0200-4b77-a926-4f9d16e494da,970b0598-bcb0-4714-91fb-2e81440dccd8,bcd64cc6-2dd9-43f6-abbe-66318d332032,d930590d-bb92-4cc8-8bd1-23cd027f9edf,a3cd009f-0ab0-420d-9278-b9fdab939bbc,6a2d0734-bd9e-4ddf-946e-caa52498cb75,c27215d8-6835-4b68-bfbb-bdeac6100c04,b5d6115f-0370-4d7c-aad3-c194cc71cf98,871c3b6c-7379-419d-bda3-794b239ab90d,ff9b0199-ce04-4cfe-86cc-6c719f08d6e4,de1c2107-70c8-4021-8459-6399f24d01c6,cbf30902-517f-40dc-af90-a550bac27cf1,5c601d96-e4c7-4698-991b-7ee674b11079
2026-5-20 14:46:41-debug: Init bundle root assets success..., progress: 0%
2026-5-20 14:46:41-debug:   Number of all scripts: 12
2026-5-20 14:46:41-debug:   Number of other assets: 338
2026-5-20 14:46:41-debug:   Number of all scenes: 2
2026-5-20 14:46:41-debug: // ---- build task 查询 Asset Bundle ---- (5ms)
2026-5-20 14:46:41-debug: 查询 Asset Bundle start, progress: 5%
2026-5-20 14:46:41-debug: [Build Memory track]: 查询 Asset Bundle start:227.12MB, end 226.85MB, increase: -278.71KB
2026-5-20 14:46:41-debug: // ---- build task 查询 Asset Bundle ----
2026-5-20 14:46:41-log: run build task 查询 Asset Bundle success in 5 ms√, progress: 5%
2026-5-20 14:46:41-debug: // ---- build task 查询 Asset Bundle ---- (1ms)
2026-5-20 14:46:41-debug: // ---- build task 整理部分构建选项内数据到 settings.json ----
2026-5-20 14:46:41-debug: [Build Memory track]: 查询 Asset Bundle start:226.89MB, end 227.00MB, increase: 116.66KB
2026-5-20 14:46:41-debug: 整理部分构建选项内数据到 settings.json start, progress: 10%
2026-5-20 14:46:41-log: run build task 查询 Asset Bundle success in 1 ms√, progress: 10%
2026-5-20 14:46:41-debug: // ---- build task 整理部分构建选项内数据到 settings.json ---- (1ms)
2026-5-20 14:46:41-debug: 填充脚本数据到 settings.json start, progress: 12%
2026-5-20 14:46:41-debug: [Build Memory track]: 整理部分构建选项内数据到 settings.json start:227.04MB, end 227.07MB, increase: 29.24KB
2026-5-20 14:46:41-debug: // ---- build task 填充脚本数据到 settings.json ----
2026-5-20 14:46:41-log: run build task 整理部分构建选项内数据到 settings.json success in 1 ms√, progress: 12%
2026-5-20 14:46:41-debug: [Build Memory track]: 填充脚本数据到 settings.json start:227.11MB, end 227.12MB, increase: 18.77KB
2026-5-20 14:46:41-log: run build task 填充脚本数据到 settings.json success in √, progress: 13%
2026-5-20 14:46:41-debug: 整理部分构建选项内数据到 settings.json start, progress: 13%
2026-5-20 14:46:41-debug: // ---- build task 整理部分构建选项内数据到 settings.json ----
2026-5-20 14:46:41-debug: // ---- build task 整理部分构建选项内数据到 settings.json ---- (3ms)
2026-5-20 14:46:41-log: run build task 整理部分构建选项内数据到 settings.json success in 3 ms√, progress: 15%
2026-5-20 14:46:41-debug: [Build Memory track]: 整理部分构建选项内数据到 settings.json start:227.16MB, end 227.29MB, increase: 130.61KB
2026-5-20 14:46:53-debug: Query all assets info in project
2026-5-20 14:46:53-debug: init custom config: keepNodeUuid: false, useCache: true
2026-5-20 14:46:53-debug: Skip compress image, progress: 0%
2026-5-20 14:46:53-debug: Init all bundles start..., progress: 0%
2026-5-20 14:46:53-debug: Num of bundles: 2..., progress: 0%
2026-5-20 14:46:53-debug: 查询 Asset Bundle start, progress: 0%
2026-5-20 14:46:53-debug: // ---- build task 查询 Asset Bundle ----
2026-5-20 14:46:53-debug: Init bundle root assets start..., progress: 0%
2026-5-20 14:46:53-debug: Query preload assets/scripts from cc.config.json: 60f7195c-ec2a-45eb-ba94-8955f60e81d0,1c02ae6f-4492-4915-b8f8-7492a3b1e4cd,810e96e4-e456-4468-9b59-f4e8f39732c0,efe8e2a3-eace-427b-b4f1-cb8a937ec77d,e9aa9a3e-5b2b-4ac7-a2c7-073de2b2b24f,8bbdbcdd-5cd4-4100-b6d5-b7c9625b6107,50f4348b-c883-4e2f-8f11-ce233b859fa1,fda095cb-831d-4601-ad94-846013963de8,f92806d7-1768-443f-afe8-12bcde84d0f0,dd3a144d-ab7f-41f0-82b8-2e43a090d496,f0416e68-0200-4b77-a926-4f9d16e494da,970b0598-bcb0-4714-91fb-2e81440dccd8,bcd64cc6-2dd9-43f6-abbe-66318d332032,d930590d-bb92-4cc8-8bd1-23cd027f9edf,a3cd009f-0ab0-420d-9278-b9fdab939bbc,6a2d0734-bd9e-4ddf-946e-caa52498cb75,c27215d8-6835-4b68-bfbb-bdeac6100c04,b5d6115f-0370-4d7c-aad3-c194cc71cf98,871c3b6c-7379-419d-bda3-794b239ab90d,ff9b0199-ce04-4cfe-86cc-6c719f08d6e4,de1c2107-70c8-4021-8459-6399f24d01c6,cbf30902-517f-40dc-af90-a550bac27cf1,5c601d96-e4c7-4698-991b-7ee674b11079
2026-5-20 14:46:53-debug: Init bundle root assets success..., progress: 0%
2026-5-20 14:46:53-debug:   Number of all scripts: 12
2026-5-20 14:46:53-debug:   Number of other assets: 338
2026-5-20 14:46:53-debug:   Number of all scenes: 2
2026-5-20 14:46:53-debug: // ---- build task 查询 Asset Bundle ---- (3ms)
2026-5-20 14:46:53-debug: // ---- build task 查询 Asset Bundle ----
2026-5-20 14:46:53-log: run build task 查询 Asset Bundle success in 3 ms√, progress: 5%
2026-5-20 14:46:53-debug: 查询 Asset Bundle start, progress: 5%
2026-5-20 14:46:53-debug: [Build Memory track]: 查询 Asset Bundle start:227.78MB, end 227.49MB, increase: -294.53KB
2026-5-20 14:46:53-debug: // ---- build task 查询 Asset Bundle ---- (1ms)
2026-5-20 14:46:53-log: run build task 查询 Asset Bundle success in 1 ms√, progress: 10%
2026-5-20 14:46:53-debug: [Build Memory track]: 查询 Asset Bundle start:227.53MB, end 227.64MB, increase: 113.27KB
2026-5-20 14:46:53-debug: 整理部分构建选项内数据到 settings.json start, progress: 10%
2026-5-20 14:46:53-debug: // ---- build task 整理部分构建选项内数据到 settings.json ----
2026-5-20 14:46:53-debug: // ---- build task 整理部分构建选项内数据到 settings.json ---- (1ms)
2026-5-20 14:46:53-log: run build task 整理部分构建选项内数据到 settings.json success in 1 ms√, progress: 12%
2026-5-20 14:46:53-debug: [Build Memory track]: 整理部分构建选项内数据到 settings.json start:227.68MB, end 227.72MB, increase: 39.98KB
2026-5-20 14:46:53-debug: 填充脚本数据到 settings.json start, progress: 12%
2026-5-20 14:46:53-debug: // ---- build task 填充脚本数据到 settings.json ----
2026-5-20 14:46:53-log: run build task 填充脚本数据到 settings.json success in √, progress: 13%
2026-5-20 14:46:53-debug: // ---- build task 整理部分构建选项内数据到 settings.json ----
2026-5-20 14:46:53-debug: 整理部分构建选项内数据到 settings.json start, progress: 13%
2026-5-20 14:46:53-debug: [Build Memory track]: 填充脚本数据到 settings.json start:227.76MB, end 227.63MB, increase: -131.02KB
2026-5-20 14:46:53-debug: // ---- build task 整理部分构建选项内数据到 settings.json ---- (3ms)
2026-5-20 14:46:53-log: run build task 整理部分构建选项内数据到 settings.json success in 3 ms√, progress: 15%
2026-5-20 14:46:53-debug: [Build Memory track]: 整理部分构建选项内数据到 settings.json start:227.05MB, end 227.18MB, increase: 130.51KB
2026-5-20 14:52:46-debug: refresh db internal success
2026-5-20 14:52:46-debug: %cImport%c: /Users/xiejianfeng/Downloads/Zuma/assets/Script/ZumaCurvePath.tsbackground: #aaff85; color: #000;color: #000;
2026-5-20 14:52:46-debug: refresh db assets success
2026-5-20 14:52:46-debug: Run asset db hook engine-extends:afterRefresh ...
2026-5-20 14:52:46-debug: Run asset db hook engine-extends:afterRefresh success!
2026-5-20 14:52:46-debug: asset-db:refresh-all-database (66ms)
2026-5-20 14:52:46-debug: asset-db-hook-engine-extends-afterRefresh (2ms)
2026-5-20 14:52:46-debug: asset-db:worker-effect-data-processing (1ms)
2026-5-20 14:52:48-debug: %cImport%c: /Users/xiejianfeng/Downloads/Zuma/assets/Scene/Map1.scenebackground: #aaff85; color: #000;color: #000;
2026-5-20 14:52:48-debug: asset-db:reimport-assetba60efc0-dcd1-4d9b-a1fc-495b102b261d (9ms)
2026-5-20 14:52:49-debug: Query all assets info in project
2026-5-20 14:52:49-debug: init custom config: keepNodeUuid: false, useCache: true
2026-5-20 14:52:49-debug: Skip compress image, progress: 0%
2026-5-20 14:52:49-debug: Init all bundles start..., progress: 0%
2026-5-20 14:52:49-debug: Num of bundles: 2..., progress: 0%
2026-5-20 14:52:49-debug: 查询 Asset Bundle start, progress: 0%
2026-5-20 14:52:49-debug: // ---- build task 查询 Asset Bundle ----
2026-5-20 14:52:49-debug: Init bundle root assets start..., progress: 0%
2026-5-20 14:52:49-debug: Query preload assets/scripts from cc.config.json: 60f7195c-ec2a-45eb-ba94-8955f60e81d0,1c02ae6f-4492-4915-b8f8-7492a3b1e4cd,810e96e4-e456-4468-9b59-f4e8f39732c0,efe8e2a3-eace-427b-b4f1-cb8a937ec77d,e9aa9a3e-5b2b-4ac7-a2c7-073de2b2b24f,8bbdbcdd-5cd4-4100-b6d5-b7c9625b6107,50f4348b-c883-4e2f-8f11-ce233b859fa1,fda095cb-831d-4601-ad94-846013963de8,f92806d7-1768-443f-afe8-12bcde84d0f0,dd3a144d-ab7f-41f0-82b8-2e43a090d496,f0416e68-0200-4b77-a926-4f9d16e494da,970b0598-bcb0-4714-91fb-2e81440dccd8,bcd64cc6-2dd9-43f6-abbe-66318d332032,d930590d-bb92-4cc8-8bd1-23cd027f9edf,a3cd009f-0ab0-420d-9278-b9fdab939bbc,6a2d0734-bd9e-4ddf-946e-caa52498cb75,c27215d8-6835-4b68-bfbb-bdeac6100c04,b5d6115f-0370-4d7c-aad3-c194cc71cf98,871c3b6c-7379-419d-bda3-794b239ab90d,ff9b0199-ce04-4cfe-86cc-6c719f08d6e4,de1c2107-70c8-4021-8459-6399f24d01c6,cbf30902-517f-40dc-af90-a550bac27cf1,5c601d96-e4c7-4698-991b-7ee674b11079
2026-5-20 14:52:49-debug: Init bundle root assets success..., progress: 0%
2026-5-20 14:52:49-debug:   Number of all scripts: 12
2026-5-20 14:52:49-debug:   Number of other assets: 338
2026-5-20 14:52:49-debug:   Number of all scenes: 2
2026-5-20 14:52:49-log: run build task 查询 Asset Bundle success in 5 ms√, progress: 5%
2026-5-20 14:52:49-log: run build task 查询 Asset Bundle success in 1 ms√, progress: 10%
2026-5-20 14:52:49-debug: [Build Memory track]: 查询 Asset Bundle start:228.97MB, end 228.83MB, increase: -136.69KB
2026-5-20 14:52:49-debug: // ---- build task 查询 Asset Bundle ---- (1ms)
2026-5-20 14:52:49-debug: // ---- build task 查询 Asset Bundle ---- (5ms)
2026-5-20 14:52:49-debug: 查询 Asset Bundle start, progress: 5%
2026-5-20 14:52:49-debug: // ---- build task 查询 Asset Bundle ----
2026-5-20 14:52:49-debug: [Build Memory track]: 查询 Asset Bundle start:228.87MB, end 229.16MB, increase: 301.16KB
2026-5-20 14:52:49-debug: // ---- build task 整理部分构建选项内数据到 settings.json ---- (1ms)
2026-5-20 14:52:49-log: run build task 整理部分构建选项内数据到 settings.json success in 1 ms√, progress: 12%
2026-5-20 14:52:49-debug: // ---- build task 整理部分构建选项内数据到 settings.json ----
2026-5-20 14:52:49-debug: 整理部分构建选项内数据到 settings.json start, progress: 10%
2026-5-20 14:52:49-debug: // ---- build task 填充脚本数据到 settings.json ---- (1ms)
2026-5-20 14:52:49-log: run build task 填充脚本数据到 settings.json success in 1 ms√, progress: 13%
2026-5-20 14:52:49-debug: [Build Memory track]: 填充脚本数据到 settings.json start:229.27MB, end 228.35MB, increase: -935.78KB
2026-5-20 14:52:49-debug: 整理部分构建选项内数据到 settings.json start, progress: 13%
2026-5-20 14:52:49-debug: // ---- build task 整理部分构建选项内数据到 settings.json ----
2026-5-20 14:52:49-debug: [Build Memory track]: 整理部分构建选项内数据到 settings.json start:229.20MB, end 229.23MB, increase: 29.27KB
2026-5-20 14:52:49-debug: 填充脚本数据到 settings.json start, progress: 12%
2026-5-20 14:52:49-debug: // ---- build task 填充脚本数据到 settings.json ----
2026-5-20 14:52:49-debug: // ---- build task 整理部分构建选项内数据到 settings.json ---- (3ms)
2026-5-20 14:52:49-debug: [Build Memory track]: 整理部分构建选项内数据到 settings.json start:228.39MB, end 228.54MB, increase: 150.39KB
2026-5-20 14:52:49-log: run build task 整理部分构建选项内数据到 settings.json success in 3 ms√, progress: 15%
2026-5-20 14:53:06-debug: Query all assets info in project
2026-5-20 14:53:06-debug: init custom config: keepNodeUuid: false, useCache: true
2026-5-20 14:53:06-debug: Skip compress image, progress: 0%
2026-5-20 14:53:06-debug: Init all bundles start..., progress: 0%
2026-5-20 14:53:06-debug: Num of bundles: 2..., progress: 0%
2026-5-20 14:53:06-debug: 查询 Asset Bundle start, progress: 0%
2026-5-20 14:53:06-debug: // ---- build task 查询 Asset Bundle ----
2026-5-20 14:53:06-debug: Init bundle root assets start..., progress: 0%
2026-5-20 14:53:06-debug: Query preload assets/scripts from cc.config.json: 60f7195c-ec2a-45eb-ba94-8955f60e81d0,1c02ae6f-4492-4915-b8f8-7492a3b1e4cd,810e96e4-e456-4468-9b59-f4e8f39732c0,efe8e2a3-eace-427b-b4f1-cb8a937ec77d,e9aa9a3e-5b2b-4ac7-a2c7-073de2b2b24f,8bbdbcdd-5cd4-4100-b6d5-b7c9625b6107,50f4348b-c883-4e2f-8f11-ce233b859fa1,fda095cb-831d-4601-ad94-846013963de8,f92806d7-1768-443f-afe8-12bcde84d0f0,dd3a144d-ab7f-41f0-82b8-2e43a090d496,f0416e68-0200-4b77-a926-4f9d16e494da,970b0598-bcb0-4714-91fb-2e81440dccd8,bcd64cc6-2dd9-43f6-abbe-66318d332032,d930590d-bb92-4cc8-8bd1-23cd027f9edf,a3cd009f-0ab0-420d-9278-b9fdab939bbc,6a2d0734-bd9e-4ddf-946e-caa52498cb75,c27215d8-6835-4b68-bfbb-bdeac6100c04,b5d6115f-0370-4d7c-aad3-c194cc71cf98,871c3b6c-7379-419d-bda3-794b239ab90d,ff9b0199-ce04-4cfe-86cc-6c719f08d6e4,de1c2107-70c8-4021-8459-6399f24d01c6,cbf30902-517f-40dc-af90-a550bac27cf1,5c601d96-e4c7-4698-991b-7ee674b11079
2026-5-20 14:53:06-debug:   Number of all scenes: 2
2026-5-20 14:53:06-debug:   Number of all scripts: 12
2026-5-20 14:53:06-debug:   Number of other assets: 338
2026-5-20 14:53:06-debug: Init bundle root assets success..., progress: 0%
2026-5-20 14:53:06-debug: // ---- build task 查询 Asset Bundle ---- (3ms)
2026-5-20 14:53:06-debug: // ---- build task 查询 Asset Bundle ----
2026-5-20 14:53:06-log: run build task 查询 Asset Bundle success in 3 ms√, progress: 5%
2026-5-20 14:53:06-debug: 查询 Asset Bundle start, progress: 5%
2026-5-20 14:53:06-debug: [Build Memory track]: 查询 Asset Bundle start:228.87MB, end 228.50MB, increase: -386.59KB
2026-5-20 14:53:06-debug: // ---- build task 查询 Asset Bundle ---- (1ms)
2026-5-20 14:53:06-log: run build task 查询 Asset Bundle success in 1 ms√, progress: 10%
2026-5-20 14:53:06-debug: 整理部分构建选项内数据到 settings.json start, progress: 10%
2026-5-20 14:53:06-debug: [Build Memory track]: 查询 Asset Bundle start:229.00MB, end 228.64MB, increase: -371.60KB
2026-5-20 14:53:06-debug: // ---- build task 整理部分构建选项内数据到 settings.json ----
2026-5-20 14:53:06-debug: // ---- build task 整理部分构建选项内数据到 settings.json ---- (1ms)
2026-5-20 14:53:06-log: run build task 整理部分构建选项内数据到 settings.json success in 1 ms√, progress: 12%
2026-5-20 14:53:06-debug: [Build Memory track]: 整理部分构建选项内数据到 settings.json start:228.66MB, end 228.69MB, increase: 24.44KB
2026-5-20 14:53:06-debug: 填充脚本数据到 settings.json start, progress: 12%
2026-5-20 14:53:06-debug: // ---- build task 填充脚本数据到 settings.json ----
2026-5-20 14:53:06-log: run build task 填充脚本数据到 settings.json success in √, progress: 13%
2026-5-20 14:53:06-debug: // ---- build task 整理部分构建选项内数据到 settings.json ----
2026-5-20 14:53:06-debug: [Build Memory track]: 填充脚本数据到 settings.json start:228.72MB, end 228.73MB, increase: 15.32KB
2026-5-20 14:53:06-debug: 整理部分构建选项内数据到 settings.json start, progress: 13%
2026-5-20 14:53:06-debug: // ---- build task 整理部分构建选项内数据到 settings.json ---- (3ms)
2026-5-20 14:53:06-log: run build task 整理部分构建选项内数据到 settings.json success in 3 ms√, progress: 15%
2026-5-20 14:53:06-debug: [Build Memory track]: 整理部分构建选项内数据到 settings.json start:228.76MB, end 228.88MB, increase: 124.84KB
2026-5-20 14:54:22-debug: refresh db internal success
2026-5-20 14:54:22-debug: refresh db assets success
2026-5-20 14:54:22-debug: Run asset db hook engine-extends:afterRefresh ...
2026-5-20 14:54:22-debug: Run asset db hook engine-extends:afterRefresh success!
2026-5-20 14:54:22-debug: asset-db:refresh-all-database (47ms)
2026-5-20 14:54:22-debug: asset-db:worker-effect-data-processing (1ms)
2026-5-20 14:54:22-debug: asset-db-hook-engine-extends-afterRefresh (1ms)
2026-5-20 14:54:28-debug: refresh db internal success
2026-5-20 14:54:28-debug: refresh db assets success
2026-5-20 14:54:28-debug: Run asset db hook engine-extends:afterRefresh ...
2026-5-20 14:54:28-debug: Run asset db hook engine-extends:afterRefresh success!
2026-5-20 14:54:28-debug: asset-db:refresh-all-database (38ms)
2026-5-20 14:54:28-debug: asset-db:worker-effect-data-processing (1ms)
2026-5-20 14:54:28-debug: asset-db-hook-engine-extends-afterRefresh (1ms)
2026-5-20 14:54:31-debug: %cImport%c: /Users/xiejianfeng/Downloads/Zuma/assets/Scene/Map1.scenebackground: #aaff85; color: #000;color: #000;
2026-5-20 14:54:31-debug: asset-db:reimport-assetba60efc0-dcd1-4d9b-a1fc-495b102b261d (6ms)
2026-5-20 14:54:37-debug: refresh db internal success
2026-5-20 14:54:37-debug: refresh db assets success
2026-5-20 14:54:37-debug: Run asset db hook engine-extends:afterRefresh ...
2026-5-20 14:54:37-debug: Run asset db hook engine-extends:afterRefresh success!
2026-5-20 14:54:37-debug: asset-db:refresh-all-database (45ms)
2026-5-20 14:54:47-debug: Query all assets info in project
2026-5-20 14:54:47-debug: init custom config: keepNodeUuid: false, useCache: true
2026-5-20 14:54:47-debug: Skip compress image, progress: 0%
2026-5-20 14:54:47-debug: Init all bundles start..., progress: 0%
2026-5-20 14:54:47-debug: Init bundle root assets start..., progress: 0%
2026-5-20 14:54:47-debug: 查询 Asset Bundle start, progress: 0%
2026-5-20 14:54:47-debug: // ---- build task 查询 Asset Bundle ----
2026-5-20 14:54:47-debug: Num of bundles: 2..., progress: 0%
2026-5-20 14:54:47-debug: Query preload assets/scripts from cc.config.json: 60f7195c-ec2a-45eb-ba94-8955f60e81d0,1c02ae6f-4492-4915-b8f8-7492a3b1e4cd,810e96e4-e456-4468-9b59-f4e8f39732c0,efe8e2a3-eace-427b-b4f1-cb8a937ec77d,e9aa9a3e-5b2b-4ac7-a2c7-073de2b2b24f,8bbdbcdd-5cd4-4100-b6d5-b7c9625b6107,50f4348b-c883-4e2f-8f11-ce233b859fa1,fda095cb-831d-4601-ad94-846013963de8,f92806d7-1768-443f-afe8-12bcde84d0f0,dd3a144d-ab7f-41f0-82b8-2e43a090d496,f0416e68-0200-4b77-a926-4f9d16e494da,970b0598-bcb0-4714-91fb-2e81440dccd8,bcd64cc6-2dd9-43f6-abbe-66318d332032,d930590d-bb92-4cc8-8bd1-23cd027f9edf,a3cd009f-0ab0-420d-9278-b9fdab939bbc,6a2d0734-bd9e-4ddf-946e-caa52498cb75,c27215d8-6835-4b68-bfbb-bdeac6100c04,b5d6115f-0370-4d7c-aad3-c194cc71cf98,871c3b6c-7379-419d-bda3-794b239ab90d,ff9b0199-ce04-4cfe-86cc-6c719f08d6e4,de1c2107-70c8-4021-8459-6399f24d01c6,cbf30902-517f-40dc-af90-a550bac27cf1,5c601d96-e4c7-4698-991b-7ee674b11079
2026-5-20 14:54:47-debug:   Number of all scripts: 12
2026-5-20 14:54:47-debug:   Number of other assets: 338
2026-5-20 14:54:47-debug:   Number of all scenes: 2
2026-5-20 14:54:47-debug: Init bundle root assets success..., progress: 0%
2026-5-20 14:54:47-debug: // ---- build task 查询 Asset Bundle ---- (3ms)
2026-5-20 14:54:47-log: run build task 查询 Asset Bundle success in 3 ms√, progress: 5%
2026-5-20 14:54:47-debug: [Build Memory track]: 查询 Asset Bundle start:230.58MB, end 230.36MB, increase: -216.85KB
2026-5-20 14:54:47-debug: 查询 Asset Bundle start, progress: 5%
2026-5-20 14:54:47-debug: // ---- build task 查询 Asset Bundle ----
2026-5-20 14:54:47-debug: // ---- build task 查询 Asset Bundle ---- (2ms)
2026-5-20 14:54:47-debug: 整理部分构建选项内数据到 settings.json start, progress: 10%
2026-5-20 14:54:47-log: run build task 查询 Asset Bundle success in 2 ms√, progress: 10%
2026-5-20 14:54:47-debug: // ---- build task 整理部分构建选项内数据到 settings.json ----
2026-5-20 14:54:47-debug: [Build Memory track]: 查询 Asset Bundle start:230.39MB, end 230.49MB, increase: 106.04KB
2026-5-20 14:54:47-debug: // ---- build task 整理部分构建选项内数据到 settings.json ---- (1ms)
2026-5-20 14:54:47-log: run build task 整理部分构建选项内数据到 settings.json success in 1 ms√, progress: 12%
2026-5-20 14:54:47-debug: // ---- build task 填充脚本数据到 settings.json ----
2026-5-20 14:54:47-debug: 填充脚本数据到 settings.json start, progress: 12%
2026-5-20 14:54:47-debug: [Build Memory track]: 整理部分构建选项内数据到 settings.json start:230.52MB, end 230.55MB, increase: 27.61KB
2026-5-20 14:54:47-debug: // ---- build task 填充脚本数据到 settings.json ---- (1ms)
2026-5-20 14:54:47-log: run build task 填充脚本数据到 settings.json success in 1 ms√, progress: 13%
2026-5-20 14:54:47-debug: [Build Memory track]: 填充脚本数据到 settings.json start:230.57MB, end 230.60MB, increase: 24.05KB
2026-5-20 14:54:47-debug: // ---- build task 整理部分构建选项内数据到 settings.json ----
2026-5-20 14:54:47-debug: 整理部分构建选项内数据到 settings.json start, progress: 13%
2026-5-20 14:54:47-debug: // ---- build task 整理部分构建选项内数据到 settings.json ---- (3ms)
2026-5-20 14:54:47-log: run build task 整理部分构建选项内数据到 settings.json success in 3 ms√, progress: 15%
2026-5-20 14:54:47-debug: [Build Memory track]: 整理部分构建选项内数据到 settings.json start:230.63MB, end 230.75MB, increase: 127.79KB
2026-5-20 15:07:01-debug: refresh db internal success
2026-5-20 15:07:01-debug: %cImport%c: /Users/xiejianfeng/Downloads/Zuma/assets/Script/ZumaCurvePath.tsbackground: #aaff85; color: #000;color: #000;
2026-5-20 15:07:01-debug: Run asset db hook engine-extends:afterRefresh ...
2026-5-20 15:07:01-debug: refresh db assets success
2026-5-20 15:07:01-debug: Run asset db hook engine-extends:afterRefresh success!
2026-5-20 15:07:01-debug: asset-db:refresh-all-database (58ms)
2026-5-20 15:07:01-debug: asset-db:worker-effect-data-processing (2ms)
2026-5-20 15:07:01-debug: asset-db-hook-engine-extends-afterRefresh (3ms)
2026-5-20 15:07:03-debug: Query all assets info in project
2026-5-20 15:07:03-debug: init custom config: keepNodeUuid: false, useCache: true
2026-5-20 15:07:03-debug: Skip compress image, progress: 0%
2026-5-20 15:07:03-debug: Init all bundles start..., progress: 0%
2026-5-20 15:07:03-debug: Num of bundles: 2..., progress: 0%
2026-5-20 15:07:03-debug: // ---- build task 查询 Asset Bundle ----
2026-5-20 15:07:03-debug: 查询 Asset Bundle start, progress: 0%
2026-5-20 15:07:03-debug: Init bundle root assets start..., progress: 0%
2026-5-20 15:07:03-debug: Query preload assets/scripts from cc.config.json: 60f7195c-ec2a-45eb-ba94-8955f60e81d0,1c02ae6f-4492-4915-b8f8-7492a3b1e4cd,810e96e4-e456-4468-9b59-f4e8f39732c0,efe8e2a3-eace-427b-b4f1-cb8a937ec77d,e9aa9a3e-5b2b-4ac7-a2c7-073de2b2b24f,8bbdbcdd-5cd4-4100-b6d5-b7c9625b6107,50f4348b-c883-4e2f-8f11-ce233b859fa1,fda095cb-831d-4601-ad94-846013963de8,f92806d7-1768-443f-afe8-12bcde84d0f0,dd3a144d-ab7f-41f0-82b8-2e43a090d496,f0416e68-0200-4b77-a926-4f9d16e494da,970b0598-bcb0-4714-91fb-2e81440dccd8,bcd64cc6-2dd9-43f6-abbe-66318d332032,d930590d-bb92-4cc8-8bd1-23cd027f9edf,a3cd009f-0ab0-420d-9278-b9fdab939bbc,6a2d0734-bd9e-4ddf-946e-caa52498cb75,c27215d8-6835-4b68-bfbb-bdeac6100c04,b5d6115f-0370-4d7c-aad3-c194cc71cf98,871c3b6c-7379-419d-bda3-794b239ab90d,ff9b0199-ce04-4cfe-86cc-6c719f08d6e4,de1c2107-70c8-4021-8459-6399f24d01c6,cbf30902-517f-40dc-af90-a550bac27cf1,5c601d96-e4c7-4698-991b-7ee674b11079
2026-5-20 15:07:03-debug:   Number of all scenes: 2
2026-5-20 15:07:03-debug:   Number of all scripts: 12
2026-5-20 15:07:03-debug:   Number of other assets: 338
2026-5-20 15:07:03-debug: Init bundle root assets success..., progress: 0%
2026-5-20 15:07:03-debug: // ---- build task 查询 Asset Bundle ---- (3ms)
2026-5-20 15:07:03-debug: // ---- build task 查询 Asset Bundle ----
2026-5-20 15:07:03-log: run build task 查询 Asset Bundle success in 3 ms√, progress: 5%
2026-5-20 15:07:03-debug: 查询 Asset Bundle start, progress: 5%
2026-5-20 15:07:03-debug: [Build Memory track]: 查询 Asset Bundle start:231.47MB, end 231.07MB, increase: -403.34KB
2026-5-20 15:07:03-debug: // ---- build task 查询 Asset Bundle ---- (1ms)
2026-5-20 15:07:03-debug: // ---- build task 整理部分构建选项内数据到 settings.json ----
2026-5-20 15:07:03-log: run build task 查询 Asset Bundle success in 1 ms√, progress: 10%
2026-5-20 15:07:03-debug: 整理部分构建选项内数据到 settings.json start, progress: 10%
2026-5-20 15:07:03-debug: [Build Memory track]: 查询 Asset Bundle start:231.36MB, end 231.56MB, increase: 198.59KB
2026-5-20 15:07:03-debug: // ---- build task 整理部分构建选项内数据到 settings.json ---- (1ms)
2026-5-20 15:07:03-log: run build task 整理部分构建选项内数据到 settings.json success in 1 ms√, progress: 12%
2026-5-20 15:07:03-debug: [Build Memory track]: 整理部分构建选项内数据到 settings.json start:231.58MB, end 231.28MB, increase: -307.57KB
2026-5-20 15:07:03-debug: 填充脚本数据到 settings.json start, progress: 12%
2026-5-20 15:07:03-debug: // ---- build task 填充脚本数据到 settings.json ----
2026-5-20 15:07:03-debug: // ---- build task 填充脚本数据到 settings.json ---- (1ms)
2026-5-20 15:07:03-log: run build task 填充脚本数据到 settings.json success in 1 ms√, progress: 13%
2026-5-20 15:07:03-debug: [Build Memory track]: 填充脚本数据到 settings.json start:231.31MB, end 231.33MB, increase: 25.43KB
2026-5-20 15:07:03-debug: 整理部分构建选项内数据到 settings.json start, progress: 13%
2026-5-20 15:07:03-debug: // ---- build task 整理部分构建选项内数据到 settings.json ----
2026-5-20 15:07:03-debug: // ---- build task 整理部分构建选项内数据到 settings.json ---- (3ms)
2026-5-20 15:07:03-log: run build task 整理部分构建选项内数据到 settings.json success in 3 ms√, progress: 15%
2026-5-20 15:07:03-debug: [Build Memory track]: 整理部分构建选项内数据到 settings.json start:231.36MB, end 231.49MB, increase: 132.98KB
2026-5-20 15:09:10-debug: refresh db internal success
2026-5-20 15:09:10-debug: %cImport%c: /Users/xiejianfeng/Downloads/Zuma/assets/Script/ZumaCurvePath.tsbackground: #aaff85; color: #000;color: #000;
2026-5-20 15:09:10-debug: refresh db assets success
2026-5-20 15:09:10-debug: Run asset db hook engine-extends:afterRefresh ...
2026-5-20 15:09:10-debug: Run asset db hook engine-extends:afterRefresh success!
2026-5-20 15:09:10-debug: asset-db:refresh-all-database (43ms)
2026-5-20 15:09:10-debug: asset-db:worker-effect-data-processing (2ms)
2026-5-20 15:09:10-debug: asset-db-hook-engine-extends-afterRefresh (2ms)
2026-5-20 15:09:12-debug: Query all assets info in project
2026-5-20 15:09:12-debug: init custom config: keepNodeUuid: false, useCache: true
2026-5-20 15:09:12-debug: Skip compress image, progress: 0%
2026-5-20 15:09:12-debug: Init all bundles start..., progress: 0%
2026-5-20 15:09:12-debug: Num of bundles: 2..., progress: 0%
2026-5-20 15:09:12-debug: 查询 Asset Bundle start, progress: 0%
2026-5-20 15:09:12-debug: Init bundle root assets start..., progress: 0%
2026-5-20 15:09:12-debug: // ---- build task 查询 Asset Bundle ----
2026-5-20 15:09:12-debug: Query preload assets/scripts from cc.config.json: 60f7195c-ec2a-45eb-ba94-8955f60e81d0,1c02ae6f-4492-4915-b8f8-7492a3b1e4cd,810e96e4-e456-4468-9b59-f4e8f39732c0,efe8e2a3-eace-427b-b4f1-cb8a937ec77d,e9aa9a3e-5b2b-4ac7-a2c7-073de2b2b24f,8bbdbcdd-5cd4-4100-b6d5-b7c9625b6107,50f4348b-c883-4e2f-8f11-ce233b859fa1,fda095cb-831d-4601-ad94-846013963de8,f92806d7-1768-443f-afe8-12bcde84d0f0,dd3a144d-ab7f-41f0-82b8-2e43a090d496,f0416e68-0200-4b77-a926-4f9d16e494da,970b0598-bcb0-4714-91fb-2e81440dccd8,bcd64cc6-2dd9-43f6-abbe-66318d332032,d930590d-bb92-4cc8-8bd1-23cd027f9edf,a3cd009f-0ab0-420d-9278-b9fdab939bbc,6a2d0734-bd9e-4ddf-946e-caa52498cb75,c27215d8-6835-4b68-bfbb-bdeac6100c04,b5d6115f-0370-4d7c-aad3-c194cc71cf98,871c3b6c-7379-419d-bda3-794b239ab90d,ff9b0199-ce04-4cfe-86cc-6c719f08d6e4,de1c2107-70c8-4021-8459-6399f24d01c6,cbf30902-517f-40dc-af90-a550bac27cf1,5c601d96-e4c7-4698-991b-7ee674b11079
2026-5-20 15:09:12-debug: Init bundle root assets success..., progress: 0%
2026-5-20 15:09:12-debug:   Number of all scenes: 2
2026-5-20 15:09:12-debug:   Number of other assets: 338
2026-5-20 15:09:12-debug:   Number of all scripts: 12
2026-5-20 15:09:12-debug: // ---- build task 查询 Asset Bundle ---- (3ms)
2026-5-20 15:09:12-log: run build task 查询 Asset Bundle success in 3 ms√, progress: 5%
2026-5-20 15:09:12-debug: [Build Memory track]: 查询 Asset Bundle start:231.83MB, end 231.48MB, increase: -355.29KB
2026-5-20 15:09:12-debug: 查询 Asset Bundle start, progress: 5%
2026-5-20 15:09:12-debug: // ---- build task 查询 Asset Bundle ----
2026-5-20 15:09:12-debug: // ---- build task 查询 Asset Bundle ---- (1ms)
2026-5-20 15:09:12-debug: 整理部分构建选项内数据到 settings.json start, progress: 10%
2026-5-20 15:09:12-debug: [Build Memory track]: 查询 Asset Bundle start:231.51MB, end 231.61MB, increase: 109.72KB
2026-5-20 15:09:12-debug: // ---- build task 整理部分构建选项内数据到 settings.json ----
2026-5-20 15:09:12-log: run build task 查询 Asset Bundle success in 1 ms√, progress: 10%
2026-5-20 15:09:12-log: run build task 整理部分构建选项内数据到 settings.json success in √, progress: 12%
2026-5-20 15:09:12-debug: [Build Memory track]: 整理部分构建选项内数据到 settings.json start:231.64MB, end 231.66MB, increase: 15.74KB
2026-5-20 15:09:12-debug: 填充脚本数据到 settings.json start, progress: 12%
2026-5-20 15:09:12-debug: // ---- build task 填充脚本数据到 settings.json ----
2026-5-20 15:09:12-debug: // ---- build task 填充脚本数据到 settings.json ---- (1ms)
2026-5-20 15:09:12-debug: // ---- build task 整理部分构建选项内数据到 settings.json ----
2026-5-20 15:09:12-debug: [Build Memory track]: 填充脚本数据到 settings.json start:231.68MB, end 231.71MB, increase: 29.62KB
2026-5-20 15:09:12-debug: 整理部分构建选项内数据到 settings.json start, progress: 13%
2026-5-20 15:09:12-log: run build task 填充脚本数据到 settings.json success in 1 ms√, progress: 13%
2026-5-20 15:09:12-debug: // ---- build task 整理部分构建选项内数据到 settings.json ---- (3ms)
2026-5-20 15:09:12-log: run build task 整理部分构建选项内数据到 settings.json success in 3 ms√, progress: 15%
2026-5-20 15:09:12-debug: [Build Memory track]: 整理部分构建选项内数据到 settings.json start:231.74MB, end 231.86MB, increase: 124.64KB
2026-5-20 15:09:32-debug: Query all assets info in project
2026-5-20 15:09:32-debug: init custom config: keepNodeUuid: false, useCache: true
2026-5-20 15:09:32-debug: Skip compress image, progress: 0%
2026-5-20 15:09:32-debug: Init all bundles start..., progress: 0%
2026-5-20 15:09:32-debug: Num of bundles: 2..., progress: 0%
2026-5-20 15:09:32-debug: 查询 Asset Bundle start, progress: 0%
2026-5-20 15:09:32-debug: // ---- build task 查询 Asset Bundle ----
2026-5-20 15:09:32-debug: Init bundle root assets start..., progress: 0%
2026-5-20 15:09:32-debug: Query preload assets/scripts from cc.config.json: 60f7195c-ec2a-45eb-ba94-8955f60e81d0,1c02ae6f-4492-4915-b8f8-7492a3b1e4cd,810e96e4-e456-4468-9b59-f4e8f39732c0,efe8e2a3-eace-427b-b4f1-cb8a937ec77d,e9aa9a3e-5b2b-4ac7-a2c7-073de2b2b24f,8bbdbcdd-5cd4-4100-b6d5-b7c9625b6107,50f4348b-c883-4e2f-8f11-ce233b859fa1,fda095cb-831d-4601-ad94-846013963de8,f92806d7-1768-443f-afe8-12bcde84d0f0,dd3a144d-ab7f-41f0-82b8-2e43a090d496,f0416e68-0200-4b77-a926-4f9d16e494da,970b0598-bcb0-4714-91fb-2e81440dccd8,bcd64cc6-2dd9-43f6-abbe-66318d332032,d930590d-bb92-4cc8-8bd1-23cd027f9edf,a3cd009f-0ab0-420d-9278-b9fdab939bbc,6a2d0734-bd9e-4ddf-946e-caa52498cb75,c27215d8-6835-4b68-bfbb-bdeac6100c04,b5d6115f-0370-4d7c-aad3-c194cc71cf98,871c3b6c-7379-419d-bda3-794b239ab90d,ff9b0199-ce04-4cfe-86cc-6c719f08d6e4,de1c2107-70c8-4021-8459-6399f24d01c6,cbf30902-517f-40dc-af90-a550bac27cf1,5c601d96-e4c7-4698-991b-7ee674b11079
2026-5-20 15:09:32-debug: Init bundle root assets success..., progress: 0%
2026-5-20 15:09:32-debug:   Number of all scripts: 12
2026-5-20 15:09:32-debug:   Number of other assets: 338
2026-5-20 15:09:32-debug:   Number of all scenes: 2
2026-5-20 15:09:32-debug: // ---- build task 查询 Asset Bundle ---- (4ms)
2026-5-20 15:09:32-log: run build task 查询 Asset Bundle success in 4 ms√, progress: 5%
2026-5-20 15:09:32-debug: 查询 Asset Bundle start, progress: 5%
2026-5-20 15:09:32-debug: [Build Memory track]: 查询 Asset Bundle start:232.36MB, end 232.06MB, increase: -310.62KB
2026-5-20 15:09:32-debug: // ---- build task 查询 Asset Bundle ----
2026-5-20 15:09:32-debug: // ---- build task 查询 Asset Bundle ---- (2ms)
2026-5-20 15:09:32-debug: 整理部分构建选项内数据到 settings.json start, progress: 10%
2026-5-20 15:09:32-debug: [Build Memory track]: 查询 Asset Bundle start:232.09MB, end 232.19MB, increase: 104.98KB
2026-5-20 15:09:32-debug: // ---- build task 整理部分构建选项内数据到 settings.json ----
2026-5-20 15:09:32-log: run build task 查询 Asset Bundle success in 2 ms√, progress: 10%
2026-5-20 15:09:32-debug: // ---- build task 整理部分构建选项内数据到 settings.json ---- (1ms)
2026-5-20 15:09:32-debug: 填充脚本数据到 settings.json start, progress: 12%
2026-5-20 15:09:32-debug: [Build Memory track]: 整理部分构建选项内数据到 settings.json start:232.22MB, end 232.24MB, increase: 24.50KB
2026-5-20 15:09:32-debug: // ---- build task 填充脚本数据到 settings.json ----
2026-5-20 15:09:32-log: run build task 整理部分构建选项内数据到 settings.json success in 1 ms√, progress: 12%
2026-5-20 15:09:32-debug: // ---- build task 填充脚本数据到 settings.json ---- (1ms)
2026-5-20 15:09:32-log: run build task 填充脚本数据到 settings.json success in 1 ms√, progress: 13%
2026-5-20 15:09:32-debug: [Build Memory track]: 填充脚本数据到 settings.json start:232.27MB, end 232.29MB, increase: 23.95KB
2026-5-20 15:09:32-debug: 整理部分构建选项内数据到 settings.json start, progress: 13%
2026-5-20 15:09:32-debug: // ---- build task 整理部分构建选项内数据到 settings.json ----
2026-5-20 15:09:32-debug: // ---- build task 整理部分构建选项内数据到 settings.json ---- (2ms)
2026-5-20 15:09:32-log: run build task 整理部分构建选项内数据到 settings.json success in 2 ms√, progress: 15%
2026-5-20 15:09:32-debug: [Build Memory track]: 整理部分构建选项内数据到 settings.json start:232.32MB, end 231.70MB, increase: -631.18KB
2026-5-20 15:15:59-debug: refresh db internal success
2026-5-20 15:15:59-debug: %cImport%c: /Users/xiejianfeng/Downloads/Zuma/assets/Script/ZumaCurvePath.tsbackground: #aaff85; color: #000;color: #000;
2026-5-20 15:15:59-debug: refresh db assets success
2026-5-20 15:15:59-debug: Run asset db hook engine-extends:afterRefresh ...
2026-5-20 15:15:59-debug: Run asset db hook engine-extends:afterRefresh success!
2026-5-20 15:15:59-debug: asset-db:refresh-all-database (60ms)
2026-5-20 15:15:59-debug: asset-db-hook-engine-extends-afterRefresh (3ms)
2026-5-20 15:15:59-debug: asset-db:worker-effect-data-processing (3ms)
2026-5-20 15:16:01-debug: %cImport%c: /Users/xiejianfeng/Downloads/Zuma/assets/Scene/Map1.scenebackground: #aaff85; color: #000;color: #000;
2026-5-20 15:16:01-debug: asset-db:reimport-assetba60efc0-dcd1-4d9b-a1fc-495b102b261d (8ms)
2026-5-20 15:16:03-debug: Query all assets info in project
2026-5-20 15:16:03-debug: init custom config: keepNodeUuid: false, useCache: true
2026-5-20 15:16:03-debug: Skip compress image, progress: 0%
2026-5-20 15:16:03-debug: Init all bundles start..., progress: 0%
2026-5-20 15:16:03-debug: Init bundle root assets start..., progress: 0%
2026-5-20 15:16:03-debug: 查询 Asset Bundle start, progress: 0%
2026-5-20 15:16:03-debug: // ---- build task 查询 Asset Bundle ----
2026-5-20 15:16:03-debug: Num of bundles: 2..., progress: 0%
2026-5-20 15:16:03-debug: Query preload assets/scripts from cc.config.json: 60f7195c-ec2a-45eb-ba94-8955f60e81d0,1c02ae6f-4492-4915-b8f8-7492a3b1e4cd,810e96e4-e456-4468-9b59-f4e8f39732c0,efe8e2a3-eace-427b-b4f1-cb8a937ec77d,e9aa9a3e-5b2b-4ac7-a2c7-073de2b2b24f,8bbdbcdd-5cd4-4100-b6d5-b7c9625b6107,50f4348b-c883-4e2f-8f11-ce233b859fa1,fda095cb-831d-4601-ad94-846013963de8,f92806d7-1768-443f-afe8-12bcde84d0f0,dd3a144d-ab7f-41f0-82b8-2e43a090d496,f0416e68-0200-4b77-a926-4f9d16e494da,970b0598-bcb0-4714-91fb-2e81440dccd8,bcd64cc6-2dd9-43f6-abbe-66318d332032,d930590d-bb92-4cc8-8bd1-23cd027f9edf,a3cd009f-0ab0-420d-9278-b9fdab939bbc,6a2d0734-bd9e-4ddf-946e-caa52498cb75,c27215d8-6835-4b68-bfbb-bdeac6100c04,b5d6115f-0370-4d7c-aad3-c194cc71cf98,871c3b6c-7379-419d-bda3-794b239ab90d,ff9b0199-ce04-4cfe-86cc-6c719f08d6e4,de1c2107-70c8-4021-8459-6399f24d01c6,cbf30902-517f-40dc-af90-a550bac27cf1,5c601d96-e4c7-4698-991b-7ee674b11079
2026-5-20 15:16:03-debug:   Number of all scripts: 12
2026-5-20 15:16:03-debug: Init bundle root assets success..., progress: 0%
2026-5-20 15:16:03-debug:   Number of all scenes: 2
2026-5-20 15:16:03-debug:   Number of other assets: 338
2026-5-20 15:16:03-debug: // ---- build task 查询 Asset Bundle ---- (4ms)
2026-5-20 15:16:03-debug: 查询 Asset Bundle start, progress: 5%
2026-5-20 15:16:03-log: run build task 查询 Asset Bundle success in 4 ms√, progress: 5%
2026-5-20 15:16:03-debug: // ---- build task 查询 Asset Bundle ----
2026-5-20 15:16:03-debug: [Build Memory track]: 查询 Asset Bundle start:232.79MB, end 232.59MB, increase: -206.23KB
2026-5-20 15:16:03-debug: // ---- build task 查询 Asset Bundle ---- (1ms)
2026-5-20 15:16:03-log: run build task 查询 Asset Bundle success in 1 ms√, progress: 10%
2026-5-20 15:16:03-debug: [Build Memory track]: 查询 Asset Bundle start:232.61MB, end 232.72MB, increase: 104.86KB
2026-5-20 15:16:03-debug: // ---- build task 整理部分构建选项内数据到 settings.json ----
2026-5-20 15:16:03-debug: 整理部分构建选项内数据到 settings.json start, progress: 10%
2026-5-20 15:16:03-debug: // ---- build task 整理部分构建选项内数据到 settings.json ---- (1ms)
2026-5-20 15:16:03-debug: [Build Memory track]: 整理部分构建选项内数据到 settings.json start:232.74MB, end 232.77MB, increase: 31.33KB
2026-5-20 15:16:03-log: run build task 整理部分构建选项内数据到 settings.json success in 1 ms√, progress: 12%
2026-5-20 15:16:03-debug: 填充脚本数据到 settings.json start, progress: 12%
2026-5-20 15:16:03-debug: // ---- build task 填充脚本数据到 settings.json ----
2026-5-20 15:16:03-debug: // ---- build task 填充脚本数据到 settings.json ---- (1ms)
2026-5-20 15:16:03-debug: 整理部分构建选项内数据到 settings.json start, progress: 13%
2026-5-20 15:16:03-debug: [Build Memory track]: 填充脚本数据到 settings.json start:232.80MB, end 232.11MB, increase: -708.00KB
2026-5-20 15:16:03-debug: // ---- build task 整理部分构建选项内数据到 settings.json ----
2026-5-20 15:16:03-log: run build task 填充脚本数据到 settings.json success in 1 ms√, progress: 13%
2026-5-20 15:16:03-debug: // ---- build task 整理部分构建选项内数据到 settings.json ---- (3ms)
2026-5-20 15:16:03-log: run build task 整理部分构建选项内数据到 settings.json success in 3 ms√, progress: 15%
2026-5-20 15:16:03-debug: [Build Memory track]: 整理部分构建选项内数据到 settings.json start:232.14MB, end 232.26MB, increase: 122.55KB
2026-5-20 15:16:56-debug: refresh db internal success
2026-5-20 15:16:56-debug: %cImport%c: /Users/xiejianfeng/Downloads/Zuma/assets/Script/ZumaCurvePath.tsbackground: #aaff85; color: #000;color: #000;
2026-5-20 15:16:56-debug: refresh db assets success
2026-5-20 15:16:56-debug: Run asset db hook engine-extends:afterRefresh ...
2026-5-20 15:16:56-debug: Run asset db hook engine-extends:afterRefresh success!
2026-5-20 15:16:56-debug: asset-db:refresh-all-database (67ms)
2026-5-20 15:16:56-debug: asset-db:worker-effect-data-processing (6ms)
2026-5-20 15:16:56-debug: asset-db-hook-engine-extends-afterRefresh (6ms)
2026-5-20 15:16:58-debug: Query all assets info in project
2026-5-20 15:16:58-debug: init custom config: keepNodeUuid: false, useCache: true
2026-5-20 15:16:58-debug: Skip compress image, progress: 0%
2026-5-20 15:16:58-debug: Init all bundles start..., progress: 0%
2026-5-20 15:16:58-debug: Num of bundles: 2..., progress: 0%
2026-5-20 15:16:58-debug: 查询 Asset Bundle start, progress: 0%
2026-5-20 15:16:58-debug: // ---- build task 查询 Asset Bundle ----
2026-5-20 15:16:58-debug: Init bundle root assets start..., progress: 0%
2026-5-20 15:16:58-debug: Query preload assets/scripts from cc.config.json: 60f7195c-ec2a-45eb-ba94-8955f60e81d0,1c02ae6f-4492-4915-b8f8-7492a3b1e4cd,810e96e4-e456-4468-9b59-f4e8f39732c0,efe8e2a3-eace-427b-b4f1-cb8a937ec77d,e9aa9a3e-5b2b-4ac7-a2c7-073de2b2b24f,8bbdbcdd-5cd4-4100-b6d5-b7c9625b6107,50f4348b-c883-4e2f-8f11-ce233b859fa1,fda095cb-831d-4601-ad94-846013963de8,f92806d7-1768-443f-afe8-12bcde84d0f0,dd3a144d-ab7f-41f0-82b8-2e43a090d496,f0416e68-0200-4b77-a926-4f9d16e494da,970b0598-bcb0-4714-91fb-2e81440dccd8,bcd64cc6-2dd9-43f6-abbe-66318d332032,d930590d-bb92-4cc8-8bd1-23cd027f9edf,a3cd009f-0ab0-420d-9278-b9fdab939bbc,6a2d0734-bd9e-4ddf-946e-caa52498cb75,c27215d8-6835-4b68-bfbb-bdeac6100c04,b5d6115f-0370-4d7c-aad3-c194cc71cf98,871c3b6c-7379-419d-bda3-794b239ab90d,ff9b0199-ce04-4cfe-86cc-6c719f08d6e4,de1c2107-70c8-4021-8459-6399f24d01c6,cbf30902-517f-40dc-af90-a550bac27cf1,5c601d96-e4c7-4698-991b-7ee674b11079
2026-5-20 15:16:58-debug:   Number of all scenes: 2
2026-5-20 15:16:58-debug:   Number of all scripts: 12
2026-5-20 15:16:58-debug: Init bundle root assets success..., progress: 0%
2026-5-20 15:16:58-debug:   Number of other assets: 338
2026-5-20 15:16:58-debug: // ---- build task 查询 Asset Bundle ---- (4ms)
2026-5-20 15:16:58-debug: [Build Memory track]: 查询 Asset Bundle start:233.15MB, end 232.83MB, increase: -329.16KB
2026-5-20 15:16:58-debug: 查询 Asset Bundle start, progress: 5%
2026-5-20 15:16:58-debug: // ---- build task 查询 Asset Bundle ----
2026-5-20 15:16:58-log: run build task 查询 Asset Bundle success in 4 ms√, progress: 5%
2026-5-20 15:16:58-debug: // ---- build task 查询 Asset Bundle ---- (1ms)
2026-5-20 15:16:58-log: run build task 查询 Asset Bundle success in 1 ms√, progress: 10%
2026-5-20 15:16:58-debug: [Build Memory track]: 查询 Asset Bundle start:232.86MB, end 232.96MB, increase: 107.38KB
2026-5-20 15:16:58-debug: 整理部分构建选项内数据到 settings.json start, progress: 10%
2026-5-20 15:16:58-debug: // ---- build task 整理部分构建选项内数据到 settings.json ----
2026-5-20 15:16:58-debug: // ---- build task 整理部分构建选项内数据到 settings.json ---- (1ms)
2026-5-20 15:16:58-debug: 填充脚本数据到 settings.json start, progress: 12%
2026-5-20 15:16:58-log: run build task 整理部分构建选项内数据到 settings.json success in 1 ms√, progress: 12%
2026-5-20 15:16:58-debug: // ---- build task 填充脚本数据到 settings.json ----
2026-5-20 15:16:58-debug: [Build Memory track]: 整理部分构建选项内数据到 settings.json start:232.99MB, end 233.02MB, increase: 24.64KB
2026-5-20 15:16:58-debug: // ---- build task 填充脚本数据到 settings.json ---- (1ms)
2026-5-20 15:16:58-debug: // ---- build task 整理部分构建选项内数据到 settings.json ----
2026-5-20 15:16:58-debug: [Build Memory track]: 填充脚本数据到 settings.json start:233.04MB, end 233.07MB, increase: 24.14KB
2026-5-20 15:16:58-debug: 整理部分构建选项内数据到 settings.json start, progress: 13%
2026-5-20 15:16:58-log: run build task 填充脚本数据到 settings.json success in 1 ms√, progress: 13%
2026-5-20 15:16:58-debug: // ---- build task 整理部分构建选项内数据到 settings.json ---- (4ms)
2026-5-20 15:16:58-log: run build task 整理部分构建选项内数据到 settings.json success in 4 ms√, progress: 15%
2026-5-20 15:16:58-debug: [Build Memory track]: 整理部分构建选项内数据到 settings.json start:233.09MB, end 233.23MB, increase: 140.84KB
2026-5-20 15:17:18-debug: %cImport%c: /Users/xiejianfeng/Downloads/Zuma/assets/Scene/Map1.scenebackground: #aaff85; color: #000;color: #000;
2026-5-20 15:17:18-debug: asset-db:reimport-assetba60efc0-dcd1-4d9b-a1fc-495b102b261d (9ms)
2026-5-20 15:17:19-debug: Query all assets info in project
2026-5-20 15:17:19-debug: init custom config: keepNodeUuid: false, useCache: true
2026-5-20 15:17:19-debug: Skip compress image, progress: 0%
2026-5-20 15:17:19-debug: Init all bundles start..., progress: 0%
2026-5-20 15:17:19-debug: 查询 Asset Bundle start, progress: 0%
2026-5-20 15:17:19-debug: // ---- build task 查询 Asset Bundle ----
2026-5-20 15:17:19-debug: Num of bundles: 2..., progress: 0%
2026-5-20 15:17:19-debug: Init bundle root assets start..., progress: 0%
2026-5-20 15:17:19-debug: Query preload assets/scripts from cc.config.json: 60f7195c-ec2a-45eb-ba94-8955f60e81d0,1c02ae6f-4492-4915-b8f8-7492a3b1e4cd,810e96e4-e456-4468-9b59-f4e8f39732c0,efe8e2a3-eace-427b-b4f1-cb8a937ec77d,e9aa9a3e-5b2b-4ac7-a2c7-073de2b2b24f,8bbdbcdd-5cd4-4100-b6d5-b7c9625b6107,50f4348b-c883-4e2f-8f11-ce233b859fa1,fda095cb-831d-4601-ad94-846013963de8,f92806d7-1768-443f-afe8-12bcde84d0f0,dd3a144d-ab7f-41f0-82b8-2e43a090d496,f0416e68-0200-4b77-a926-4f9d16e494da,970b0598-bcb0-4714-91fb-2e81440dccd8,bcd64cc6-2dd9-43f6-abbe-66318d332032,d930590d-bb92-4cc8-8bd1-23cd027f9edf,a3cd009f-0ab0-420d-9278-b9fdab939bbc,6a2d0734-bd9e-4ddf-946e-caa52498cb75,c27215d8-6835-4b68-bfbb-bdeac6100c04,b5d6115f-0370-4d7c-aad3-c194cc71cf98,871c3b6c-7379-419d-bda3-794b239ab90d,ff9b0199-ce04-4cfe-86cc-6c719f08d6e4,de1c2107-70c8-4021-8459-6399f24d01c6,cbf30902-517f-40dc-af90-a550bac27cf1,5c601d96-e4c7-4698-991b-7ee674b11079
2026-5-20 15:17:19-debug: Init bundle root assets success..., progress: 0%
2026-5-20 15:17:19-debug:   Number of all scripts: 12
2026-5-20 15:17:19-debug:   Number of other assets: 338
2026-5-20 15:17:19-debug:   Number of all scenes: 2
2026-5-20 15:17:19-debug: // ---- build task 查询 Asset Bundle ---- (7ms)
2026-5-20 15:17:19-debug: [Build Memory track]: 查询 Asset Bundle start:233.35MB, end 233.00MB, increase: -356.74KB
2026-5-20 15:17:19-debug: 查询 Asset Bundle start, progress: 5%
2026-5-20 15:17:19-debug: // ---- build task 查询 Asset Bundle ----
2026-5-20 15:17:19-log: run build task 查询 Asset Bundle success in 7 ms√, progress: 5%
2026-5-20 15:17:19-debug: // ---- build task 查询 Asset Bundle ---- (1ms)
2026-5-20 15:17:19-debug: 整理部分构建选项内数据到 settings.json start, progress: 10%
2026-5-20 15:17:19-debug: [Build Memory track]: 查询 Asset Bundle start:233.03MB, end 233.13MB, increase: 110.02KB
2026-5-20 15:17:19-debug: // ---- build task 整理部分构建选项内数据到 settings.json ----
2026-5-20 15:17:19-log: run build task 查询 Asset Bundle success in 1 ms√, progress: 10%
2026-5-20 15:17:19-debug: // ---- build task 整理部分构建选项内数据到 settings.json ---- (1ms)
2026-5-20 15:17:19-debug: [Build Memory track]: 整理部分构建选项内数据到 settings.json start:233.16MB, end 233.19MB, increase: 24.53KB
2026-5-20 15:17:19-debug: 填充脚本数据到 settings.json start, progress: 12%
2026-5-20 15:17:19-log: run build task 整理部分构建选项内数据到 settings.json success in 1 ms√, progress: 12%
2026-5-20 15:17:19-debug: // ---- build task 填充脚本数据到 settings.json ----
2026-5-20 15:17:19-debug: // ---- build task 填充脚本数据到 settings.json ---- (1ms)
2026-5-20 15:17:19-debug: 整理部分构建选项内数据到 settings.json start, progress: 13%
2026-5-20 15:17:19-debug: [Build Memory track]: 填充脚本数据到 settings.json start:233.21MB, end 233.24MB, increase: 24.05KB
2026-5-20 15:17:19-debug: // ---- build task 整理部分构建选项内数据到 settings.json ----
2026-5-20 15:17:19-log: run build task 填充脚本数据到 settings.json success in 1 ms√, progress: 13%
2026-5-20 15:17:19-debug: // ---- build task 整理部分构建选项内数据到 settings.json ---- (3ms)
2026-5-20 15:17:19-log: run build task 整理部分构建选项内数据到 settings.json success in 3 ms√, progress: 15%
2026-5-20 15:17:19-debug: [Build Memory track]: 整理部分构建选项内数据到 settings.json start:233.26MB, end 233.38MB, increase: 122.75KB
2026-5-20 15:17:54-debug: refresh db internal success
2026-5-20 15:17:54-debug: %cImport%c: /Users/xiejianfeng/Downloads/Zuma/assets/Script/ZumaCurvePath.tsbackground: #aaff85; color: #000;color: #000;
2026-5-20 15:17:54-debug: Run asset db hook engine-extends:afterRefresh ...
2026-5-20 15:17:54-debug: refresh db assets success
2026-5-20 15:17:54-debug: Run asset db hook engine-extends:afterRefresh success!
2026-5-20 15:17:54-debug: asset-db:refresh-all-database (66ms)
2026-5-20 15:17:54-debug: asset-db:worker-effect-data-processing (4ms)
2026-5-20 15:17:54-debug: asset-db-hook-engine-extends-afterRefresh (5ms)
2026-5-20 15:17:56-debug: %cImport%c: /Users/xiejianfeng/Downloads/Zuma/assets/Scene/Map1.scenebackground: #aaff85; color: #000;color: #000;
2026-5-20 15:17:56-debug: asset-db:reimport-assetba60efc0-dcd1-4d9b-a1fc-495b102b261d (9ms)
2026-5-20 15:17:57-debug: Query all assets info in project
2026-5-20 15:17:57-debug: init custom config: keepNodeUuid: false, useCache: true
2026-5-20 15:17:57-debug: Skip compress image, progress: 0%
2026-5-20 15:17:57-debug: Init all bundles start..., progress: 0%
2026-5-20 15:17:57-debug: Init bundle root assets start..., progress: 0%
2026-5-20 15:17:57-debug: 查询 Asset Bundle start, progress: 0%
2026-5-20 15:17:57-debug: // ---- build task 查询 Asset Bundle ----
2026-5-20 15:17:57-debug: Num of bundles: 2..., progress: 0%
2026-5-20 15:17:57-debug: Query preload assets/scripts from cc.config.json: 60f7195c-ec2a-45eb-ba94-8955f60e81d0,1c02ae6f-4492-4915-b8f8-7492a3b1e4cd,810e96e4-e456-4468-9b59-f4e8f39732c0,efe8e2a3-eace-427b-b4f1-cb8a937ec77d,e9aa9a3e-5b2b-4ac7-a2c7-073de2b2b24f,8bbdbcdd-5cd4-4100-b6d5-b7c9625b6107,50f4348b-c883-4e2f-8f11-ce233b859fa1,fda095cb-831d-4601-ad94-846013963de8,f92806d7-1768-443f-afe8-12bcde84d0f0,dd3a144d-ab7f-41f0-82b8-2e43a090d496,f0416e68-0200-4b77-a926-4f9d16e494da,970b0598-bcb0-4714-91fb-2e81440dccd8,bcd64cc6-2dd9-43f6-abbe-66318d332032,d930590d-bb92-4cc8-8bd1-23cd027f9edf,a3cd009f-0ab0-420d-9278-b9fdab939bbc,6a2d0734-bd9e-4ddf-946e-caa52498cb75,c27215d8-6835-4b68-bfbb-bdeac6100c04,b5d6115f-0370-4d7c-aad3-c194cc71cf98,871c3b6c-7379-419d-bda3-794b239ab90d,ff9b0199-ce04-4cfe-86cc-6c719f08d6e4,de1c2107-70c8-4021-8459-6399f24d01c6,cbf30902-517f-40dc-af90-a550bac27cf1,5c601d96-e4c7-4698-991b-7ee674b11079
2026-5-20 15:17:57-debug:   Number of all scenes: 2
2026-5-20 15:17:57-debug:   Number of all scripts: 12
2026-5-20 15:17:57-debug:   Number of other assets: 338
2026-5-20 15:17:57-debug: Init bundle root assets success..., progress: 0%
2026-5-20 15:17:57-debug: // ---- build task 查询 Asset Bundle ---- (2ms)
2026-5-20 15:17:57-debug: // ---- build task 查询 Asset Bundle ----
2026-5-20 15:17:57-debug: [Build Memory track]: 查询 Asset Bundle start:234.29MB, end 234.05MB, increase: -240.09KB
2026-5-20 15:17:57-debug: 查询 Asset Bundle start, progress: 5%
2026-5-20 15:17:57-log: run build task 查询 Asset Bundle success in 2 ms√, progress: 5%
2026-5-20 15:17:57-debug: // ---- build task 查询 Asset Bundle ---- (2ms)
2026-5-20 15:17:57-debug: // ---- build task 整理部分构建选项内数据到 settings.json ----
2026-5-20 15:17:57-debug: [Build Memory track]: 查询 Asset Bundle start:234.08MB, end 234.18MB, increase: 104.88KB
2026-5-20 15:17:57-debug: 整理部分构建选项内数据到 settings.json start, progress: 10%
2026-5-20 15:17:57-log: run build task 整理部分构建选项内数据到 settings.json success in √, progress: 12%
2026-5-20 15:17:57-debug: [Build Memory track]: 整理部分构建选项内数据到 settings.json start:234.21MB, end 234.22MB, increase: 13.69KB
2026-5-20 15:17:57-log: run build task 查询 Asset Bundle success in 2 ms√, progress: 10%
2026-5-20 15:17:57-log: run build task 填充脚本数据到 settings.json success in 1 ms√, progress: 13%
2026-5-20 15:17:57-debug: [Build Memory track]: 填充脚本数据到 settings.json start:234.25MB, end 233.56MB, increase: -702.05KB
2026-5-20 15:17:57-debug: // ---- build task 整理部分构建选项内数据到 settings.json ---- (4ms)
2026-5-20 15:17:57-debug: // ---- build task 整理部分构建选项内数据到 settings.json ----
2026-5-20 15:17:57-log: run build task 整理部分构建选项内数据到 settings.json success in 4 ms√, progress: 15%
2026-5-20 15:17:57-debug: [Build Memory track]: 整理部分构建选项内数据到 settings.json start:233.59MB, end 233.71MB, increase: 119.29KB
2026-5-20 15:17:57-debug: 整理部分构建选项内数据到 settings.json start, progress: 13%
2026-5-20 15:17:57-debug: // ---- build task 填充脚本数据到 settings.json ----
2026-5-20 15:17:57-debug: // ---- build task 填充脚本数据到 settings.json ---- (1ms)
2026-5-20 15:17:57-debug: 填充脚本数据到 settings.json start, progress: 12%
2026-5-20 15:18:21-debug: refresh db internal success
2026-5-20 15:18:21-debug: %cImport%c: /Users/xiejianfeng/Downloads/Zuma/assets/Script/ZumaCurvePath.tsbackground: #aaff85; color: #000;color: #000;
2026-5-20 15:18:21-debug: refresh db assets success
2026-5-20 15:18:21-debug: Run asset db hook engine-extends:afterRefresh ...
2026-5-20 15:18:21-debug: Run asset db hook engine-extends:afterRefresh success!
2026-5-20 15:18:21-debug: asset-db:refresh-all-database (40ms)
2026-5-20 15:18:21-debug: asset-db:worker-effect-data-processing (1ms)
2026-5-20 15:18:21-debug: asset-db-hook-engine-extends-afterRefresh (2ms)
2026-5-20 15:18:22-debug: %cImport%c: /Users/xiejianfeng/Downloads/Zuma/assets/Scene/Map1.scenebackground: #aaff85; color: #000;color: #000;
2026-5-20 15:18:22-debug: asset-db:reimport-assetba60efc0-dcd1-4d9b-a1fc-495b102b261d (6ms)
2026-5-20 15:18:23-debug: Query all assets info in project
2026-5-20 15:18:23-debug: init custom config: keepNodeUuid: false, useCache: true
2026-5-20 15:18:23-debug: Skip compress image, progress: 0%
2026-5-20 15:18:23-debug: Init all bundles start..., progress: 0%
2026-5-20 15:18:23-debug: Num of bundles: 2..., progress: 0%
2026-5-20 15:18:23-debug: 查询 Asset Bundle start, progress: 0%
2026-5-20 15:18:23-debug: // ---- build task 查询 Asset Bundle ----
2026-5-20 15:18:23-debug: Init bundle root assets start..., progress: 0%
2026-5-20 15:18:23-debug: Query preload assets/scripts from cc.config.json: 60f7195c-ec2a-45eb-ba94-8955f60e81d0,1c02ae6f-4492-4915-b8f8-7492a3b1e4cd,810e96e4-e456-4468-9b59-f4e8f39732c0,efe8e2a3-eace-427b-b4f1-cb8a937ec77d,e9aa9a3e-5b2b-4ac7-a2c7-073de2b2b24f,8bbdbcdd-5cd4-4100-b6d5-b7c9625b6107,50f4348b-c883-4e2f-8f11-ce233b859fa1,fda095cb-831d-4601-ad94-846013963de8,f92806d7-1768-443f-afe8-12bcde84d0f0,dd3a144d-ab7f-41f0-82b8-2e43a090d496,f0416e68-0200-4b77-a926-4f9d16e494da,970b0598-bcb0-4714-91fb-2e81440dccd8,bcd64cc6-2dd9-43f6-abbe-66318d332032,d930590d-bb92-4cc8-8bd1-23cd027f9edf,a3cd009f-0ab0-420d-9278-b9fdab939bbc,6a2d0734-bd9e-4ddf-946e-caa52498cb75,c27215d8-6835-4b68-bfbb-bdeac6100c04,b5d6115f-0370-4d7c-aad3-c194cc71cf98,871c3b6c-7379-419d-bda3-794b239ab90d,ff9b0199-ce04-4cfe-86cc-6c719f08d6e4,de1c2107-70c8-4021-8459-6399f24d01c6,cbf30902-517f-40dc-af90-a550bac27cf1,5c601d96-e4c7-4698-991b-7ee674b11079
2026-5-20 15:18:23-debug:   Number of other assets: 338
2026-5-20 15:18:23-debug:   Number of all scripts: 12
2026-5-20 15:18:23-debug: Init bundle root assets success..., progress: 0%
2026-5-20 15:18:23-debug:   Number of all scenes: 2
2026-5-20 15:18:23-debug: // ---- build task 查询 Asset Bundle ---- (2ms)
2026-5-20 15:18:23-debug: [Build Memory track]: 查询 Asset Bundle start:235.07MB, end 234.85MB, increase: -224.69KB
2026-5-20 15:18:23-debug: 查询 Asset Bundle start, progress: 5%
2026-5-20 15:18:23-debug: // ---- build task 查询 Asset Bundle ----
2026-5-20 15:18:23-log: run build task 查询 Asset Bundle success in 2 ms√, progress: 5%
2026-5-20 15:18:23-debug: // ---- build task 查询 Asset Bundle ---- (1ms)
2026-5-20 15:18:23-log: run build task 查询 Asset Bundle success in 1 ms√, progress: 10%
2026-5-20 15:18:23-debug: [Build Memory track]: 查询 Asset Bundle start:234.88MB, end 234.98MB, increase: 105.08KB
2026-5-20 15:18:23-debug: 整理部分构建选项内数据到 settings.json start, progress: 10%
2026-5-20 15:18:23-debug: // ---- build task 整理部分构建选项内数据到 settings.json ----
2026-5-20 15:18:23-debug: // ---- build task 整理部分构建选项内数据到 settings.json ---- (1ms)
2026-5-20 15:18:23-log: run build task 整理部分构建选项内数据到 settings.json success in 1 ms√, progress: 12%
2026-5-20 15:18:23-debug: [Build Memory track]: 整理部分构建选项内数据到 settings.json start:235.01MB, end 235.03MB, increase: 24.57KB
2026-5-20 15:18:23-debug: // ---- build task 填充脚本数据到 settings.json ----
2026-5-20 15:18:23-debug: 填充脚本数据到 settings.json start, progress: 12%
2026-5-20 15:18:23-debug: // ---- build task 填充脚本数据到 settings.json ---- (1ms)
2026-5-20 15:18:23-debug: [Build Memory track]: 填充脚本数据到 settings.json start:235.06MB, end 234.36MB, increase: -720.12KB
2026-5-20 15:18:23-debug: 整理部分构建选项内数据到 settings.json start, progress: 13%
2026-5-20 15:18:23-debug: // ---- build task 整理部分构建选项内数据到 settings.json ----
2026-5-20 15:18:23-log: run build task 填充脚本数据到 settings.json success in 1 ms√, progress: 13%
2026-5-20 15:18:23-debug: [Build Memory track]: 整理部分构建选项内数据到 settings.json start:234.39MB, end 234.51MB, increase: 129.65KB
2026-5-20 15:18:23-debug: // ---- build task 整理部分构建选项内数据到 settings.json ---- (3ms)
2026-5-20 15:18:23-log: run build task 整理部分构建选项内数据到 settings.json success in 3 ms√, progress: 15%
2026-5-20 15:18:49-debug: refresh db internal success
2026-5-20 15:18:49-debug: %cImport%c: /Users/xiejianfeng/Downloads/Zuma/assets/Script/ZumaCurvePath.tsbackground: #aaff85; color: #000;color: #000;
2026-5-20 15:18:49-debug: refresh db assets success
2026-5-20 15:18:49-debug: Run asset db hook engine-extends:afterRefresh ...
2026-5-20 15:18:49-debug: Run asset db hook engine-extends:afterRefresh success!
2026-5-20 15:18:49-debug: asset-db:refresh-all-database (92ms)
2026-5-20 15:18:49-debug: asset-db-hook-engine-extends-afterRefresh (11ms)
2026-5-20 15:18:49-debug: asset-db:worker-effect-data-processing (11ms)
2026-5-20 15:18:51-debug: Query all assets info in project
2026-5-20 15:18:51-debug: init custom config: keepNodeUuid: false, useCache: true
2026-5-20 15:18:51-debug: Skip compress image, progress: 0%
2026-5-20 15:18:51-debug: Init all bundles start..., progress: 0%
2026-5-20 15:18:51-debug: Num of bundles: 2..., progress: 0%
2026-5-20 15:18:51-debug: 查询 Asset Bundle start, progress: 0%
2026-5-20 15:18:51-debug: // ---- build task 查询 Asset Bundle ----
2026-5-20 15:18:51-debug: Init bundle root assets start..., progress: 0%
2026-5-20 15:18:51-debug: Query preload assets/scripts from cc.config.json: 60f7195c-ec2a-45eb-ba94-8955f60e81d0,1c02ae6f-4492-4915-b8f8-7492a3b1e4cd,810e96e4-e456-4468-9b59-f4e8f39732c0,efe8e2a3-eace-427b-b4f1-cb8a937ec77d,e9aa9a3e-5b2b-4ac7-a2c7-073de2b2b24f,8bbdbcdd-5cd4-4100-b6d5-b7c9625b6107,50f4348b-c883-4e2f-8f11-ce233b859fa1,fda095cb-831d-4601-ad94-846013963de8,f92806d7-1768-443f-afe8-12bcde84d0f0,dd3a144d-ab7f-41f0-82b8-2e43a090d496,f0416e68-0200-4b77-a926-4f9d16e494da,970b0598-bcb0-4714-91fb-2e81440dccd8,bcd64cc6-2dd9-43f6-abbe-66318d332032,d930590d-bb92-4cc8-8bd1-23cd027f9edf,a3cd009f-0ab0-420d-9278-b9fdab939bbc,6a2d0734-bd9e-4ddf-946e-caa52498cb75,c27215d8-6835-4b68-bfbb-bdeac6100c04,b5d6115f-0370-4d7c-aad3-c194cc71cf98,871c3b6c-7379-419d-bda3-794b239ab90d,ff9b0199-ce04-4cfe-86cc-6c719f08d6e4,de1c2107-70c8-4021-8459-6399f24d01c6,cbf30902-517f-40dc-af90-a550bac27cf1,5c601d96-e4c7-4698-991b-7ee674b11079
2026-5-20 15:18:51-debug:   Number of all scenes: 2
2026-5-20 15:18:51-debug:   Number of all scripts: 12
2026-5-20 15:18:51-debug:   Number of other assets: 338
2026-5-20 15:18:51-debug: Init bundle root assets success..., progress: 0%
2026-5-20 15:18:51-debug: // ---- build task 查询 Asset Bundle ---- (3ms)
2026-5-20 15:18:51-debug: // ---- build task 查询 Asset Bundle ----
2026-5-20 15:18:51-log: run build task 查询 Asset Bundle success in 3 ms√, progress: 5%
2026-5-20 15:18:51-debug: [Build Memory track]: 查询 Asset Bundle start:235.43MB, end 235.08MB, increase: -356.29KB
2026-5-20 15:18:51-debug: 查询 Asset Bundle start, progress: 5%
2026-5-20 15:18:51-debug: // ---- build task 查询 Asset Bundle ---- (1ms)
2026-5-20 15:18:51-debug: // ---- build task 整理部分构建选项内数据到 settings.json ----
2026-5-20 15:18:51-debug: [Build Memory track]: 查询 Asset Bundle start:235.11MB, end 235.21MB, increase: 106.01KB
2026-5-20 15:18:51-debug: 整理部分构建选项内数据到 settings.json start, progress: 10%
2026-5-20 15:18:51-log: run build task 查询 Asset Bundle success in 1 ms√, progress: 10%
2026-5-20 15:18:51-debug: // ---- build task 整理部分构建选项内数据到 settings.json ---- (1ms)
2026-5-20 15:18:51-log: run build task 整理部分构建选项内数据到 settings.json success in 1 ms√, progress: 12%
2026-5-20 15:18:51-debug: [Build Memory track]: 整理部分构建选项内数据到 settings.json start:235.24MB, end 235.26MB, increase: 24.54KB
2026-5-20 15:18:51-debug: 填充脚本数据到 settings.json start, progress: 12%
2026-5-20 15:18:51-debug: // ---- build task 填充脚本数据到 settings.json ----
2026-5-20 15:18:51-debug: // ---- build task 填充脚本数据到 settings.json ---- (1ms)
2026-5-20 15:18:51-debug: // ---- build task 整理部分构建选项内数据到 settings.json ----
2026-5-20 15:18:51-log: run build task 填充脚本数据到 settings.json success in 1 ms√, progress: 13%
2026-5-20 15:18:51-debug: 整理部分构建选项内数据到 settings.json start, progress: 13%
2026-5-20 15:18:51-debug: [Build Memory track]: 填充脚本数据到 settings.json start:235.29MB, end 235.32MB, increase: 29.57KB
2026-5-20 15:18:51-debug: // ---- build task 整理部分构建选项内数据到 settings.json ---- (2ms)
2026-5-20 15:18:51-log: run build task 整理部分构建选项内数据到 settings.json success in 2 ms√, progress: 15%
2026-5-20 15:18:51-debug: [Build Memory track]: 整理部分构建选项内数据到 settings.json start:235.35MB, end 235.47MB, increase: 123.21KB
2026-5-20 15:19:18-debug: refresh db internal success
2026-5-20 15:19:18-debug: %cImport%c: /Users/xiejianfeng/Downloads/Zuma/assets/Script/ZumaCurvePath.tsbackground: #aaff85; color: #000;color: #000;
2026-5-20 15:19:18-debug: refresh db assets success
2026-5-20 15:19:18-debug: Run asset db hook engine-extends:afterRefresh ...
2026-5-20 15:19:18-debug: Run asset db hook engine-extends:afterRefresh success!
2026-5-20 15:19:18-debug: asset-db:worker-effect-data-processing (5ms)
2026-5-20 15:19:18-debug: asset-db-hook-engine-extends-afterRefresh (6ms)
2026-5-20 15:19:18-debug: asset-db:refresh-all-database (44ms)
2026-5-20 15:19:20-debug: Query all assets info in project
2026-5-20 15:19:20-debug: init custom config: keepNodeUuid: false, useCache: true
2026-5-20 15:19:20-debug: Skip compress image, progress: 0%
2026-5-20 15:19:20-debug: Init all bundles start..., progress: 0%
2026-5-20 15:19:20-debug: Num of bundles: 2..., progress: 0%
2026-5-20 15:19:20-debug: // ---- build task 查询 Asset Bundle ----
2026-5-20 15:19:20-debug: 查询 Asset Bundle start, progress: 0%
2026-5-20 15:19:20-debug: Init bundle root assets start..., progress: 0%
2026-5-20 15:19:20-debug: Query preload assets/scripts from cc.config.json: 60f7195c-ec2a-45eb-ba94-8955f60e81d0,1c02ae6f-4492-4915-b8f8-7492a3b1e4cd,810e96e4-e456-4468-9b59-f4e8f39732c0,efe8e2a3-eace-427b-b4f1-cb8a937ec77d,e9aa9a3e-5b2b-4ac7-a2c7-073de2b2b24f,8bbdbcdd-5cd4-4100-b6d5-b7c9625b6107,50f4348b-c883-4e2f-8f11-ce233b859fa1,fda095cb-831d-4601-ad94-846013963de8,f92806d7-1768-443f-afe8-12bcde84d0f0,dd3a144d-ab7f-41f0-82b8-2e43a090d496,f0416e68-0200-4b77-a926-4f9d16e494da,970b0598-bcb0-4714-91fb-2e81440dccd8,bcd64cc6-2dd9-43f6-abbe-66318d332032,d930590d-bb92-4cc8-8bd1-23cd027f9edf,a3cd009f-0ab0-420d-9278-b9fdab939bbc,6a2d0734-bd9e-4ddf-946e-caa52498cb75,c27215d8-6835-4b68-bfbb-bdeac6100c04,b5d6115f-0370-4d7c-aad3-c194cc71cf98,871c3b6c-7379-419d-bda3-794b239ab90d,ff9b0199-ce04-4cfe-86cc-6c719f08d6e4,de1c2107-70c8-4021-8459-6399f24d01c6,cbf30902-517f-40dc-af90-a550bac27cf1,5c601d96-e4c7-4698-991b-7ee674b11079
2026-5-20 15:19:20-debug:   Number of other assets: 338
2026-5-20 15:19:20-debug:   Number of all scripts: 12
2026-5-20 15:19:20-debug: Init bundle root assets success..., progress: 0%
2026-5-20 15:19:20-debug:   Number of all scenes: 2
2026-5-20 15:19:20-debug: // ---- build task 查询 Asset Bundle ---- (4ms)
2026-5-20 15:19:20-log: run build task 查询 Asset Bundle success in 4 ms√, progress: 5%
2026-5-20 15:19:20-debug: [Build Memory track]: 查询 Asset Bundle start:235.95MB, end 235.61MB, increase: -354.08KB
2026-5-20 15:19:20-debug: // ---- build task 查询 Asset Bundle ----
2026-5-20 15:19:20-debug: 查询 Asset Bundle start, progress: 5%
2026-5-20 15:19:20-debug: // ---- build task 查询 Asset Bundle ---- (2ms)
2026-5-20 15:19:20-debug: 整理部分构建选项内数据到 settings.json start, progress: 10%
2026-5-20 15:19:20-log: run build task 查询 Asset Bundle success in 2 ms√, progress: 10%
2026-5-20 15:19:20-debug: [Build Memory track]: 查询 Asset Bundle start:235.64MB, end 235.74MB, increase: 105.64KB
2026-5-20 15:19:20-debug: // ---- build task 整理部分构建选项内数据到 settings.json ----
2026-5-20 15:19:20-log: run build task 整理部分构建选项内数据到 settings.json success in √, progress: 12%
2026-5-20 15:19:20-debug: 填充脚本数据到 settings.json start, progress: 12%
2026-5-20 15:19:20-debug: // ---- build task 填充脚本数据到 settings.json ----
2026-5-20 15:19:20-debug: [Build Memory track]: 整理部分构建选项内数据到 settings.json start:235.77MB, end 235.78MB, increase: 16.29KB
2026-5-20 15:19:20-log: run build task 填充脚本数据到 settings.json success in √, progress: 13%
2026-5-20 15:19:20-debug: [Build Memory track]: 填充脚本数据到 settings.json start:235.81MB, end 235.82MB, increase: 15.47KB
2026-5-20 15:19:20-debug: // ---- build task 整理部分构建选项内数据到 settings.json ----
2026-5-20 15:19:20-debug: 整理部分构建选项内数据到 settings.json start, progress: 13%
2026-5-20 15:19:20-log: run build task 整理部分构建选项内数据到 settings.json success in 3 ms√, progress: 15%
2026-5-20 15:19:20-debug: [Build Memory track]: 整理部分构建选项内数据到 settings.json start:235.85MB, end 235.97MB, increase: 122.45KB
2026-5-20 15:19:20-debug: // ---- build task 整理部分构建选项内数据到 settings.json ---- (3ms)
2026-5-20 15:21:15-debug: refresh db internal success
2026-5-20 15:21:15-debug: %cImport%c: /Users/xiejianfeng/Downloads/Zuma/assets/Script/ZumaCurvePath.tsbackground: #aaff85; color: #000;color: #000;
2026-5-20 15:21:15-debug: refresh db assets success
2026-5-20 15:21:15-debug: Run asset db hook engine-extends:afterRefresh ...
2026-5-20 15:21:15-debug: Run asset db hook engine-extends:afterRefresh success!
2026-5-20 15:21:15-debug: asset-db:worker-effect-data-processing (3ms)
2026-5-20 15:21:15-debug: asset-db-hook-engine-extends-afterRefresh (3ms)
2026-5-20 15:21:15-debug: asset-db:refresh-all-database (59ms)
2026-5-20 15:21:15-debug: %cImport%c: /Users/xiejianfeng/Downloads/Zuma/assets/Scene/Map1.scenebackground: #aaff85; color: #000;color: #000;
2026-5-20 15:21:15-debug: asset-db:reimport-assetba60efc0-dcd1-4d9b-a1fc-495b102b261d (3ms)
2026-5-20 15:21:17-debug: Query all assets info in project
2026-5-20 15:21:17-debug: init custom config: keepNodeUuid: false, useCache: true
2026-5-20 15:21:17-debug: Skip compress image, progress: 0%
2026-5-20 15:21:17-debug: Num of bundles: 2..., progress: 0%
2026-5-20 15:21:17-debug: Init all bundles start..., progress: 0%
2026-5-20 15:21:17-debug: 查询 Asset Bundle start, progress: 0%
2026-5-20 15:21:17-debug: // ---- build task 查询 Asset Bundle ----
2026-5-20 15:21:17-debug: Init bundle root assets start..., progress: 0%
2026-5-20 15:21:17-debug: Query preload assets/scripts from cc.config.json: 60f7195c-ec2a-45eb-ba94-8955f60e81d0,1c02ae6f-4492-4915-b8f8-7492a3b1e4cd,810e96e4-e456-4468-9b59-f4e8f39732c0,efe8e2a3-eace-427b-b4f1-cb8a937ec77d,e9aa9a3e-5b2b-4ac7-a2c7-073de2b2b24f,8bbdbcdd-5cd4-4100-b6d5-b7c9625b6107,50f4348b-c883-4e2f-8f11-ce233b859fa1,fda095cb-831d-4601-ad94-846013963de8,f92806d7-1768-443f-afe8-12bcde84d0f0,dd3a144d-ab7f-41f0-82b8-2e43a090d496,f0416e68-0200-4b77-a926-4f9d16e494da,970b0598-bcb0-4714-91fb-2e81440dccd8,bcd64cc6-2dd9-43f6-abbe-66318d332032,d930590d-bb92-4cc8-8bd1-23cd027f9edf,a3cd009f-0ab0-420d-9278-b9fdab939bbc,6a2d0734-bd9e-4ddf-946e-caa52498cb75,c27215d8-6835-4b68-bfbb-bdeac6100c04,b5d6115f-0370-4d7c-aad3-c194cc71cf98,871c3b6c-7379-419d-bda3-794b239ab90d,ff9b0199-ce04-4cfe-86cc-6c719f08d6e4,de1c2107-70c8-4021-8459-6399f24d01c6,cbf30902-517f-40dc-af90-a550bac27cf1,5c601d96-e4c7-4698-991b-7ee674b11079
2026-5-20 15:21:17-debug:   Number of all scenes: 2
2026-5-20 15:21:17-debug:   Number of all scripts: 12
2026-5-20 15:21:17-debug:   Number of other assets: 338
2026-5-20 15:21:17-debug: Init bundle root assets success..., progress: 0%
2026-5-20 15:21:17-debug: // ---- build task 查询 Asset Bundle ---- (4ms)
2026-5-20 15:21:17-debug: 查询 Asset Bundle start, progress: 5%
2026-5-20 15:21:17-log: run build task 查询 Asset Bundle success in 4 ms√, progress: 5%
2026-5-20 15:21:17-debug: [Build Memory track]: 查询 Asset Bundle start:236.88MB, end 236.59MB, increase: -291.41KB
2026-5-20 15:21:17-debug: // ---- build task 查询 Asset Bundle ----
2026-5-20 15:21:17-debug: // ---- build task 查询 Asset Bundle ---- (1ms)
2026-5-20 15:21:17-log: run build task 查询 Asset Bundle success in 1 ms√, progress: 10%
2026-5-20 15:21:17-debug: [Build Memory track]: 查询 Asset Bundle start:236.62MB, end 236.72MB, increase: 105.46KB
2026-5-20 15:21:17-debug: 整理部分构建选项内数据到 settings.json start, progress: 10%
2026-5-20 15:21:17-debug: // ---- build task 整理部分构建选项内数据到 settings.json ----
2026-5-20 15:21:17-log: run build task 整理部分构建选项内数据到 settings.json success in √, progress: 12%
2026-5-20 15:21:17-debug: [Build Memory track]: 整理部分构建选项内数据到 settings.json start:236.75MB, end 236.77MB, increase: 16.36KB
2026-5-20 15:21:17-debug: // ---- build task 填充脚本数据到 settings.json ----
2026-5-20 15:21:17-debug: 填充脚本数据到 settings.json start, progress: 12%
2026-5-20 15:21:17-debug: // ---- build task 填充脚本数据到 settings.json ---- (1ms)
2026-5-20 15:21:17-log: run build task 填充脚本数据到 settings.json success in 1 ms√, progress: 13%
2026-5-20 15:21:17-debug: [Build Memory track]: 填充脚本数据到 settings.json start:236.79MB, end 236.10MB, increase: -708.32KB
2026-5-20 15:21:17-debug: // ---- build task 整理部分构建选项内数据到 settings.json ----
2026-5-20 15:21:17-debug: 整理部分构建选项内数据到 settings.json start, progress: 13%
2026-5-20 15:21:17-debug: // ---- build task 整理部分构建选项内数据到 settings.json ---- (4ms)
2026-5-20 15:21:17-debug: [Build Memory track]: 整理部分构建选项内数据到 settings.json start:236.13MB, end 236.25MB, increase: 122.89KB
2026-5-20 15:21:17-log: run build task 整理部分构建选项内数据到 settings.json success in 4 ms√, progress: 15%
2026-5-20 15:21:27-debug: %cImport%c: /Users/xiejianfeng/Downloads/Zuma/assets/Scene/Map1.scenebackground: #aaff85; color: #000;color: #000;
2026-5-20 15:21:27-debug: asset-db:reimport-assetba60efc0-dcd1-4d9b-a1fc-495b102b261d (7ms)
2026-5-20 15:21:28-debug: Query all assets info in project
2026-5-20 15:21:28-debug: init custom config: keepNodeUuid: false, useCache: true
2026-5-20 15:21:28-debug: Skip compress image, progress: 0%
2026-5-20 15:21:28-debug: Init all bundles start..., progress: 0%
2026-5-20 15:21:28-debug: Init bundle root assets start..., progress: 0%
2026-5-20 15:21:28-debug: 查询 Asset Bundle start, progress: 0%
2026-5-20 15:21:28-debug: // ---- build task 查询 Asset Bundle ----
2026-5-20 15:21:28-debug: Num of bundles: 2..., progress: 0%
2026-5-20 15:21:28-debug: Query preload assets/scripts from cc.config.json: 60f7195c-ec2a-45eb-ba94-8955f60e81d0,1c02ae6f-4492-4915-b8f8-7492a3b1e4cd,810e96e4-e456-4468-9b59-f4e8f39732c0,efe8e2a3-eace-427b-b4f1-cb8a937ec77d,e9aa9a3e-5b2b-4ac7-a2c7-073de2b2b24f,8bbdbcdd-5cd4-4100-b6d5-b7c9625b6107,50f4348b-c883-4e2f-8f11-ce233b859fa1,fda095cb-831d-4601-ad94-846013963de8,f92806d7-1768-443f-afe8-12bcde84d0f0,dd3a144d-ab7f-41f0-82b8-2e43a090d496,f0416e68-0200-4b77-a926-4f9d16e494da,970b0598-bcb0-4714-91fb-2e81440dccd8,bcd64cc6-2dd9-43f6-abbe-66318d332032,d930590d-bb92-4cc8-8bd1-23cd027f9edf,a3cd009f-0ab0-420d-9278-b9fdab939bbc,6a2d0734-bd9e-4ddf-946e-caa52498cb75,c27215d8-6835-4b68-bfbb-bdeac6100c04,b5d6115f-0370-4d7c-aad3-c194cc71cf98,871c3b6c-7379-419d-bda3-794b239ab90d,ff9b0199-ce04-4cfe-86cc-6c719f08d6e4,de1c2107-70c8-4021-8459-6399f24d01c6,cbf30902-517f-40dc-af90-a550bac27cf1,5c601d96-e4c7-4698-991b-7ee674b11079
2026-5-20 15:21:28-debug:   Number of other assets: 338
2026-5-20 15:21:28-debug:   Number of all scenes: 2
2026-5-20 15:21:28-debug: Init bundle root assets success..., progress: 0%
2026-5-20 15:21:28-debug:   Number of all scripts: 12
2026-5-20 15:21:28-debug: // ---- build task 查询 Asset Bundle ---- (3ms)
2026-5-20 15:21:28-debug: // ---- build task 查询 Asset Bundle ----
2026-5-20 15:21:28-debug: [Build Memory track]: 查询 Asset Bundle start:237.08MB, end 236.79MB, increase: -306.38KB
2026-5-20 15:21:28-debug: 查询 Asset Bundle start, progress: 5%
2026-5-20 15:21:28-log: run build task 查询 Asset Bundle success in 3 ms√, progress: 5%
2026-5-20 15:21:28-debug: // ---- build task 查询 Asset Bundle ---- (2ms)
2026-5-20 15:21:28-debug: [Build Memory track]: 查询 Asset Bundle start:236.81MB, end 236.92MB, increase: 105.43KB
2026-5-20 15:21:28-log: run build task 查询 Asset Bundle success in 2 ms√, progress: 10%
2026-5-20 15:21:28-debug: 整理部分构建选项内数据到 settings.json start, progress: 10%
2026-5-20 15:21:28-debug: // ---- build task 整理部分构建选项内数据到 settings.json ----
2026-5-20 15:21:28-log: run build task 整理部分构建选项内数据到 settings.json success in √, progress: 12%
2026-5-20 15:21:28-debug: 填充脚本数据到 settings.json start, progress: 12%
2026-5-20 15:21:28-debug: [Build Memory track]: 整理部分构建选项内数据到 settings.json start:236.94MB, end 236.96MB, increase: 16.36KB
2026-5-20 15:21:28-debug: // ---- build task 填充脚本数据到 settings.json ----
2026-5-20 15:21:28-debug: // ---- build task 填充脚本数据到 settings.json ---- (1ms)
2026-5-20 15:21:28-log: run build task 填充脚本数据到 settings.json success in 1 ms√, progress: 13%
2026-5-20 15:21:28-debug: [Build Memory track]: 填充脚本数据到 settings.json start:236.99MB, end 236.31MB, increase: -687.38KB
2026-5-20 15:21:28-debug: // ---- build task 整理部分构建选项内数据到 settings.json ----
2026-5-20 15:21:28-debug: 整理部分构建选项内数据到 settings.json start, progress: 13%
2026-5-20 15:21:28-debug: // ---- build task 整理部分构建选项内数据到 settings.json ---- (3ms)
2026-5-20 15:21:28-log: run build task 整理部分构建选项内数据到 settings.json success in 3 ms√, progress: 15%
2026-5-20 15:21:28-debug: [Build Memory track]: 整理部分构建选项内数据到 settings.json start:236.34MB, end 236.46MB, increase: 122.84KB
2026-5-20 15:22:35-debug: refresh db internal success
2026-5-20 15:22:35-debug: refresh db assets success
2026-5-20 15:22:35-debug: Run asset db hook engine-extends:afterRefresh ...
2026-5-20 15:22:35-debug: Run asset db hook engine-extends:afterRefresh success!
2026-5-20 15:22:35-debug: asset-db:refresh-all-database (33ms)
2026-5-20 15:22:35-debug: asset-db:worker-effect-data-processing (1ms)
2026-5-20 15:22:35-debug: asset-db-hook-engine-extends-afterRefresh (1ms)
2026-5-20 15:22:46-debug: refresh db internal success
2026-5-20 15:22:46-debug: %cImport%c: /Users/xiejianfeng/Downloads/Zuma/assets/Script/ZumaCurvePath.tsbackground: #aaff85; color: #000;color: #000;
2026-5-20 15:22:46-debug: refresh db assets success
2026-5-20 15:22:46-debug: Run asset db hook engine-extends:afterRefresh ...
2026-5-20 15:22:46-debug: Run asset db hook engine-extends:afterRefresh success!
2026-5-20 15:22:46-debug: asset-db:worker-effect-data-processing (1ms)
2026-5-20 15:22:46-debug: asset-db-hook-engine-extends-afterRefresh (2ms)
2026-5-20 15:22:46-debug: asset-db:refresh-all-database (37ms)
2026-5-20 15:22:47-debug: Query all assets info in project
2026-5-20 15:22:47-debug: init custom config: keepNodeUuid: false, useCache: true
2026-5-20 15:22:47-debug: Skip compress image, progress: 0%
2026-5-20 15:22:47-debug: Init all bundles start..., progress: 0%
2026-5-20 15:22:47-debug: Num of bundles: 2..., progress: 0%
2026-5-20 15:22:47-debug: Init bundle root assets start..., progress: 0%
2026-5-20 15:22:47-debug: 查询 Asset Bundle start, progress: 0%
2026-5-20 15:22:47-debug: // ---- build task 查询 Asset Bundle ----
2026-5-20 15:22:47-debug: Query preload assets/scripts from cc.config.json: 60f7195c-ec2a-45eb-ba94-8955f60e81d0,1c02ae6f-4492-4915-b8f8-7492a3b1e4cd,810e96e4-e456-4468-9b59-f4e8f39732c0,efe8e2a3-eace-427b-b4f1-cb8a937ec77d,e9aa9a3e-5b2b-4ac7-a2c7-073de2b2b24f,8bbdbcdd-5cd4-4100-b6d5-b7c9625b6107,50f4348b-c883-4e2f-8f11-ce233b859fa1,fda095cb-831d-4601-ad94-846013963de8,f92806d7-1768-443f-afe8-12bcde84d0f0,dd3a144d-ab7f-41f0-82b8-2e43a090d496,f0416e68-0200-4b77-a926-4f9d16e494da,970b0598-bcb0-4714-91fb-2e81440dccd8,bcd64cc6-2dd9-43f6-abbe-66318d332032,d930590d-bb92-4cc8-8bd1-23cd027f9edf,a3cd009f-0ab0-420d-9278-b9fdab939bbc,6a2d0734-bd9e-4ddf-946e-caa52498cb75,c27215d8-6835-4b68-bfbb-bdeac6100c04,b5d6115f-0370-4d7c-aad3-c194cc71cf98,871c3b6c-7379-419d-bda3-794b239ab90d,ff9b0199-ce04-4cfe-86cc-6c719f08d6e4,de1c2107-70c8-4021-8459-6399f24d01c6,cbf30902-517f-40dc-af90-a550bac27cf1,5c601d96-e4c7-4698-991b-7ee674b11079
2026-5-20 15:22:47-debug: Init bundle root assets success..., progress: 0%
2026-5-20 15:22:47-debug:   Number of all scripts: 12
2026-5-20 15:22:47-debug:   Number of other assets: 338
2026-5-20 15:22:47-debug:   Number of all scenes: 2
2026-5-20 15:22:47-debug: // ---- build task 查询 Asset Bundle ---- (3ms)
2026-5-20 15:22:47-log: run build task 查询 Asset Bundle success in 3 ms√, progress: 5%
2026-5-20 15:22:47-debug: [Build Memory track]: 查询 Asset Bundle start:237.70MB, end 237.46MB, increase: -249.93KB
2026-5-20 15:22:47-debug: 查询 Asset Bundle start, progress: 5%
2026-5-20 15:22:47-debug: // ---- build task 查询 Asset Bundle ----
2026-5-20 15:22:47-debug: // ---- build task 查询 Asset Bundle ---- (2ms)
2026-5-20 15:22:47-debug: [Build Memory track]: 查询 Asset Bundle start:237.49MB, end 237.59MB, increase: 105.43KB
2026-5-20 15:22:47-debug: 整理部分构建选项内数据到 settings.json start, progress: 10%
2026-5-20 15:22:47-debug: // ---- build task 整理部分构建选项内数据到 settings.json ----
2026-5-20 15:22:47-log: run build task 查询 Asset Bundle success in 2 ms√, progress: 10%
2026-5-20 15:22:47-debug: // ---- build task 整理部分构建选项内数据到 settings.json ---- (1ms)
2026-5-20 15:22:47-debug: 填充脚本数据到 settings.json start, progress: 12%
2026-5-20 15:22:47-log: run build task 整理部分构建选项内数据到 settings.json success in 1 ms√, progress: 12%
2026-5-20 15:22:47-debug: // ---- build task 填充脚本数据到 settings.json ----
2026-5-20 15:22:47-debug: [Build Memory track]: 整理部分构建选项内数据到 settings.json start:237.62MB, end 237.64MB, increase: 25.09KB
2026-5-20 15:22:47-debug: // ---- build task 填充脚本数据到 settings.json ---- (1ms)
2026-5-20 15:22:47-log: run build task 填充脚本数据到 settings.json success in 1 ms√, progress: 13%
2026-5-20 15:22:47-debug: [Build Memory track]: 填充脚本数据到 settings.json start:237.67MB, end 237.70MB, increase: 28.22KB
2026-5-20 15:22:47-debug: 整理部分构建选项内数据到 settings.json start, progress: 13%
2026-5-20 15:22:47-debug: // ---- build task 整理部分构建选项内数据到 settings.json ----
2026-5-20 15:22:47-debug: // ---- build task 整理部分构建选项内数据到 settings.json ---- (3ms)
2026-5-20 15:22:47-log: run build task 整理部分构建选项内数据到 settings.json success in 3 ms√, progress: 15%
2026-5-20 15:22:47-debug: [Build Memory track]: 整理部分构建选项内数据到 settings.json start:237.72MB, end 237.84MB, increase: 122.74KB
2026-5-20 15:23:10-debug: refresh db internal success
2026-5-20 15:23:10-debug: %cImport%c: /Users/xiejianfeng/Downloads/Zuma/assets/Script/ZumaCurvePath.tsbackground: #aaff85; color: #000;color: #000;
2026-5-20 15:23:10-debug: refresh db assets success
2026-5-20 15:23:10-debug: Run asset db hook engine-extends:afterRefresh ...
2026-5-20 15:23:10-debug: Run asset db hook engine-extends:afterRefresh success!
2026-5-20 15:23:10-debug: asset-db:refresh-all-database (49ms)
2026-5-20 15:23:10-debug: asset-db:worker-effect-data-processing (1ms)
2026-5-20 15:23:10-debug: asset-db-hook-engine-extends-afterRefresh (2ms)
2026-5-20 15:23:23-debug: refresh db internal success
2026-5-20 15:23:23-debug: %cImport%c: /Users/xiejianfeng/Downloads/Zuma/assets/Script/ZumaCurvePath.tsbackground: #aaff85; color: #000;color: #000;
2026-5-20 15:23:23-debug: refresh db assets success
2026-5-20 15:23:23-debug: Run asset db hook engine-extends:afterRefresh success!
2026-5-20 15:23:23-debug: Run asset db hook engine-extends:afterRefresh ...
2026-5-20 15:23:23-debug: asset-db:refresh-all-database (90ms)
2026-5-20 15:23:23-debug: asset-db-hook-engine-extends-afterRefresh (3ms)
2026-5-20 15:23:23-debug: asset-db:worker-effect-data-processing (2ms)
2026-5-20 15:23:24-debug: Query all assets info in project
2026-5-20 15:23:24-debug: init custom config: keepNodeUuid: false, useCache: true
2026-5-20 15:23:24-debug: Skip compress image, progress: 0%
2026-5-20 15:23:24-debug: Init all bundles start..., progress: 0%
2026-5-20 15:23:24-debug: Num of bundles: 2..., progress: 0%
2026-5-20 15:23:24-debug: 查询 Asset Bundle start, progress: 0%
2026-5-20 15:23:24-debug: // ---- build task 查询 Asset Bundle ----
2026-5-20 15:23:24-debug: Init bundle root assets start..., progress: 0%
2026-5-20 15:23:24-debug: Query preload assets/scripts from cc.config.json: 60f7195c-ec2a-45eb-ba94-8955f60e81d0,1c02ae6f-4492-4915-b8f8-7492a3b1e4cd,810e96e4-e456-4468-9b59-f4e8f39732c0,efe8e2a3-eace-427b-b4f1-cb8a937ec77d,e9aa9a3e-5b2b-4ac7-a2c7-073de2b2b24f,8bbdbcdd-5cd4-4100-b6d5-b7c9625b6107,50f4348b-c883-4e2f-8f11-ce233b859fa1,fda095cb-831d-4601-ad94-846013963de8,f92806d7-1768-443f-afe8-12bcde84d0f0,dd3a144d-ab7f-41f0-82b8-2e43a090d496,f0416e68-0200-4b77-a926-4f9d16e494da,970b0598-bcb0-4714-91fb-2e81440dccd8,bcd64cc6-2dd9-43f6-abbe-66318d332032,d930590d-bb92-4cc8-8bd1-23cd027f9edf,a3cd009f-0ab0-420d-9278-b9fdab939bbc,6a2d0734-bd9e-4ddf-946e-caa52498cb75,c27215d8-6835-4b68-bfbb-bdeac6100c04,b5d6115f-0370-4d7c-aad3-c194cc71cf98,871c3b6c-7379-419d-bda3-794b239ab90d,ff9b0199-ce04-4cfe-86cc-6c719f08d6e4,de1c2107-70c8-4021-8459-6399f24d01c6,cbf30902-517f-40dc-af90-a550bac27cf1,5c601d96-e4c7-4698-991b-7ee674b11079
2026-5-20 15:23:24-debug:   Number of other assets: 338
2026-5-20 15:23:24-debug:   Number of all scripts: 12
2026-5-20 15:23:24-debug: Init bundle root assets success..., progress: 0%
2026-5-20 15:23:24-debug:   Number of all scenes: 2
2026-5-20 15:23:24-debug: // ---- build task 查询 Asset Bundle ---- (3ms)
2026-5-20 15:23:24-log: run build task 查询 Asset Bundle success in 3 ms√, progress: 5%
2026-5-20 15:23:24-debug: [Build Memory track]: 查询 Asset Bundle start:238.99MB, end 238.68MB, increase: -324.45KB
2026-5-20 15:23:24-debug: // ---- build task 查询 Asset Bundle ----
2026-5-20 15:23:24-debug: 查询 Asset Bundle start, progress: 5%
2026-5-20 15:23:24-debug: // ---- build task 查询 Asset Bundle ---- (2ms)
2026-5-20 15:23:24-debug: [Build Memory track]: 查询 Asset Bundle start:238.70MB, end 238.81MB, increase: 107.52KB
2026-5-20 15:23:24-debug: // ---- build task 整理部分构建选项内数据到 settings.json ----
2026-5-20 15:23:24-debug: 整理部分构建选项内数据到 settings.json start, progress: 10%
2026-5-20 15:23:24-log: run build task 查询 Asset Bundle success in 2 ms√, progress: 10%
2026-5-20 15:23:24-log: run build task 整理部分构建选项内数据到 settings.json success in √, progress: 12%
2026-5-20 15:23:24-debug: [Build Memory track]: 整理部分构建选项内数据到 settings.json start:238.84MB, end 238.85MB, increase: 16.32KB
2026-5-20 15:23:24-debug: 填充脚本数据到 settings.json start, progress: 12%
2026-5-20 15:23:24-debug: // ---- build task 填充脚本数据到 settings.json ----
2026-5-20 15:23:24-debug: // ---- build task 填充脚本数据到 settings.json ---- (1ms)
2026-5-20 15:23:24-log: run build task 填充脚本数据到 settings.json success in 1 ms√, progress: 13%
2026-5-20 15:23:24-debug: [Build Memory track]: 填充脚本数据到 settings.json start:238.88MB, end 238.90MB, increase: 23.90KB
2026-5-20 15:23:24-debug: 整理部分构建选项内数据到 settings.json start, progress: 13%
2026-5-20 15:23:24-debug: // ---- build task 整理部分构建选项内数据到 settings.json ----
2026-5-20 15:23:24-debug: // ---- build task 整理部分构建选项内数据到 settings.json ---- (3ms)
2026-5-20 15:23:24-log: run build task 整理部分构建选项内数据到 settings.json success in 3 ms√, progress: 15%
2026-5-20 15:23:24-debug: [Build Memory track]: 整理部分构建选项内数据到 settings.json start:238.93MB, end 239.05MB, increase: 122.82KB
2026-5-20 15:27:29-debug: refresh db internal success
2026-5-20 15:27:29-debug: refresh db assets success
2026-5-20 15:27:29-debug: Run asset db hook engine-extends:afterRefresh ...
2026-5-20 15:27:29-debug: Run asset db hook engine-extends:afterRefresh success!
2026-5-20 15:27:29-debug: asset-db:refresh-all-database (43ms)
2026-5-20 15:27:29-debug: asset-db:worker-effect-data-processing (1ms)
2026-5-20 15:27:29-debug: asset-db-hook-engine-extends-afterRefresh (2ms)
2026-5-20 15:31:17-debug: refresh db internal success
2026-5-20 15:31:17-debug: %cImport%c: /Users/xiejianfeng/Downloads/Zuma/assets/Script/ZumaCurvePath.tsbackground: #aaff85; color: #000;color: #000;
2026-5-20 15:31:17-debug: refresh db assets success
2026-5-20 15:31:17-debug: Run asset db hook engine-extends:afterRefresh ...
2026-5-20 15:31:17-debug: Run asset db hook engine-extends:afterRefresh success!
2026-5-20 15:31:17-debug: asset-db:refresh-all-database (46ms)
2026-5-20 15:31:17-debug: asset-db-hook-engine-extends-afterRefresh (2ms)
2026-5-20 15:31:17-debug: asset-db:worker-effect-data-processing (2ms)
2026-5-20 15:31:20-debug: Query all assets info in project
2026-5-20 15:31:20-debug: init custom config: keepNodeUuid: false, useCache: true
2026-5-20 15:31:20-debug: Skip compress image, progress: 0%
2026-5-20 15:31:20-debug: Init all bundles start..., progress: 0%
2026-5-20 15:31:20-debug: Num of bundles: 2..., progress: 0%
2026-5-20 15:31:20-debug: // ---- build task 查询 Asset Bundle ----
2026-5-20 15:31:20-debug: Init bundle root assets start..., progress: 0%
2026-5-20 15:31:20-debug: 查询 Asset Bundle start, progress: 0%
2026-5-20 15:31:20-debug: Query preload assets/scripts from cc.config.json: 60f7195c-ec2a-45eb-ba94-8955f60e81d0,1c02ae6f-4492-4915-b8f8-7492a3b1e4cd,810e96e4-e456-4468-9b59-f4e8f39732c0,efe8e2a3-eace-427b-b4f1-cb8a937ec77d,e9aa9a3e-5b2b-4ac7-a2c7-073de2b2b24f,8bbdbcdd-5cd4-4100-b6d5-b7c9625b6107,50f4348b-c883-4e2f-8f11-ce233b859fa1,fda095cb-831d-4601-ad94-846013963de8,f92806d7-1768-443f-afe8-12bcde84d0f0,dd3a144d-ab7f-41f0-82b8-2e43a090d496,f0416e68-0200-4b77-a926-4f9d16e494da,970b0598-bcb0-4714-91fb-2e81440dccd8,bcd64cc6-2dd9-43f6-abbe-66318d332032,d930590d-bb92-4cc8-8bd1-23cd027f9edf,a3cd009f-0ab0-420d-9278-b9fdab939bbc,6a2d0734-bd9e-4ddf-946e-caa52498cb75,c27215d8-6835-4b68-bfbb-bdeac6100c04,b5d6115f-0370-4d7c-aad3-c194cc71cf98,871c3b6c-7379-419d-bda3-794b239ab90d,ff9b0199-ce04-4cfe-86cc-6c719f08d6e4,de1c2107-70c8-4021-8459-6399f24d01c6,cbf30902-517f-40dc-af90-a550bac27cf1,5c601d96-e4c7-4698-991b-7ee674b11079
2026-5-20 15:31:20-debug:   Number of all scripts: 12
2026-5-20 15:31:20-debug:   Number of all scenes: 2
2026-5-20 15:31:20-debug:   Number of other assets: 338
2026-5-20 15:31:20-debug: Init bundle root assets success..., progress: 0%
2026-5-20 15:31:20-debug: // ---- build task 查询 Asset Bundle ---- (3ms)
2026-5-20 15:31:20-log: run build task 查询 Asset Bundle success in 3 ms√, progress: 5%
2026-5-20 15:31:20-debug: [Build Memory track]: 查询 Asset Bundle start:239.93MB, end 239.58MB, increase: -359.39KB
2026-5-20 15:31:20-debug: 查询 Asset Bundle start, progress: 5%
2026-5-20 15:31:20-debug: // ---- build task 查询 Asset Bundle ----
2026-5-20 15:31:20-debug: // ---- build task 查询 Asset Bundle ---- (1ms)
2026-5-20 15:31:20-log: run build task 查询 Asset Bundle success in 1 ms√, progress: 10%
2026-5-20 15:31:20-debug: 整理部分构建选项内数据到 settings.json start, progress: 10%
2026-5-20 15:31:20-debug: [Build Memory track]: 查询 Asset Bundle start:239.61MB, end 239.71MB, increase: 105.54KB
2026-5-20 15:31:20-debug: // ---- build task 整理部分构建选项内数据到 settings.json ----
2026-5-20 15:31:20-debug: // ---- build task 整理部分构建选项内数据到 settings.json ---- (1ms)
2026-5-20 15:31:20-debug: // ---- build task 填充脚本数据到 settings.json ----
2026-5-20 15:31:20-debug: 填充脚本数据到 settings.json start, progress: 12%
2026-5-20 15:31:20-debug: [Build Memory track]: 整理部分构建选项内数据到 settings.json start:239.74MB, end 239.76MB, increase: 25.05KB
2026-5-20 15:31:20-log: run build task 整理部分构建选项内数据到 settings.json success in 1 ms√, progress: 12%
2026-5-20 15:31:20-debug: // ---- build task 填充脚本数据到 settings.json ---- (1ms)
2026-5-20 15:31:20-log: run build task 填充脚本数据到 settings.json success in 1 ms√, progress: 13%
2026-5-20 15:31:20-debug: [Build Memory track]: 填充脚本数据到 settings.json start:239.79MB, end 239.81MB, increase: 24.69KB
2026-5-20 15:31:20-debug: // ---- build task 整理部分构建选项内数据到 settings.json ----
2026-5-20 15:31:20-debug: 整理部分构建选项内数据到 settings.json start, progress: 13%
2026-5-20 15:31:20-debug: // ---- build task 整理部分构建选项内数据到 settings.json ---- (3ms)
2026-5-20 15:31:20-log: run build task 整理部分构建选项内数据到 settings.json success in 3 ms√, progress: 15%
2026-5-20 15:31:20-debug: [Build Memory track]: 整理部分构建选项内数据到 settings.json start:239.84MB, end 239.96MB, increase: 122.80KB
2026-5-20 15:31:41-debug: Query all assets info in project
2026-5-20 15:31:41-debug: init custom config: keepNodeUuid: false, useCache: true
2026-5-20 15:31:41-debug: Skip compress image, progress: 0%
2026-5-20 15:31:41-debug: Init all bundles start..., progress: 0%
2026-5-20 15:31:41-debug: Init bundle root assets start..., progress: 0%
2026-5-20 15:31:41-debug: Num of bundles: 2..., progress: 0%
2026-5-20 15:31:41-debug: 查询 Asset Bundle start, progress: 0%
2026-5-20 15:31:41-debug: // ---- build task 查询 Asset Bundle ----
2026-5-20 15:31:41-debug: Query preload assets/scripts from cc.config.json: 60f7195c-ec2a-45eb-ba94-8955f60e81d0,1c02ae6f-4492-4915-b8f8-7492a3b1e4cd,810e96e4-e456-4468-9b59-f4e8f39732c0,efe8e2a3-eace-427b-b4f1-cb8a937ec77d,e9aa9a3e-5b2b-4ac7-a2c7-073de2b2b24f,8bbdbcdd-5cd4-4100-b6d5-b7c9625b6107,50f4348b-c883-4e2f-8f11-ce233b859fa1,fda095cb-831d-4601-ad94-846013963de8,f92806d7-1768-443f-afe8-12bcde84d0f0,dd3a144d-ab7f-41f0-82b8-2e43a090d496,f0416e68-0200-4b77-a926-4f9d16e494da,970b0598-bcb0-4714-91fb-2e81440dccd8,bcd64cc6-2dd9-43f6-abbe-66318d332032,d930590d-bb92-4cc8-8bd1-23cd027f9edf,a3cd009f-0ab0-420d-9278-b9fdab939bbc,6a2d0734-bd9e-4ddf-946e-caa52498cb75,c27215d8-6835-4b68-bfbb-bdeac6100c04,b5d6115f-0370-4d7c-aad3-c194cc71cf98,871c3b6c-7379-419d-bda3-794b239ab90d,ff9b0199-ce04-4cfe-86cc-6c719f08d6e4,de1c2107-70c8-4021-8459-6399f24d01c6,cbf30902-517f-40dc-af90-a550bac27cf1,5c601d96-e4c7-4698-991b-7ee674b11079
2026-5-20 15:31:41-debug:   Number of all scenes: 2
2026-5-20 15:31:41-debug:   Number of all scripts: 12
2026-5-20 15:31:41-debug: Init bundle root assets success..., progress: 0%
2026-5-20 15:31:41-debug:   Number of other assets: 338
2026-5-20 15:31:41-debug: // ---- build task 查询 Asset Bundle ---- (5ms)
2026-5-20 15:31:41-log: run build task 查询 Asset Bundle success in 5 ms√, progress: 5%
2026-5-20 15:31:41-debug: [Build Memory track]: 查询 Asset Bundle start:240.55MB, end 241.08MB, increase: 543.68KB
2026-5-20 15:31:41-debug: 查询 Asset Bundle start, progress: 5%
2026-5-20 15:31:41-debug: // ---- build task 查询 Asset Bundle ----
2026-5-20 15:31:41-debug: // ---- build task 查询 Asset Bundle ---- (2ms)
2026-5-20 15:31:41-log: run build task 查询 Asset Bundle success in 2 ms√, progress: 10%
2026-5-20 15:31:41-debug: [Build Memory track]: 查询 Asset Bundle start:241.10MB, end 239.70MB, increase: -1442.35KB
2026-5-20 15:31:41-debug: 整理部分构建选项内数据到 settings.json start, progress: 10%
2026-5-20 15:31:41-debug: // ---- build task 整理部分构建选项内数据到 settings.json ----
2026-5-20 15:31:41-debug: // ---- build task 整理部分构建选项内数据到 settings.json ---- (1ms)
2026-5-20 15:31:41-debug: 填充脚本数据到 settings.json start, progress: 12%
2026-5-20 15:31:41-log: run build task 整理部分构建选项内数据到 settings.json success in 1 ms√, progress: 12%
2026-5-20 15:31:41-debug: // ---- build task 填充脚本数据到 settings.json ----
2026-5-20 15:31:41-debug: [Build Memory track]: 整理部分构建选项内数据到 settings.json start:239.72MB, end 239.75MB, increase: 25.18KB
2026-5-20 15:31:41-debug: // ---- build task 填充脚本数据到 settings.json ---- (1ms)
2026-5-20 15:31:41-log: run build task 填充脚本数据到 settings.json success in 1 ms√, progress: 13%
2026-5-20 15:31:41-debug: [Build Memory track]: 填充脚本数据到 settings.json start:239.78MB, end 239.80MB, increase: 24.68KB
2026-5-20 15:31:41-debug: 整理部分构建选项内数据到 settings.json start, progress: 13%
2026-5-20 15:31:41-debug: // ---- build task 整理部分构建选项内数据到 settings.json ----
2026-5-20 15:31:41-debug: // ---- build task 整理部分构建选项内数据到 settings.json ---- (3ms)
2026-5-20 15:31:41-log: run build task 整理部分构建选项内数据到 settings.json success in 3 ms√, progress: 15%
2026-5-20 15:31:41-debug: [Build Memory track]: 整理部分构建选项内数据到 settings.json start:239.83MB, end 239.95MB, increase: 122.88KB
2026-5-20 15:32:18-debug: %cImport%c: /Users/xiejianfeng/Downloads/Zuma/assets/Scene/Map1.scenebackground: #aaff85; color: #000;color: #000;
2026-5-20 15:32:18-debug: asset-db:reimport-assetba60efc0-dcd1-4d9b-a1fc-495b102b261d (7ms)
2026-5-20 15:32:47-debug: refresh db internal success
2026-5-20 15:32:47-debug: refresh db assets success
2026-5-20 15:32:47-debug: Run asset db hook engine-extends:afterRefresh ...
2026-5-20 15:32:47-debug: Run asset db hook engine-extends:afterRefresh success!
2026-5-20 15:32:47-debug: asset-db:refresh-all-database (57ms)
2026-5-20 15:32:47-debug: asset-db:worker-effect-data-processing (4ms)
2026-5-20 15:32:47-debug: asset-db-hook-engine-extends-afterRefresh (6ms)
2026-5-20 15:33:44-debug: refresh db internal success
2026-5-20 15:33:44-debug: refresh db assets success
2026-5-20 15:33:44-debug: Run asset db hook engine-extends:afterRefresh ...
2026-5-20 15:33:44-debug: Run asset db hook engine-extends:afterRefresh success!
2026-5-20 15:33:44-debug: asset-db:refresh-all-database (49ms)
2026-5-20 15:33:44-debug: asset-db:worker-effect-data-processing (1ms)
2026-5-20 15:33:44-debug: asset-db-hook-engine-extends-afterRefresh (2ms)
2026-5-20 15:33:46-debug: Query all assets info in project
2026-5-20 15:33:46-debug: init custom config: keepNodeUuid: false, useCache: true
2026-5-20 15:33:46-debug: Skip compress image, progress: 0%
2026-5-20 15:33:46-debug: Num of bundles: 2..., progress: 0%
2026-5-20 15:33:46-debug: Init all bundles start..., progress: 0%
2026-5-20 15:33:46-debug: 查询 Asset Bundle start, progress: 0%
2026-5-20 15:33:46-debug: // ---- build task 查询 Asset Bundle ----
2026-5-20 15:33:46-debug: Init bundle root assets start..., progress: 0%
2026-5-20 15:33:46-debug: Query preload assets/scripts from cc.config.json: 60f7195c-ec2a-45eb-ba94-8955f60e81d0,1c02ae6f-4492-4915-b8f8-7492a3b1e4cd,810e96e4-e456-4468-9b59-f4e8f39732c0,efe8e2a3-eace-427b-b4f1-cb8a937ec77d,e9aa9a3e-5b2b-4ac7-a2c7-073de2b2b24f,8bbdbcdd-5cd4-4100-b6d5-b7c9625b6107,50f4348b-c883-4e2f-8f11-ce233b859fa1,fda095cb-831d-4601-ad94-846013963de8,f92806d7-1768-443f-afe8-12bcde84d0f0,dd3a144d-ab7f-41f0-82b8-2e43a090d496,f0416e68-0200-4b77-a926-4f9d16e494da,970b0598-bcb0-4714-91fb-2e81440dccd8,bcd64cc6-2dd9-43f6-abbe-66318d332032,d930590d-bb92-4cc8-8bd1-23cd027f9edf,a3cd009f-0ab0-420d-9278-b9fdab939bbc,6a2d0734-bd9e-4ddf-946e-caa52498cb75,c27215d8-6835-4b68-bfbb-bdeac6100c04,b5d6115f-0370-4d7c-aad3-c194cc71cf98,871c3b6c-7379-419d-bda3-794b239ab90d,ff9b0199-ce04-4cfe-86cc-6c719f08d6e4,de1c2107-70c8-4021-8459-6399f24d01c6,cbf30902-517f-40dc-af90-a550bac27cf1,5c601d96-e4c7-4698-991b-7ee674b11079
2026-5-20 15:33:46-debug:   Number of all scenes: 2
2026-5-20 15:33:46-debug:   Number of all scripts: 12
2026-5-20 15:33:46-debug: Init bundle root assets success..., progress: 0%
2026-5-20 15:33:46-debug:   Number of other assets: 338
2026-5-20 15:33:46-debug: // ---- build task 查询 Asset Bundle ---- (5ms)
2026-5-20 15:33:46-debug: // ---- build task 查询 Asset Bundle ----
2026-5-20 15:33:46-debug: [Build Memory track]: 查询 Asset Bundle start:241.69MB, end 241.06MB, increase: -645.86KB
2026-5-20 15:33:46-debug: 查询 Asset Bundle start, progress: 5%
2026-5-20 15:33:46-log: run build task 查询 Asset Bundle success in 5 ms√, progress: 5%
2026-5-20 15:33:46-debug: // ---- build task 查询 Asset Bundle ---- (1ms)
2026-5-20 15:33:46-debug: // ---- build task 整理部分构建选项内数据到 settings.json ----
2026-5-20 15:33:46-debug: 整理部分构建选项内数据到 settings.json start, progress: 10%
2026-5-20 15:33:46-debug: [Build Memory track]: 查询 Asset Bundle start:241.08MB, end 241.19MB, increase: 105.46KB
2026-5-20 15:33:46-log: run build task 查询 Asset Bundle success in 1 ms√, progress: 10%
2026-5-20 15:33:46-log: run build task 整理部分构建选项内数据到 settings.json success in √, progress: 12%
2026-5-20 15:33:46-debug: [Build Memory track]: 整理部分构建选项内数据到 settings.json start:241.21MB, end 241.23MB, increase: 16.29KB
2026-5-20 15:33:46-debug: 填充脚本数据到 settings.json start, progress: 12%
2026-5-20 15:33:46-debug: // ---- build task 填充脚本数据到 settings.json ----
2026-5-20 15:33:46-debug: // ---- build task 填充脚本数据到 settings.json ---- (1ms)
2026-5-20 15:33:46-log: run build task 填充脚本数据到 settings.json success in 1 ms√, progress: 13%
2026-5-20 15:33:46-debug: [Build Memory track]: 填充脚本数据到 settings.json start:241.26MB, end 241.28MB, increase: 23.93KB
2026-5-20 15:33:46-debug: // ---- build task 整理部分构建选项内数据到 settings.json ----
2026-5-20 15:33:46-debug: 整理部分构建选项内数据到 settings.json start, progress: 13%
2026-5-20 15:33:46-debug: // ---- build task 整理部分构建选项内数据到 settings.json ---- (3ms)
2026-5-20 15:33:46-log: run build task 整理部分构建选项内数据到 settings.json success in 3 ms√, progress: 15%
2026-5-20 15:33:46-debug: [Build Memory track]: 整理部分构建选项内数据到 settings.json start:241.31MB, end 240.68MB, increase: -639.16KB
