2026-5-20 12:35:59-log: Cannot access game frame or container.
2026-5-20 12:35:59-debug: asset-db:require-engine-code (586ms)
2026-5-20 12:35:59-log: [bullet]:bullet wasm lib loaded.
2026-5-20 12:35:59-log: meshopt wasm decoder initialized
2026-5-20 12:35:59-log: [box2d]:box2d wasm lib loaded.
2026-5-20 12:35:59-log: Cocos Creator v3.8.8
2026-5-20 12:35:59-log: Forward render pipeline initialized.
2026-5-20 12:35:59-log: Using legacy pipeline
2026-5-20 12:35:59-debug: [Assets Memory track]: asset-db:worker-init: initEngine start:30.51MB, end 79.14MB, increase: 48.63MB
2026-5-20 12:36:01-debug: [Assets Memory track]: asset-db:worker-init: initPlugin start:79.25MB, end 274.29MB, increase: 195.05MB
2026-5-20 12:36:01-debug: run package(runtime-dev-tools) handler(enable) start
2026-5-20 12:36:01-debug: run package(runtime-dev-tools) handler(enable) success!
2026-5-20 12:36:01-debug: run package(taobao-mini-game) handler(enable) start
2026-5-20 12:36:01-debug: run package(vivo-mini-game) handler(enable) success!
2026-5-20 12:36:01-debug: run package(web-desktop) handler(enable) success!
2026-5-20 12:36:01-debug: run package(web-mobile) handler(enable) success!
2026-5-20 12:36:01-debug: run package(web-mobile) handler(enable) start
2026-5-20 12:36:01-debug: run package(wechatgame) handler(enable) success!
2026-5-20 12:36:01-debug: run package(wechatgame) handler(enable) start
2026-5-20 12:36:01-debug: run package(windows) handler(enable) success!
2026-5-20 12:36:01-debug: run package(windows) handler(enable) start
2026-5-20 12:36:01-debug: run package(xiaomi-quick-game) handler(enable) start
2026-5-20 12:36:01-debug: run package(xiaomi-quick-game) handler(enable) success!
2026-5-20 12:36:01-debug: run package(wechatprogram) handler(enable) success!
2026-5-20 12:36:01-debug: run package(cocos-service) handler(enable) start
2026-5-20 12:36:01-debug: run package(wechatprogram) handler(enable) start
2026-5-20 12:36:01-debug: run package(im-plugin) handler(enable) success!
2026-5-20 12:36:01-debug: run package(cocos-service) handler(enable) success!
2026-5-20 12:36:01-debug: run package(im-plugin) handler(enable) start
2026-5-20 12:36:01-debug: run package(placeholder) handler(enable) start
2026-5-20 12:36:01-debug: run package(placeholder) handler(enable) success!
2026-5-20 12:36:01-debug: run package(taobao-mini-game) handler(enable) success!
2026-5-20 12:36:01-debug: run package(vivo-mini-game) handler(enable) start
2026-5-20 12:36:01-debug: run package(web-desktop) handler(enable) start
2026-5-20 12:36:01-debug: asset-db:worker-init: initPlugin (1548ms)
2026-5-20 12:36:01-debug: Run asset db hook programming:beforePreStart ...
2026-5-20 12:36:01-debug: [Assets Memory track]: asset-db:worker-init start:30.50MB, end 274.85MB, increase: 244.35MB
2026-5-20 12:36:01-debug: Run asset db hook programming:beforePreStart success!
2026-5-20 12:36:01-debug: Run asset db hook engine-extends:beforePreStart ...
2026-5-20 12:36:01-debug: Run asset db hook engine-extends:beforePreStart success!
2026-5-20 12:36:01-debug: asset-db:worker-init (2347ms)
2026-5-20 12:36:01-debug: asset-db-hook-programming-beforePreStart (76ms)
2026-5-20 12:36:01-debug: asset-db-hook-engine-extends-beforePreStart (76ms)
2026-5-20 12:36:01-debug: Preimport db internal success
2026-5-20 12:36:01-debug: Preimport db assets success
2026-5-20 12:36:01-debug: starting packer-driver...
2026-5-20 12:36:01-debug: Run asset db hook programming:afterPreStart ...
2026-5-20 12:36:01-debug: initialize scripting environment...
2026-5-20 12:36:01-debug: [[Executor]] prepare before lock
2026-5-20 12:36:01-debug: Set detail map pack:///resolution-detail-map.json: {}
2026-5-20 12:36:01-debug: [[Executor]] prepare after unlock
2026-5-20 12:36:01-debug: [Assets Memory track]: asset-db:worker-init: preStart start:274.86MB, end 279.58MB, increase: 4.71MB
2026-5-20 12:36:01-debug: Start up the 'internal' database...
2026-5-20 12:36:01-debug: Run asset db hook engine-extends:afterPreStart success!
2026-5-20 12:36:01-debug: Run asset db hook programming:afterPreStart success!
2026-5-20 12:36:01-debug: Run asset db hook engine-extends:afterPreStart ...
2026-5-20 12:36:01-debug: asset-db-hook-programming-afterPreStart (405ms)
2026-5-20 12:36:01-debug: asset-db:worker-effect-data-processing (224ms)
2026-5-20 12:36:01-debug: asset-db-hook-engine-extends-afterPreStart (224ms)
2026-5-20 12:36:01-debug: Run asset db hook engine-extends:afterStartDB ...
2026-5-20 12:36:02-debug: recompile effect.bin success
2026-5-20 12:36:02-debug: Start up the 'assets' database...
2026-5-20 12:36:02-debug: Run asset db hook engine-extends:afterStartDB success!
2026-5-20 12:36:02-debug: asset-db:worker-effect-data-processing (242ms)
2026-5-20 12:36:02-debug: asset-db-hook-engine-extends-afterStartDB (244ms)
2026-5-20 12:36:02-debug: Run asset db hook engine-extends:afterStartDB ...
2026-5-20 12:36:02-debug: recompile effect.bin success
2026-5-20 12:36:02-debug: lazy register asset handler *
2026-5-20 12:36:02-debug: lazy register asset handler directory
2026-5-20 12:36:02-debug: lazy register asset handler json
2026-5-20 12:36:02-debug: lazy register asset handler dragonbones
2026-5-20 12:36:02-debug: lazy register asset handler spine-data
2026-5-20 12:36:02-debug: lazy register asset handler dragonbones-atlas
2026-5-20 12:36:02-debug: lazy register asset handler terrain
2026-5-20 12:36:02-debug: lazy register asset handler javascript
2026-5-20 12:36:02-debug: lazy register asset handler typescript
2026-5-20 12:36:02-debug: lazy register asset handler scene
2026-5-20 12:36:02-debug: lazy register asset handler prefab
2026-5-20 12:36:02-debug: lazy register asset handler sprite-frame
2026-5-20 12:36:02-debug: lazy register asset handler tiled-map
2026-5-20 12:36:02-debug: lazy register asset handler buffer
2026-5-20 12:36:02-debug: lazy register asset handler image
2026-5-20 12:36:02-debug: lazy register asset handler sign-image
2026-5-20 12:36:02-debug: lazy register asset handler alpha-image
2026-5-20 12:36:02-debug: lazy register asset handler texture
2026-5-20 12:36:02-debug: [Assets Memory track]: asset-db:worker-init: startup start:279.59MB, end 298.57MB, increase: 18.98MB
2026-5-20 12:36:02-debug: lazy register asset handler texture-cube
2026-5-20 12:36:02-debug: lazy register asset handler erp-texture-cube
2026-5-20 12:36:02-debug: lazy register asset handler render-texture
2026-5-20 12:36:02-debug: lazy register asset handler rt-sprite-frame
2026-5-20 12:36:02-debug: lazy register asset handler gltf
2026-5-20 12:36:02-debug: lazy register asset handler gltf-mesh
2026-5-20 12:36:02-debug: lazy register asset handler gltf-animation
2026-5-20 12:36:02-debug: lazy register asset handler gltf-skeleton
2026-5-20 12:36:02-debug: lazy register asset handler gltf-material
2026-5-20 12:36:02-debug: lazy register asset handler gltf-scene
2026-5-20 12:36:02-debug: lazy register asset handler gltf-embeded-image
2026-5-20 12:36:02-debug: lazy register asset handler fbx
2026-5-20 12:36:02-debug: lazy register asset handler material
2026-5-20 12:36:02-debug: lazy register asset handler physics-material
2026-5-20 12:36:02-debug: lazy register asset handler effect
2026-5-20 12:36:02-debug: lazy register asset handler texture-cube-face
2026-5-20 12:36:02-debug: lazy register asset handler effect-header
2026-5-20 12:36:02-debug: lazy register asset handler animation-clip
2026-5-20 12:36:02-debug: lazy register asset handler animation-graph
2026-5-20 12:36:02-debug: lazy register asset handler animation-graph-variant
2026-5-20 12:36:02-debug: lazy register asset handler animation-mask
2026-5-20 12:36:02-debug: lazy register asset handler ttf-font
2026-5-20 12:36:02-debug: lazy register asset handler text
2026-5-20 12:36:02-debug: Run asset db hook engine-extends:afterStartDB success!
2026-5-20 12:36:02-debug: lazy register asset handler sprite-atlas
2026-5-20 12:36:02-debug: lazy register asset handler audio-clip
2026-5-20 12:36:02-debug: lazy register asset handler auto-atlas
2026-5-20 12:36:02-debug: lazy register asset handler render-pipeline
2026-5-20 12:36:02-debug: lazy register asset handler render-stage
2026-5-20 12:36:02-debug: lazy register asset handler render-flow
2026-5-20 12:36:02-debug: lazy register asset handler label-atlas
2026-5-20 12:36:02-debug: lazy register asset handler instantiation-mesh
2026-5-20 12:36:02-debug: lazy register asset handler instantiation-skeleton
2026-5-20 12:36:02-debug: lazy register asset handler particle
2026-5-20 12:36:02-debug: lazy register asset handler video-clip
2026-5-20 12:36:02-debug: lazy register asset handler instantiation-animation
2026-5-20 12:36:02-debug: lazy register asset handler bitmap-font
2026-5-20 12:36:02-debug: lazy register asset handler instantiation-material
2026-5-20 12:36:02-debug: asset-db:worker-effect-data-processing (159ms)
2026-5-20 12:36:02-debug: asset-db-hook-engine-extends-afterStartDB (160ms)
2026-5-20 12:36:02-debug: asset-db:start-database (977ms)
2026-5-20 12:36:02-debug: asset-db:ready (4757ms)
2026-5-20 12:36:02-debug: init worker message success
2026-5-20 12:36:02-debug: programming:execute-script (3ms)
2026-5-20 12:36:02-debug: [Build Memory track]: builder:worker-init start:302.40MB, end 312.38MB, increase: 9.97MB
2026-5-20 12:36:02-debug: builder:worker-init (216ms)
2026-5-20 12:36:32-debug: Query all assets info in project
2026-5-20 12:36:32-debug: init custom config: keepNodeUuid: false, useCache: true
2026-5-20 12:36:32-debug: Skip compress image, progress: 0%
2026-5-20 12:36:32-debug: Init all bundles start..., progress: 0%
2026-5-20 12:36:32-debug: 查询 Asset Bundle start, progress: 0%
2026-5-20 12:36:32-debug: // ---- build task 查询 Asset Bundle ----
2026-5-20 12:36:32-debug: Num of bundles: 2..., progress: 0%
2026-5-20 12:36:32-debug: Init bundle root assets start..., progress: 0%
2026-5-20 12:36:32-debug: Query preload assets/scripts from cc.config.json: 60f7195c-ec2a-45eb-ba94-8955f60e81d0,1c02ae6f-4492-4915-b8f8-7492a3b1e4cd,810e96e4-e456-4468-9b59-f4e8f39732c0,efe8e2a3-eace-427b-b4f1-cb8a937ec77d,e9aa9a3e-5b2b-4ac7-a2c7-073de2b2b24f,8bbdbcdd-5cd4-4100-b6d5-b7c9625b6107,50f4348b-c883-4e2f-8f11-ce233b859fa1,fda095cb-831d-4601-ad94-846013963de8,f92806d7-1768-443f-afe8-12bcde84d0f0,dd3a144d-ab7f-41f0-82b8-2e43a090d496,f0416e68-0200-4b77-a926-4f9d16e494da,970b0598-bcb0-4714-91fb-2e81440dccd8,bcd64cc6-2dd9-43f6-abbe-66318d332032,d930590d-bb92-4cc8-8bd1-23cd027f9edf,a3cd009f-0ab0-420d-9278-b9fdab939bbc,6a2d0734-bd9e-4ddf-946e-caa52498cb75,c27215d8-6835-4b68-bfbb-bdeac6100c04,b5d6115f-0370-4d7c-aad3-c194cc71cf98,871c3b6c-7379-419d-bda3-794b239ab90d,ff9b0199-ce04-4cfe-86cc-6c719f08d6e4,de1c2107-70c8-4021-8459-6399f24d01c6,cbf30902-517f-40dc-af90-a550bac27cf1,5c601d96-e4c7-4698-991b-7ee674b11079
2026-5-20 12:36:32-debug:   Number of all scripts: 11
2026-5-20 12:36:32-debug: Init bundle root assets success..., progress: 0%
2026-5-20 12:36:32-debug:   Number of all scenes: 2
2026-5-20 12:36:32-debug:   Number of other assets: 338
2026-5-20 12:36:32-debug: // ---- build task 查询 Asset Bundle ---- (4ms)
2026-5-20 12:36:32-debug: // ---- build task 查询 Asset Bundle ----
2026-5-20 12:36:32-debug: [Build Memory track]: 查询 Asset Bundle start:222.55MB, end 222.38MB, increase: -174.11KB
2026-5-20 12:36:32-debug: 查询 Asset Bundle start, progress: 5%
2026-5-20 12:36:32-log: run build task 查询 Asset Bundle success in 4 ms√, progress: 5%
2026-5-20 12:36:32-debug: // ---- build task 查询 Asset Bundle ---- (1ms)
2026-5-20 12:36:32-debug: 整理部分构建选项内数据到 settings.json start, progress: 10%
2026-5-20 12:36:32-debug: // ---- build task 整理部分构建选项内数据到 settings.json ----
2026-5-20 12:36:32-log: run build task 查询 Asset Bundle success in 1 ms√, progress: 10%
2026-5-20 12:36:32-debug: [Build Memory track]: 查询 Asset Bundle start:222.41MB, end 222.53MB, increase: 118.89KB
2026-5-20 12:36:32-debug: // ---- build task 整理部分构建选项内数据到 settings.json ---- (2ms)
2026-5-20 12:36:32-debug: [Build Memory track]: 整理部分构建选项内数据到 settings.json start:222.57MB, end 221.89MB, increase: -692.42KB
2026-5-20 12:36:32-debug: 填充脚本数据到 settings.json start, progress: 12%
2026-5-20 12:36:32-debug: // ---- build task 填充脚本数据到 settings.json ----
2026-5-20 12:36:32-log: run build task 整理部分构建选项内数据到 settings.json success in 2 ms√, progress: 12%
2026-5-20 12:36:32-log: run build task 填充脚本数据到 settings.json success in √, progress: 13%
2026-5-20 12:36:32-debug: 整理部分构建选项内数据到 settings.json start, progress: 13%
2026-5-20 12:36:32-debug: [Build Memory track]: 填充脚本数据到 settings.json start:221.94MB, end 221.96MB, increase: 19.49KB
2026-5-20 12:36:32-debug: // ---- build task 整理部分构建选项内数据到 settings.json ----
2026-5-20 12:36:32-log: run build task 整理部分构建选项内数据到 settings.json success in 3 ms√, progress: 15%
2026-5-20 12:36:32-debug: [Build Memory track]: 整理部分构建选项内数据到 settings.json start:221.99MB, end 222.15MB, increase: 156.24KB
2026-5-20 12:36:32-debug: // ---- build task 整理部分构建选项内数据到 settings.json ---- (3ms)
2026-5-20 12:40:15-debug: refresh db internal success
2026-5-20 12:40:15-debug: %cImport%c: /Users/xiejianfeng/Downloads/Zuma/assets/Script/BallCollision.tsbackground: #aaff85; color: #000;color: #000;
2026-5-20 12:40:15-debug: refresh db assets success
2026-5-20 12:40:15-debug: Run asset db hook engine-extends:afterRefresh ...
2026-5-20 12:40:15-debug: Run asset db hook engine-extends:afterRefresh success!
2026-5-20 12:40:15-debug: asset-db:refresh-all-database (73ms)
2026-5-20 12:40:15-debug: asset-db:worker-effect-data-processing (2ms)
2026-5-20 12:40:15-debug: asset-db-hook-engine-extends-afterRefresh (2ms)
2026-5-20 12:40:18-debug: %cImport%c: /Users/xiejianfeng/Downloads/Zuma/assets/Prefab/greenball.prefabbackground: #aaff85; color: #000;color: #000;
2026-5-20 12:40:18-debug: asset-db:reimport-assetb2172737-b3d3-4abd-83f6-bc6f91dee69d (19ms)
2026-5-20 12:40:19-debug: Query all assets info in project
2026-5-20 12:40:19-debug: init custom config: keepNodeUuid: false, useCache: true
2026-5-20 12:40:19-debug: Skip compress image, progress: 0%
2026-5-20 12:40:19-debug: Init all bundles start..., progress: 0%
2026-5-20 12:40:19-debug: Num of bundles: 2..., progress: 0%
2026-5-20 12:40:19-debug: Init bundle root assets start..., progress: 0%
2026-5-20 12:40:19-debug: 查询 Asset Bundle start, progress: 0%
2026-5-20 12:40:19-debug: // ---- build task 查询 Asset Bundle ----
2026-5-20 12:40:19-debug: Query preload assets/scripts from cc.config.json: 60f7195c-ec2a-45eb-ba94-8955f60e81d0,1c02ae6f-4492-4915-b8f8-7492a3b1e4cd,810e96e4-e456-4468-9b59-f4e8f39732c0,efe8e2a3-eace-427b-b4f1-cb8a937ec77d,e9aa9a3e-5b2b-4ac7-a2c7-073de2b2b24f,8bbdbcdd-5cd4-4100-b6d5-b7c9625b6107,50f4348b-c883-4e2f-8f11-ce233b859fa1,fda095cb-831d-4601-ad94-846013963de8,f92806d7-1768-443f-afe8-12bcde84d0f0,dd3a144d-ab7f-41f0-82b8-2e43a090d496,f0416e68-0200-4b77-a926-4f9d16e494da,970b0598-bcb0-4714-91fb-2e81440dccd8,bcd64cc6-2dd9-43f6-abbe-66318d332032,d930590d-bb92-4cc8-8bd1-23cd027f9edf,a3cd009f-0ab0-420d-9278-b9fdab939bbc,6a2d0734-bd9e-4ddf-946e-caa52498cb75,c27215d8-6835-4b68-bfbb-bdeac6100c04,b5d6115f-0370-4d7c-aad3-c194cc71cf98,871c3b6c-7379-419d-bda3-794b239ab90d,ff9b0199-ce04-4cfe-86cc-6c719f08d6e4,de1c2107-70c8-4021-8459-6399f24d01c6,cbf30902-517f-40dc-af90-a550bac27cf1,5c601d96-e4c7-4698-991b-7ee674b11079
2026-5-20 12:40:19-debug:   Number of all scripts: 11
2026-5-20 12:40:19-debug: Init bundle root assets success..., progress: 0%
2026-5-20 12:40:19-debug:   Number of all scenes: 2
2026-5-20 12:40:19-debug:   Number of other assets: 338
2026-5-20 12:40:19-debug: // ---- build task 查询 Asset Bundle ---- (4ms)
2026-5-20 12:40:19-debug: [Build Memory track]: 查询 Asset Bundle start:223.43MB, end 223.85MB, increase: 430.07KB
2026-5-20 12:40:19-log: run build task 查询 Asset Bundle success in 4 ms√, progress: 5%
2026-5-20 12:40:19-debug: // ---- build task 查询 Asset Bundle ----
2026-5-20 12:40:19-debug: 查询 Asset Bundle start, progress: 5%
2026-5-20 12:40:19-debug: // ---- build task 查询 Asset Bundle ---- (1ms)
2026-5-20 12:40:19-log: run build task 查询 Asset Bundle success in 1 ms√, progress: 10%
2026-5-20 12:40:19-debug: 整理部分构建选项内数据到 settings.json start, progress: 10%
2026-5-20 12:40:19-debug: [Build Memory track]: 查询 Asset Bundle start:223.89MB, end 223.25MB, increase: -658.85KB
2026-5-20 12:40:19-debug: // ---- build task 整理部分构建选项内数据到 settings.json ----
2026-5-20 12:40:19-log: run build task 整理部分构建选项内数据到 settings.json success in √, progress: 12%
2026-5-20 12:40:19-debug: // ---- build task 填充脚本数据到 settings.json ----
2026-5-20 12:40:19-debug: 填充脚本数据到 settings.json start, progress: 12%
2026-5-20 12:40:19-debug: [Build Memory track]: 整理部分构建选项内数据到 settings.json start:223.29MB, end 223.32MB, increase: 27.94KB
2026-5-20 12:40:19-debug: // ---- build task 填充脚本数据到 settings.json ---- (1ms)
2026-5-20 12:40:19-debug: // ---- build task 整理部分构建选项内数据到 settings.json ----
2026-5-20 12:40:19-debug: [Build Memory track]: 填充脚本数据到 settings.json start:223.35MB, end 223.39MB, increase: 34.77KB
2026-5-20 12:40:19-debug: 整理部分构建选项内数据到 settings.json start, progress: 13%
2026-5-20 12:40:19-log: run build task 填充脚本数据到 settings.json success in 1 ms√, progress: 13%
2026-5-20 12:40:19-debug: // ---- build task 整理部分构建选项内数据到 settings.json ---- (3ms)
2026-5-20 12:40:19-log: run build task 整理部分构建选项内数据到 settings.json success in 3 ms√, progress: 15%
2026-5-20 12:40:19-debug: [Build Memory track]: 整理部分构建选项内数据到 settings.json start:223.43MB, end 223.56MB, increase: 140.46KB
2026-5-20 12:49:11-debug: refresh db internal success
2026-5-20 12:49:11-debug: %cImport%c: /Users/xiejianfeng/Downloads/Zuma/assets/Script/BallCollision.tsbackground: #aaff85; color: #000;color: #000;
2026-5-20 12:49:11-debug: %cImport%c: /Users/xiejianfeng/Downloads/Zuma/assets/Script/Control.tsbackground: #aaff85; color: #000;color: #000;
2026-5-20 12:49:11-debug: %cImport%c: /Users/xiejianfeng/Downloads/Zuma/assets/Script/ZumaCurvePath.tsbackground: #aaff85; color: #000;color: #000;
2026-5-20 12:49:11-debug: refresh db assets success
2026-5-20 12:49:11-debug: Run asset db hook engine-extends:afterRefresh ...
2026-5-20 12:49:11-debug: Run asset db hook engine-extends:afterRefresh success!
2026-5-20 12:49:11-debug: asset-db:refresh-all-database (45ms)
2026-5-20 12:49:11-debug: asset-db:worker-effect-data-processing (1ms)
2026-5-20 12:49:11-debug: asset-db-hook-engine-extends-afterRefresh (2ms)
2026-5-20 12:49:16-debug: Query all assets info in project
2026-5-20 12:49:16-debug: init custom config: keepNodeUuid: false, useCache: true
2026-5-20 12:49:16-debug: Skip compress image, progress: 0%
2026-5-20 12:49:16-debug: Init all bundles start..., progress: 0%
2026-5-20 12:49:16-debug: Num of bundles: 2..., progress: 0%
2026-5-20 12:49:16-debug: // ---- build task 查询 Asset Bundle ----
2026-5-20 12:49:16-debug: 查询 Asset Bundle start, progress: 0%
2026-5-20 12:49:16-debug: Init bundle root assets start..., progress: 0%
2026-5-20 12:49:16-debug: Query preload assets/scripts from cc.config.json: 60f7195c-ec2a-45eb-ba94-8955f60e81d0,1c02ae6f-4492-4915-b8f8-7492a3b1e4cd,810e96e4-e456-4468-9b59-f4e8f39732c0,efe8e2a3-eace-427b-b4f1-cb8a937ec77d,e9aa9a3e-5b2b-4ac7-a2c7-073de2b2b24f,8bbdbcdd-5cd4-4100-b6d5-b7c9625b6107,50f4348b-c883-4e2f-8f11-ce233b859fa1,fda095cb-831d-4601-ad94-846013963de8,f92806d7-1768-443f-afe8-12bcde84d0f0,dd3a144d-ab7f-41f0-82b8-2e43a090d496,f0416e68-0200-4b77-a926-4f9d16e494da,970b0598-bcb0-4714-91fb-2e81440dccd8,bcd64cc6-2dd9-43f6-abbe-66318d332032,d930590d-bb92-4cc8-8bd1-23cd027f9edf,a3cd009f-0ab0-420d-9278-b9fdab939bbc,6a2d0734-bd9e-4ddf-946e-caa52498cb75,c27215d8-6835-4b68-bfbb-bdeac6100c04,b5d6115f-0370-4d7c-aad3-c194cc71cf98,871c3b6c-7379-419d-bda3-794b239ab90d,ff9b0199-ce04-4cfe-86cc-6c719f08d6e4,de1c2107-70c8-4021-8459-6399f24d01c6,cbf30902-517f-40dc-af90-a550bac27cf1,5c601d96-e4c7-4698-991b-7ee674b11079
2026-5-20 12:49:16-debug: Init bundle root assets success..., progress: 0%
2026-5-20 12:49:16-debug:   Number of all scripts: 11
2026-5-20 12:49:16-debug:   Number of other assets: 338
2026-5-20 12:49:16-debug:   Number of all scenes: 2
2026-5-20 12:49:16-debug: // ---- build task 查询 Asset Bundle ---- (2ms)
2026-5-20 12:49:16-debug: [Build Memory track]: 查询 Asset Bundle start:225.28MB, end 225.07MB, increase: -224.59KB
2026-5-20 12:49:16-debug: 查询 Asset Bundle start, progress: 5%
2026-5-20 12:49:16-debug: // ---- build task 查询 Asset Bundle ----
2026-5-20 12:49:16-log: run build task 查询 Asset Bundle success in 2 ms√, progress: 5%
2026-5-20 12:49:16-debug: // ---- build task 查询 Asset Bundle ---- (2ms)
2026-5-20 12:49:16-log: run build task 查询 Asset Bundle success in 2 ms√, progress: 10%
2026-5-20 12:49:16-debug: [Build Memory track]: 查询 Asset Bundle start:225.10MB, end 225.21MB, increase: 111.65KB
2026-5-20 12:49:16-debug: 整理部分构建选项内数据到 settings.json start, progress: 10%
2026-5-20 12:49:16-debug: // ---- build task 整理部分构建选项内数据到 settings.json ----
2026-5-20 12:49:16-log: run build task 整理部分构建选项内数据到 settings.json success in √, progress: 12%
2026-5-20 12:49:16-debug: // ---- build task 填充脚本数据到 settings.json ----
2026-5-20 12:49:16-debug: 填充脚本数据到 settings.json start, progress: 12%
2026-5-20 12:49:16-debug: [Build Memory track]: 整理部分构建选项内数据到 settings.json start:225.25MB, end 225.27MB, increase: 26.38KB
2026-5-20 12:49:16-log: run build task 填充脚本数据到 settings.json success in √, progress: 13%
2026-5-20 12:49:16-debug: // ---- build task 整理部分构建选项内数据到 settings.json ----
2026-5-20 12:49:16-debug: [Build Memory track]: 填充脚本数据到 settings.json start:225.32MB, end 224.60MB, increase: -744.93KB
2026-5-20 12:49:16-debug: 整理部分构建选项内数据到 settings.json start, progress: 13%
2026-5-20 12:49:16-debug: // ---- build task 整理部分构建选项内数据到 settings.json ---- (2ms)
2026-5-20 12:49:16-log: run build task 整理部分构建选项内数据到 settings.json success in 2 ms√, progress: 15%
2026-5-20 12:49:16-debug: [Build Memory track]: 整理部分构建选项内数据到 settings.json start:224.64MB, end 224.76MB, increase: 124.34KB
2026-5-20 12:50:05-debug: Query all assets info in project
2026-5-20 12:50:05-debug: init custom config: keepNodeUuid: false, useCache: true
2026-5-20 12:50:05-debug: Skip compress image, progress: 0%
2026-5-20 12:50:05-debug: Init all bundles start..., progress: 0%
2026-5-20 12:50:05-debug: Num of bundles: 2..., progress: 0%
2026-5-20 12:50:05-debug: 查询 Asset Bundle start, progress: 0%
2026-5-20 12:50:05-debug: // ---- build task 查询 Asset Bundle ----
2026-5-20 12:50:05-debug: Init bundle root assets start..., progress: 0%
2026-5-20 12:50:05-debug: Query preload assets/scripts from cc.config.json: 60f7195c-ec2a-45eb-ba94-8955f60e81d0,1c02ae6f-4492-4915-b8f8-7492a3b1e4cd,810e96e4-e456-4468-9b59-f4e8f39732c0,efe8e2a3-eace-427b-b4f1-cb8a937ec77d,e9aa9a3e-5b2b-4ac7-a2c7-073de2b2b24f,8bbdbcdd-5cd4-4100-b6d5-b7c9625b6107,50f4348b-c883-4e2f-8f11-ce233b859fa1,fda095cb-831d-4601-ad94-846013963de8,f92806d7-1768-443f-afe8-12bcde84d0f0,dd3a144d-ab7f-41f0-82b8-2e43a090d496,f0416e68-0200-4b77-a926-4f9d16e494da,970b0598-bcb0-4714-91fb-2e81440dccd8,bcd64cc6-2dd9-43f6-abbe-66318d332032,d930590d-bb92-4cc8-8bd1-23cd027f9edf,a3cd009f-0ab0-420d-9278-b9fdab939bbc,6a2d0734-bd9e-4ddf-946e-caa52498cb75,c27215d8-6835-4b68-bfbb-bdeac6100c04,b5d6115f-0370-4d7c-aad3-c194cc71cf98,871c3b6c-7379-419d-bda3-794b239ab90d,ff9b0199-ce04-4cfe-86cc-6c719f08d6e4,de1c2107-70c8-4021-8459-6399f24d01c6,cbf30902-517f-40dc-af90-a550bac27cf1,5c601d96-e4c7-4698-991b-7ee674b11079
2026-5-20 12:50:05-debug:   Number of all scenes: 2
2026-5-20 12:50:05-debug:   Number of all scripts: 11
2026-5-20 12:50:05-debug:   Number of other assets: 338
2026-5-20 12:50:05-debug: Init bundle root assets success..., progress: 0%
2026-5-20 12:50:05-debug: // ---- build task 查询 Asset Bundle ---- (4ms)
2026-5-20 12:50:05-debug: [Build Memory track]: 查询 Asset Bundle start:225.38MB, end 225.05MB, increase: -338.96KB
2026-5-20 12:50:05-debug: 查询 Asset Bundle start, progress: 5%
2026-5-20 12:50:05-debug: // ---- build task 查询 Asset Bundle ----
2026-5-20 12:50:05-log: run build task 查询 Asset Bundle success in 4 ms√, progress: 5%
2026-5-20 12:50:05-debug: // ---- build task 查询 Asset Bundle ---- (2ms)
2026-5-20 12:50:05-debug: [Build Memory track]: 查询 Asset Bundle start:225.09MB, end 225.20MB, increase: 111.65KB
2026-5-20 12:50:05-debug: 整理部分构建选项内数据到 settings.json start, progress: 10%
2026-5-20 12:50:05-log: run build task 查询 Asset Bundle success in 2 ms√, progress: 10%
2026-5-20 12:50:05-debug: // ---- build task 整理部分构建选项内数据到 settings.json ----
2026-5-20 12:50:05-debug: // ---- build task 整理部分构建选项内数据到 settings.json ---- (1ms)
2026-5-20 12:50:05-debug: 填充脚本数据到 settings.json start, progress: 12%
2026-5-20 12:50:05-debug: [Build Memory track]: 整理部分构建选项内数据到 settings.json start:225.24MB, end 225.27MB, increase: 31.42KB
2026-5-20 12:50:05-debug: // ---- build task 填充脚本数据到 settings.json ----
2026-5-20 12:50:05-log: run build task 整理部分构建选项内数据到 settings.json success in 1 ms√, progress: 12%
2026-5-20 12:50:05-debug: // ---- build task 填充脚本数据到 settings.json ---- (1ms)
2026-5-20 12:50:05-debug: [Build Memory track]: 填充脚本数据到 settings.json start:225.30MB, end 225.33MB, increase: 30.87KB
2026-5-20 12:50:05-debug: 整理部分构建选项内数据到 settings.json start, progress: 13%
2026-5-20 12:50:05-debug: // ---- build task 整理部分构建选项内数据到 settings.json ----
2026-5-20 12:50:05-log: run build task 填充脚本数据到 settings.json success in 1 ms√, progress: 13%
2026-5-20 12:50:05-debug: // ---- build task 整理部分构建选项内数据到 settings.json ---- (3ms)
2026-5-20 12:50:05-log: run build task 整理部分构建选项内数据到 settings.json success in 3 ms√, progress: 15%
2026-5-20 12:50:05-debug: [Build Memory track]: 整理部分构建选项内数据到 settings.json start:225.37MB, end 225.50MB, increase: 129.38KB
2026-5-20 12:50:26-debug: Query all assets info in project
2026-5-20 12:50:26-debug: init custom config: keepNodeUuid: false, useCache: true
2026-5-20 12:50:26-debug: Skip compress image, progress: 0%
2026-5-20 12:50:26-debug: Init all bundles start..., progress: 0%
2026-5-20 12:50:26-debug: Num of bundles: 2..., progress: 0%
2026-5-20 12:50:26-debug: 查询 Asset Bundle start, progress: 0%
2026-5-20 12:50:26-debug: Init bundle root assets start..., progress: 0%
2026-5-20 12:50:26-debug: // ---- build task 查询 Asset Bundle ----
2026-5-20 12:50:26-debug: Query preload assets/scripts from cc.config.json: 60f7195c-ec2a-45eb-ba94-8955f60e81d0,1c02ae6f-4492-4915-b8f8-7492a3b1e4cd,810e96e4-e456-4468-9b59-f4e8f39732c0,efe8e2a3-eace-427b-b4f1-cb8a937ec77d,e9aa9a3e-5b2b-4ac7-a2c7-073de2b2b24f,8bbdbcdd-5cd4-4100-b6d5-b7c9625b6107,50f4348b-c883-4e2f-8f11-ce233b859fa1,fda095cb-831d-4601-ad94-846013963de8,f92806d7-1768-443f-afe8-12bcde84d0f0,dd3a144d-ab7f-41f0-82b8-2e43a090d496,f0416e68-0200-4b77-a926-4f9d16e494da,970b0598-bcb0-4714-91fb-2e81440dccd8,bcd64cc6-2dd9-43f6-abbe-66318d332032,d930590d-bb92-4cc8-8bd1-23cd027f9edf,a3cd009f-0ab0-420d-9278-b9fdab939bbc,6a2d0734-bd9e-4ddf-946e-caa52498cb75,c27215d8-6835-4b68-bfbb-bdeac6100c04,b5d6115f-0370-4d7c-aad3-c194cc71cf98,871c3b6c-7379-419d-bda3-794b239ab90d,ff9b0199-ce04-4cfe-86cc-6c719f08d6e4,de1c2107-70c8-4021-8459-6399f24d01c6,cbf30902-517f-40dc-af90-a550bac27cf1,5c601d96-e4c7-4698-991b-7ee674b11079
2026-5-20 12:50:26-debug:   Number of all scenes: 2
2026-5-20 12:50:26-debug:   Number of all scripts: 11
2026-5-20 12:50:26-debug:   Number of other assets: 338
2026-5-20 12:50:26-debug: Init bundle root assets success..., progress: 0%
2026-5-20 12:50:26-debug: // ---- build task 查询 Asset Bundle ---- (3ms)
2026-5-20 12:50:26-debug: 查询 Asset Bundle start, progress: 5%
2026-5-20 12:50:26-log: run build task 查询 Asset Bundle success in 3 ms√, progress: 5%
2026-5-20 12:50:26-debug: [Build Memory track]: 查询 Asset Bundle start:225.24MB, end 224.98MB, increase: -266.86KB
2026-5-20 12:50:26-debug: // ---- build task 查询 Asset Bundle ----
2026-5-20 12:50:26-debug: // ---- build task 查询 Asset Bundle ---- (2ms)
2026-5-20 12:50:26-log: run build task 查询 Asset Bundle success in 2 ms√, progress: 10%
2026-5-20 12:50:26-debug: [Build Memory track]: 查询 Asset Bundle start:225.02MB, end 225.13MB, increase: 111.71KB
2026-5-20 12:50:26-debug: 整理部分构建选项内数据到 settings.json start, progress: 10%
2026-5-20 12:50:26-debug: // ---- build task 整理部分构建选项内数据到 settings.json ----
2026-5-20 12:50:26-log: run build task 整理部分构建选项内数据到 settings.json success in √, progress: 12%
2026-5-20 12:50:26-debug: [Build Memory track]: 整理部分构建选项内数据到 settings.json start:225.17MB, end 225.19MB, increase: 27.71KB
2026-5-20 12:50:26-debug: 填充脚本数据到 settings.json start, progress: 12%
2026-5-20 12:50:26-debug: // ---- build task 填充脚本数据到 settings.json ----
2026-5-20 12:50:26-debug: // ---- build task 填充脚本数据到 settings.json ---- (1ms)
2026-5-20 12:50:26-debug: [Build Memory track]: 填充脚本数据到 settings.json start:225.23MB, end 225.26MB, increase: 32.59KB
2026-5-20 12:50:26-debug: 整理部分构建选项内数据到 settings.json start, progress: 13%
2026-5-20 12:50:26-debug: // ---- build task 整理部分构建选项内数据到 settings.json ----
2026-5-20 12:50:26-log: run build task 填充脚本数据到 settings.json success in 1 ms√, progress: 13%
2026-5-20 12:50:26-debug: // ---- build task 整理部分构建选项内数据到 settings.json ---- (3ms)
2026-5-20 12:50:26-log: run build task 整理部分构建选项内数据到 settings.json success in 3 ms√, progress: 15%
2026-5-20 12:50:26-debug: [Build Memory track]: 整理部分构建选项内数据到 settings.json start:225.30MB, end 225.44MB, increase: 147.68KB
2026-5-20 12:50:33-debug: Query all assets info in project
2026-5-20 12:50:33-debug: init custom config: keepNodeUuid: false, useCache: true
2026-5-20 12:50:33-debug: Skip compress image, progress: 0%
2026-5-20 12:50:33-debug: Init all bundles start..., progress: 0%
2026-5-20 12:50:33-debug: Num of bundles: 2..., progress: 0%
2026-5-20 12:50:33-debug: 查询 Asset Bundle start, progress: 0%
2026-5-20 12:50:33-debug: // ---- build task 查询 Asset Bundle ----
2026-5-20 12:50:33-debug: Init bundle root assets start..., progress: 0%
2026-5-20 12:50:33-debug: Query preload assets/scripts from cc.config.json: 60f7195c-ec2a-45eb-ba94-8955f60e81d0,1c02ae6f-4492-4915-b8f8-7492a3b1e4cd,810e96e4-e456-4468-9b59-f4e8f39732c0,efe8e2a3-eace-427b-b4f1-cb8a937ec77d,e9aa9a3e-5b2b-4ac7-a2c7-073de2b2b24f,8bbdbcdd-5cd4-4100-b6d5-b7c9625b6107,50f4348b-c883-4e2f-8f11-ce233b859fa1,fda095cb-831d-4601-ad94-846013963de8,f92806d7-1768-443f-afe8-12bcde84d0f0,dd3a144d-ab7f-41f0-82b8-2e43a090d496,f0416e68-0200-4b77-a926-4f9d16e494da,970b0598-bcb0-4714-91fb-2e81440dccd8,bcd64cc6-2dd9-43f6-abbe-66318d332032,d930590d-bb92-4cc8-8bd1-23cd027f9edf,a3cd009f-0ab0-420d-9278-b9fdab939bbc,6a2d0734-bd9e-4ddf-946e-caa52498cb75,c27215d8-6835-4b68-bfbb-bdeac6100c04,b5d6115f-0370-4d7c-aad3-c194cc71cf98,871c3b6c-7379-419d-bda3-794b239ab90d,ff9b0199-ce04-4cfe-86cc-6c719f08d6e4,de1c2107-70c8-4021-8459-6399f24d01c6,cbf30902-517f-40dc-af90-a550bac27cf1,5c601d96-e4c7-4698-991b-7ee674b11079
2026-5-20 12:50:33-debug:   Number of all scripts: 11
2026-5-20 12:50:33-debug:   Number of other assets: 338
2026-5-20 12:50:33-debug: Init bundle root assets success..., progress: 0%
2026-5-20 12:50:33-debug:   Number of all scenes: 2
2026-5-20 12:50:33-debug: // ---- build task 查询 Asset Bundle ---- (3ms)
2026-5-20 12:50:33-log: run build task 查询 Asset Bundle success in 3 ms√, progress: 5%
2026-5-20 12:50:33-debug: [Build Memory track]: 查询 Asset Bundle start:225.82MB, end 225.58MB, increase: -245.23KB
2026-5-20 12:50:33-debug: 查询 Asset Bundle start, progress: 5%
2026-5-20 12:50:33-debug: // ---- build task 查询 Asset Bundle ----
2026-5-20 12:50:33-debug: // ---- build task 查询 Asset Bundle ---- (2ms)
2026-5-20 12:50:33-debug: 整理部分构建选项内数据到 settings.json start, progress: 10%
2026-5-20 12:50:33-log: run build task 查询 Asset Bundle success in 2 ms√, progress: 10%
2026-5-20 12:50:33-debug: // ---- build task 整理部分构建选项内数据到 settings.json ----
2026-5-20 12:50:33-debug: [Build Memory track]: 查询 Asset Bundle start:225.62MB, end 225.73MB, increase: 112.98KB
2026-5-20 12:50:33-log: run build task 整理部分构建选项内数据到 settings.json success in √, progress: 12%
2026-5-20 12:50:33-debug: [Build Memory track]: 整理部分构建选项内数据到 settings.json start:225.76MB, end 225.78MB, increase: 19.33KB
2026-5-20 12:50:33-debug: 填充脚本数据到 settings.json start, progress: 12%
2026-5-20 12:50:33-debug: // ---- build task 填充脚本数据到 settings.json ----
2026-5-20 12:50:33-debug: // ---- build task 填充脚本数据到 settings.json ---- (1ms)
2026-5-20 12:50:33-debug: [Build Memory track]: 填充脚本数据到 settings.json start:225.82MB, end 225.09MB, increase: -746.22KB
2026-5-20 12:50:33-debug: // ---- build task 整理部分构建选项内数据到 settings.json ----
2026-5-20 12:50:33-debug: 整理部分构建选项内数据到 settings.json start, progress: 13%
2026-5-20 12:50:33-log: run build task 填充脚本数据到 settings.json success in 1 ms√, progress: 13%
2026-5-20 12:50:33-debug: // ---- build task 整理部分构建选项内数据到 settings.json ---- (2ms)
2026-5-20 12:50:33-log: run build task 整理部分构建选项内数据到 settings.json success in 2 ms√, progress: 15%
2026-5-20 12:50:33-debug: [Build Memory track]: 整理部分构建选项内数据到 settings.json start:225.13MB, end 225.26MB, increase: 129.57KB
2026-5-20 12:51:39-debug: Query all assets info in project
2026-5-20 12:51:39-debug: init custom config: keepNodeUuid: false, useCache: true
2026-5-20 12:51:39-debug: Skip compress image, progress: 0%
2026-5-20 12:51:39-debug: Init all bundles start..., progress: 0%
2026-5-20 12:51:39-debug: Num of bundles: 2..., progress: 0%
2026-5-20 12:51:39-debug: Init bundle root assets start..., progress: 0%
2026-5-20 12:51:39-debug: // ---- build task 查询 Asset Bundle ----
2026-5-20 12:51:39-debug: 查询 Asset Bundle start, progress: 0%
2026-5-20 12:51:39-debug: Query preload assets/scripts from cc.config.json: 60f7195c-ec2a-45eb-ba94-8955f60e81d0,1c02ae6f-4492-4915-b8f8-7492a3b1e4cd,810e96e4-e456-4468-9b59-f4e8f39732c0,efe8e2a3-eace-427b-b4f1-cb8a937ec77d,e9aa9a3e-5b2b-4ac7-a2c7-073de2b2b24f,8bbdbcdd-5cd4-4100-b6d5-b7c9625b6107,50f4348b-c883-4e2f-8f11-ce233b859fa1,fda095cb-831d-4601-ad94-846013963de8,f92806d7-1768-443f-afe8-12bcde84d0f0,dd3a144d-ab7f-41f0-82b8-2e43a090d496,f0416e68-0200-4b77-a926-4f9d16e494da,970b0598-bcb0-4714-91fb-2e81440dccd8,bcd64cc6-2dd9-43f6-abbe-66318d332032,d930590d-bb92-4cc8-8bd1-23cd027f9edf,a3cd009f-0ab0-420d-9278-b9fdab939bbc,6a2d0734-bd9e-4ddf-946e-caa52498cb75,c27215d8-6835-4b68-bfbb-bdeac6100c04,b5d6115f-0370-4d7c-aad3-c194cc71cf98,871c3b6c-7379-419d-bda3-794b239ab90d,ff9b0199-ce04-4cfe-86cc-6c719f08d6e4,de1c2107-70c8-4021-8459-6399f24d01c6,cbf30902-517f-40dc-af90-a550bac27cf1,5c601d96-e4c7-4698-991b-7ee674b11079
2026-5-20 12:51:39-debug: Init bundle root assets success..., progress: 0%
2026-5-20 12:51:39-debug:   Number of all scripts: 11
2026-5-20 12:51:39-debug:   Number of other assets: 338
2026-5-20 12:51:39-debug:   Number of all scenes: 2
2026-5-20 12:51:39-debug: // ---- build task 查询 Asset Bundle ---- (5ms)
2026-5-20 12:51:39-log: run build task 查询 Asset Bundle success in 5 ms√, progress: 5%
2026-5-20 12:51:39-debug: [Build Memory track]: 查询 Asset Bundle start:225.68MB, end 225.53MB, increase: -149.27KB
2026-5-20 12:51:39-debug: // ---- build task 查询 Asset Bundle ----
2026-5-20 12:51:39-debug: 查询 Asset Bundle start, progress: 5%
2026-5-20 12:51:39-debug: // ---- build task 查询 Asset Bundle ---- (2ms)
2026-5-20 12:51:39-debug: [Build Memory track]: 查询 Asset Bundle start:225.57MB, end 225.68MB, increase: 119.05KB
2026-5-20 12:51:39-debug: 整理部分构建选项内数据到 settings.json start, progress: 10%
2026-5-20 12:51:39-log: run build task 查询 Asset Bundle success in 2 ms√, progress: 10%
2026-5-20 12:51:39-debug: // ---- build task 整理部分构建选项内数据到 settings.json ----
2026-5-20 12:51:39-log: run build task 整理部分构建选项内数据到 settings.json success in √, progress: 12%
2026-5-20 12:51:39-debug: [Build Memory track]: 整理部分构建选项内数据到 settings.json start:225.72MB, end 225.74MB, increase: 20.85KB
2026-5-20 12:51:39-debug: 填充脚本数据到 settings.json start, progress: 12%
2026-5-20 12:51:39-debug: // ---- build task 填充脚本数据到 settings.json ----
2026-5-20 12:51:39-log: run build task 填充脚本数据到 settings.json success in √, progress: 13%
2026-5-20 12:51:39-debug: // ---- build task 整理部分构建选项内数据到 settings.json ----
2026-5-20 12:51:39-debug: 整理部分构建选项内数据到 settings.json start, progress: 13%
2026-5-20 12:51:39-debug: [Build Memory track]: 填充脚本数据到 settings.json start:225.78MB, end 225.80MB, increase: 18.18KB
2026-5-20 12:51:39-debug: // ---- build task 整理部分构建选项内数据到 settings.json ---- (3ms)
2026-5-20 12:51:39-log: run build task 整理部分构建选项内数据到 settings.json success in 3 ms√, progress: 15%
2026-5-20 12:51:39-debug: [Build Memory track]: 整理部分构建选项内数据到 settings.json start:225.83MB, end 225.77MB, increase: -62.02KB
2026-5-20 12:54:01-debug: Query all assets info in project
2026-5-20 12:54:01-debug: init custom config: keepNodeUuid: false, useCache: true
2026-5-20 12:54:01-debug: Skip compress image, progress: 0%
2026-5-20 12:54:01-debug: Init all bundles start..., progress: 0%
2026-5-20 12:54:01-debug: Num of bundles: 2..., progress: 0%
2026-5-20 12:54:01-debug: 查询 Asset Bundle start, progress: 0%
2026-5-20 12:54:01-debug: // ---- build task 查询 Asset Bundle ----
2026-5-20 12:54:01-debug: Init bundle root assets start..., progress: 0%
2026-5-20 12:54:01-debug: Query preload assets/scripts from cc.config.json: 60f7195c-ec2a-45eb-ba94-8955f60e81d0,1c02ae6f-4492-4915-b8f8-7492a3b1e4cd,810e96e4-e456-4468-9b59-f4e8f39732c0,efe8e2a3-eace-427b-b4f1-cb8a937ec77d,e9aa9a3e-5b2b-4ac7-a2c7-073de2b2b24f,8bbdbcdd-5cd4-4100-b6d5-b7c9625b6107,50f4348b-c883-4e2f-8f11-ce233b859fa1,fda095cb-831d-4601-ad94-846013963de8,f92806d7-1768-443f-afe8-12bcde84d0f0,dd3a144d-ab7f-41f0-82b8-2e43a090d496,f0416e68-0200-4b77-a926-4f9d16e494da,970b0598-bcb0-4714-91fb-2e81440dccd8,bcd64cc6-2dd9-43f6-abbe-66318d332032,d930590d-bb92-4cc8-8bd1-23cd027f9edf,a3cd009f-0ab0-420d-9278-b9fdab939bbc,6a2d0734-bd9e-4ddf-946e-caa52498cb75,c27215d8-6835-4b68-bfbb-bdeac6100c04,b5d6115f-0370-4d7c-aad3-c194cc71cf98,871c3b6c-7379-419d-bda3-794b239ab90d,ff9b0199-ce04-4cfe-86cc-6c719f08d6e4,de1c2107-70c8-4021-8459-6399f24d01c6,cbf30902-517f-40dc-af90-a550bac27cf1,5c601d96-e4c7-4698-991b-7ee674b11079
2026-5-20 12:54:01-debug:   Number of all scenes: 2
2026-5-20 12:54:01-debug:   Number of all scripts: 11
2026-5-20 12:54:01-debug:   Number of other assets: 338
2026-5-20 12:54:01-debug: Init bundle root assets success..., progress: 0%
2026-5-20 12:54:01-debug: // ---- build task 查询 Asset Bundle ---- (4ms)
2026-5-20 12:54:01-log: run build task 查询 Asset Bundle success in 4 ms√, progress: 5%
2026-5-20 12:54:01-debug: [Build Memory track]: 查询 Asset Bundle start:226.17MB, end 225.98MB, increase: -192.28KB
2026-5-20 12:54:01-debug: // ---- build task 查询 Asset Bundle ----
2026-5-20 12:54:01-debug: 查询 Asset Bundle start, progress: 5%
2026-5-20 12:54:01-log: run build task 查询 Asset Bundle success in 2 ms√, progress: 10%
2026-5-20 12:54:01-debug: [Build Memory track]: 查询 Asset Bundle start:226.01MB, end 226.11MB, increase: 104.79KB
2026-5-20 12:54:01-debug: 整理部分构建选项内数据到 settings.json start, progress: 10%
2026-5-20 12:54:01-debug: // ---- build task 查询 Asset Bundle ---- (2ms)
2026-5-20 12:54:01-debug: // ---- build task 整理部分构建选项内数据到 settings.json ----
2026-5-20 12:54:01-debug: // ---- build task 整理部分构建选项内数据到 settings.json ---- (2ms)
2026-5-20 12:54:01-log: run build task 整理部分构建选项内数据到 settings.json success in 2 ms√, progress: 12%
2026-5-20 12:54:01-debug: [Build Memory track]: 整理部分构建选项内数据到 settings.json start:226.14MB, end 226.17MB, increase: 24.52KB
2026-5-20 12:54:01-debug: 填充脚本数据到 settings.json start, progress: 12%
2026-5-20 12:54:01-debug: // ---- build task 填充脚本数据到 settings.json ----
2026-5-20 12:54:01-debug: // ---- build task 填充脚本数据到 settings.json ---- (1ms)
2026-5-20 12:54:01-log: run build task 填充脚本数据到 settings.json success in 1 ms√, progress: 13%
2026-5-20 12:54:01-debug: [Build Memory track]: 填充脚本数据到 settings.json start:226.19MB, end 226.22MB, increase: 23.96KB
2026-5-20 12:54:01-debug: 整理部分构建选项内数据到 settings.json start, progress: 13%
2026-5-20 12:54:01-debug: // ---- build task 整理部分构建选项内数据到 settings.json ----
2026-5-20 12:54:01-log: run build task 整理部分构建选项内数据到 settings.json success in 3 ms√, progress: 15%
2026-5-20 12:54:01-debug: [Build Memory track]: 整理部分构建选项内数据到 settings.json start:226.24MB, end 225.62MB, increase: -637.28KB
2026-5-20 12:54:01-debug: // ---- build task 整理部分构建选项内数据到 settings.json ---- (3ms)
2026-5-20 12:54:06-debug: %cImport%c: /Users/xiejianfeng/Downloads/Zuma/assets/Scene/Map1.scenebackground: #aaff85; color: #000;color: #000;
2026-5-20 12:54:06-debug: asset-db:reimport-assetba60efc0-dcd1-4d9b-a1fc-495b102b261d (17ms)
2026-5-20 12:54:07-debug: Query all assets info in project
2026-5-20 12:54:07-debug: init custom config: keepNodeUuid: false, useCache: true
2026-5-20 12:54:07-debug: Skip compress image, progress: 0%
2026-5-20 12:54:07-debug: Init all bundles start..., progress: 0%
2026-5-20 12:54:07-debug: // ---- build task 查询 Asset Bundle ----
2026-5-20 12:54:07-debug: 查询 Asset Bundle start, progress: 0%
2026-5-20 12:54:07-debug: Num of bundles: 2..., progress: 0%
2026-5-20 12:54:07-debug: Init bundle root assets start..., progress: 0%
2026-5-20 12:54:07-debug: Query preload assets/scripts from cc.config.json: 60f7195c-ec2a-45eb-ba94-8955f60e81d0,1c02ae6f-4492-4915-b8f8-7492a3b1e4cd,810e96e4-e456-4468-9b59-f4e8f39732c0,efe8e2a3-eace-427b-b4f1-cb8a937ec77d,e9aa9a3e-5b2b-4ac7-a2c7-073de2b2b24f,8bbdbcdd-5cd4-4100-b6d5-b7c9625b6107,50f4348b-c883-4e2f-8f11-ce233b859fa1,fda095cb-831d-4601-ad94-846013963de8,f92806d7-1768-443f-afe8-12bcde84d0f0,dd3a144d-ab7f-41f0-82b8-2e43a090d496,f0416e68-0200-4b77-a926-4f9d16e494da,970b0598-bcb0-4714-91fb-2e81440dccd8,bcd64cc6-2dd9-43f6-abbe-66318d332032,d930590d-bb92-4cc8-8bd1-23cd027f9edf,a3cd009f-0ab0-420d-9278-b9fdab939bbc,6a2d0734-bd9e-4ddf-946e-caa52498cb75,c27215d8-6835-4b68-bfbb-bdeac6100c04,b5d6115f-0370-4d7c-aad3-c194cc71cf98,871c3b6c-7379-419d-bda3-794b239ab90d,ff9b0199-ce04-4cfe-86cc-6c719f08d6e4,de1c2107-70c8-4021-8459-6399f24d01c6,cbf30902-517f-40dc-af90-a550bac27cf1,5c601d96-e4c7-4698-991b-7ee674b11079
2026-5-20 12:54:07-debug:   Number of all scenes: 2
2026-5-20 12:54:07-debug:   Number of all scripts: 11
2026-5-20 12:54:07-debug:   Number of other assets: 338
2026-5-20 12:54:07-debug: Init bundle root assets success..., progress: 0%
2026-5-20 12:54:07-debug: // ---- build task 查询 Asset Bundle ---- (3ms)
2026-5-20 12:54:07-log: run build task 查询 Asset Bundle success in 3 ms√, progress: 5%
2026-5-20 12:54:07-debug: [Build Memory track]: 查询 Asset Bundle start:226.53MB, end 226.32MB, increase: -209.64KB
2026-5-20 12:54:07-debug: 查询 Asset Bundle start, progress: 5%
2026-5-20 12:54:07-debug: // ---- build task 查询 Asset Bundle ----
2026-5-20 12:54:07-debug: // ---- build task 查询 Asset Bundle ---- (2ms)
2026-5-20 12:54:07-debug: // ---- build task 整理部分构建选项内数据到 settings.json ----
2026-5-20 12:54:07-debug: [Build Memory track]: 查询 Asset Bundle start:226.35MB, end 226.46MB, increase: 112.65KB
2026-5-20 12:54:07-debug: 整理部分构建选项内数据到 settings.json start, progress: 10%
2026-5-20 12:54:07-log: run build task 查询 Asset Bundle success in 2 ms√, progress: 10%
2026-5-20 12:54:07-log: run build task 整理部分构建选项内数据到 settings.json success in √, progress: 12%
2026-5-20 12:54:07-debug: 填充脚本数据到 settings.json start, progress: 12%
2026-5-20 12:54:07-debug: // ---- build task 填充脚本数据到 settings.json ----
2026-5-20 12:54:07-debug: [Build Memory track]: 整理部分构建选项内数据到 settings.json start:226.49MB, end 226.51MB, increase: 16.96KB
2026-5-20 12:54:07-debug: // ---- build task 填充脚本数据到 settings.json ---- (1ms)
2026-5-20 12:54:07-debug: // ---- build task 整理部分构建选项内数据到 settings.json ----
2026-5-20 12:54:07-debug: [Build Memory track]: 填充脚本数据到 settings.json start:226.53MB, end 225.84MB, increase: -703.90KB
2026-5-20 12:54:07-debug: 整理部分构建选项内数据到 settings.json start, progress: 13%
2026-5-20 12:54:07-log: run build task 填充脚本数据到 settings.json success in 1 ms√, progress: 13%
2026-5-20 12:54:07-debug: // ---- build task 整理部分构建选项内数据到 settings.json ---- (3ms)
2026-5-20 12:54:07-log: run build task 整理部分构建选项内数据到 settings.json success in 3 ms√, progress: 15%
2026-5-20 12:54:07-debug: [Build Memory track]: 整理部分构建选项内数据到 settings.json start:225.87MB, end 226.00MB, increase: 127.41KB
2026-5-20 12:54:13-debug: Query all assets info in project
2026-5-20 12:54:13-debug: init custom config: keepNodeUuid: false, useCache: true
2026-5-20 12:54:13-debug: Skip compress image, progress: 0%
2026-5-20 12:54:13-debug: Init all bundles start..., progress: 0%
2026-5-20 12:54:13-debug: 查询 Asset Bundle start, progress: 0%
2026-5-20 12:54:13-debug: // ---- build task 查询 Asset Bundle ----
2026-5-20 12:54:13-debug: Init bundle root assets start..., progress: 0%
2026-5-20 12:54:13-debug: Num of bundles: 2..., progress: 0%
2026-5-20 12:54:13-debug: Query preload assets/scripts from cc.config.json: 60f7195c-ec2a-45eb-ba94-8955f60e81d0,1c02ae6f-4492-4915-b8f8-7492a3b1e4cd,810e96e4-e456-4468-9b59-f4e8f39732c0,efe8e2a3-eace-427b-b4f1-cb8a937ec77d,e9aa9a3e-5b2b-4ac7-a2c7-073de2b2b24f,8bbdbcdd-5cd4-4100-b6d5-b7c9625b6107,50f4348b-c883-4e2f-8f11-ce233b859fa1,fda095cb-831d-4601-ad94-846013963de8,f92806d7-1768-443f-afe8-12bcde84d0f0,dd3a144d-ab7f-41f0-82b8-2e43a090d496,f0416e68-0200-4b77-a926-4f9d16e494da,970b0598-bcb0-4714-91fb-2e81440dccd8,bcd64cc6-2dd9-43f6-abbe-66318d332032,d930590d-bb92-4cc8-8bd1-23cd027f9edf,a3cd009f-0ab0-420d-9278-b9fdab939bbc,6a2d0734-bd9e-4ddf-946e-caa52498cb75,c27215d8-6835-4b68-bfbb-bdeac6100c04,b5d6115f-0370-4d7c-aad3-c194cc71cf98,871c3b6c-7379-419d-bda3-794b239ab90d,ff9b0199-ce04-4cfe-86cc-6c719f08d6e4,de1c2107-70c8-4021-8459-6399f24d01c6,cbf30902-517f-40dc-af90-a550bac27cf1,5c601d96-e4c7-4698-991b-7ee674b11079
2026-5-20 12:54:13-debug:   Number of all scripts: 11
2026-5-20 12:54:13-debug:   Number of other assets: 338
2026-5-20 12:54:13-debug: Init bundle root assets success..., progress: 0%
2026-5-20 12:54:13-debug:   Number of all scenes: 2
2026-5-20 12:54:13-debug: // ---- build task 查询 Asset Bundle ---- (3ms)
2026-5-20 12:54:13-log: run build task 查询 Asset Bundle success in 3 ms√, progress: 5%
2026-5-20 12:54:13-debug: [Build Memory track]: 查询 Asset Bundle start:226.32MB, end 226.00MB, increase: -334.46KB
2026-5-20 12:54:13-debug: 查询 Asset Bundle start, progress: 5%
2026-5-20 12:54:13-debug: // ---- build task 查询 Asset Bundle ----
2026-5-20 12:54:13-log: run build task 查询 Asset Bundle success in 2 ms√, progress: 10%
2026-5-20 12:54:13-debug: // ---- build task 整理部分构建选项内数据到 settings.json ----
2026-5-20 12:54:13-debug: [Build Memory track]: 查询 Asset Bundle start:226.02MB, end 226.13MB, increase: 112.73KB
2026-5-20 12:54:13-debug: 整理部分构建选项内数据到 settings.json start, progress: 10%
2026-5-20 12:54:13-debug: // ---- build task 查询 Asset Bundle ---- (2ms)
2026-5-20 12:54:13-debug: // ---- build task 整理部分构建选项内数据到 settings.json ---- (1ms)
2026-5-20 12:54:13-debug: [Build Memory track]: 整理部分构建选项内数据到 settings.json start:226.16MB, end 226.18MB, increase: 24.47KB
2026-5-20 12:54:13-debug: 填充脚本数据到 settings.json start, progress: 12%
2026-5-20 12:54:13-debug: // ---- build task 填充脚本数据到 settings.json ----
2026-5-20 12:54:13-log: run build task 整理部分构建选项内数据到 settings.json success in 1 ms√, progress: 12%
2026-5-20 12:54:13-debug: // ---- build task 填充脚本数据到 settings.json ---- (1ms)
2026-5-20 12:54:13-log: run build task 填充脚本数据到 settings.json success in 1 ms√, progress: 13%
2026-5-20 12:54:13-debug: [Build Memory track]: 填充脚本数据到 settings.json start:226.21MB, end 226.24MB, increase: 29.94KB
2026-5-20 12:54:13-debug: 整理部分构建选项内数据到 settings.json start, progress: 13%
2026-5-20 12:54:13-debug: // ---- build task 整理部分构建选项内数据到 settings.json ----
2026-5-20 12:54:13-debug: // ---- build task 整理部分构建选项内数据到 settings.json ---- (2ms)
2026-5-20 12:54:13-log: run build task 整理部分构建选项内数据到 settings.json success in 2 ms√, progress: 15%
2026-5-20 12:54:13-debug: [Build Memory track]: 整理部分构建选项内数据到 settings.json start:226.27MB, end 226.39MB, increase: 122.76KB
2026-5-20 12:55:35-debug: Query all assets info in project
2026-5-20 12:55:35-debug: init custom config: keepNodeUuid: false, useCache: true
2026-5-20 12:55:35-debug: Skip compress image, progress: 0%
2026-5-20 12:55:35-debug: Init all bundles start..., progress: 0%
2026-5-20 12:55:35-debug: 查询 Asset Bundle start, progress: 0%
2026-5-20 12:55:35-debug: // ---- build task 查询 Asset Bundle ----
2026-5-20 12:55:35-debug: Num of bundles: 2..., progress: 0%
2026-5-20 12:55:35-debug: Init bundle root assets start..., progress: 0%
2026-5-20 12:55:35-debug: Query preload assets/scripts from cc.config.json: 60f7195c-ec2a-45eb-ba94-8955f60e81d0,1c02ae6f-4492-4915-b8f8-7492a3b1e4cd,810e96e4-e456-4468-9b59-f4e8f39732c0,efe8e2a3-eace-427b-b4f1-cb8a937ec77d,e9aa9a3e-5b2b-4ac7-a2c7-073de2b2b24f,8bbdbcdd-5cd4-4100-b6d5-b7c9625b6107,50f4348b-c883-4e2f-8f11-ce233b859fa1,fda095cb-831d-4601-ad94-846013963de8,f92806d7-1768-443f-afe8-12bcde84d0f0,dd3a144d-ab7f-41f0-82b8-2e43a090d496,f0416e68-0200-4b77-a926-4f9d16e494da,970b0598-bcb0-4714-91fb-2e81440dccd8,bcd64cc6-2dd9-43f6-abbe-66318d332032,d930590d-bb92-4cc8-8bd1-23cd027f9edf,a3cd009f-0ab0-420d-9278-b9fdab939bbc,6a2d0734-bd9e-4ddf-946e-caa52498cb75,c27215d8-6835-4b68-bfbb-bdeac6100c04,b5d6115f-0370-4d7c-aad3-c194cc71cf98,871c3b6c-7379-419d-bda3-794b239ab90d,ff9b0199-ce04-4cfe-86cc-6c719f08d6e4,de1c2107-70c8-4021-8459-6399f24d01c6,cbf30902-517f-40dc-af90-a550bac27cf1,5c601d96-e4c7-4698-991b-7ee674b11079
2026-5-20 12:55:35-debug:   Number of all scenes: 2
2026-5-20 12:55:35-debug: Init bundle root assets success..., progress: 0%
2026-5-20 12:55:35-debug:   Number of all scripts: 11
2026-5-20 12:55:35-debug:   Number of other assets: 338
2026-5-20 12:55:35-debug: // ---- build task 查询 Asset Bundle ---- (4ms)
2026-5-20 12:55:35-debug: [Build Memory track]: 查询 Asset Bundle start:226.30MB, end 226.84MB, increase: 550.00KB
2026-5-20 12:55:35-log: run build task 查询 Asset Bundle success in 4 ms√, progress: 5%
2026-5-20 12:55:35-debug: // ---- build task 查询 Asset Bundle ----
2026-5-20 12:55:35-debug: 查询 Asset Bundle start, progress: 5%
2026-5-20 12:55:35-debug: // ---- build task 查询 Asset Bundle ---- (2ms)
2026-5-20 12:55:35-debug: [Build Memory track]: 查询 Asset Bundle start:226.86MB, end 226.23MB, increase: -643.10KB
2026-5-20 12:55:35-log: run build task 查询 Asset Bundle success in 2 ms√, progress: 10%
2026-5-20 12:55:35-debug: 整理部分构建选项内数据到 settings.json start, progress: 10%
2026-5-20 12:55:35-debug: // ---- build task 整理部分构建选项内数据到 settings.json ----
2026-5-20 12:55:35-debug: // ---- build task 整理部分构建选项内数据到 settings.json ---- (1ms)
2026-5-20 12:55:35-debug: [Build Memory track]: 整理部分构建选项内数据到 settings.json start:226.26MB, end 226.29MB, increase: 24.52KB
2026-5-20 12:55:35-debug: 填充脚本数据到 settings.json start, progress: 12%
2026-5-20 12:55:35-log: run build task 整理部分构建选项内数据到 settings.json success in 1 ms√, progress: 12%
2026-5-20 12:55:35-debug: // ---- build task 填充脚本数据到 settings.json ----
2026-5-20 12:55:35-debug: // ---- build task 填充脚本数据到 settings.json ---- (1ms)
2026-5-20 12:55:35-log: run build task 填充脚本数据到 settings.json success in 1 ms√, progress: 13%
2026-5-20 12:55:35-debug: [Build Memory track]: 填充脚本数据到 settings.json start:226.31MB, end 226.34MB, increase: 23.95KB
2026-5-20 12:55:35-debug: 整理部分构建选项内数据到 settings.json start, progress: 13%
2026-5-20 12:55:35-debug: // ---- build task 整理部分构建选项内数据到 settings.json ----
2026-5-20 12:55:35-debug: // ---- build task 整理部分构建选项内数据到 settings.json ---- (3ms)
2026-5-20 12:55:35-log: run build task 整理部分构建选项内数据到 settings.json success in 3 ms√, progress: 15%
2026-5-20 12:55:35-debug: [Build Memory track]: 整理部分构建选项内数据到 settings.json start:226.36MB, end 226.50MB, increase: 144.30KB
2026-5-20 12:56:11-debug: refresh db internal success
2026-5-20 12:56:11-debug: refresh db assets success
2026-5-20 12:56:11-debug: Run asset db hook engine-extends:afterRefresh ...
2026-5-20 12:56:11-debug: Run asset db hook engine-extends:afterRefresh success!
2026-5-20 12:56:11-debug: asset-db:refresh-all-database (48ms)
2026-5-20 12:56:11-debug: asset-db:worker-effect-data-processing (2ms)
2026-5-20 12:56:11-debug: asset-db-hook-engine-extends-afterRefresh (2ms)
2026-5-20 12:57:34-debug: refresh db internal success
2026-5-20 12:57:34-debug: refresh db assets success
2026-5-20 12:57:34-debug: Run asset db hook engine-extends:afterRefresh ...
2026-5-20 12:57:34-debug: Run asset db hook engine-extends:afterRefresh success!
2026-5-20 12:57:34-debug: asset-db:worker-effect-data-processing (1ms)
2026-5-20 12:57:34-debug: asset-db-hook-engine-extends-afterRefresh (2ms)
2026-5-20 12:57:34-debug: asset-db:refresh-all-database (39ms)
2026-5-20 12:57:57-debug: refresh db internal success
2026-5-20 12:57:57-debug: %cImport%c: /Users/xiejianfeng/Downloads/Zuma/assets/Script/Control.tsbackground: #aaff85; color: #000;color: #000;
2026-5-20 12:57:57-debug: refresh db assets success
2026-5-20 12:57:57-debug: Run asset db hook engine-extends:afterRefresh ...
2026-5-20 12:57:57-debug: Run asset db hook engine-extends:afterRefresh success!
2026-5-20 12:57:57-debug: asset-db:refresh-all-database (40ms)
2026-5-20 12:57:57-debug: asset-db:worker-effect-data-processing (2ms)
2026-5-20 12:57:57-debug: asset-db-hook-engine-extends-afterRefresh (2ms)
2026-5-20 12:57:59-debug: %cImport%c: /Users/xiejianfeng/Downloads/Zuma/assets/Scene/Map1.scenebackground: #aaff85; color: #000;color: #000;
2026-5-20 12:57:59-debug: asset-db:reimport-assetba60efc0-dcd1-4d9b-a1fc-495b102b261d (4ms)
2026-5-20 12:58:01-debug: Query all assets info in project
2026-5-20 12:58:01-debug: init custom config: keepNodeUuid: false, useCache: true
2026-5-20 12:58:01-debug: Skip compress image, progress: 0%
2026-5-20 12:58:01-debug: Init all bundles start..., progress: 0%
2026-5-20 12:58:01-debug: Init bundle root assets start..., progress: 0%
2026-5-20 12:58:01-debug: 查询 Asset Bundle start, progress: 0%
2026-5-20 12:58:01-debug: // ---- build task 查询 Asset Bundle ----
2026-5-20 12:58:01-debug: Num of bundles: 2..., progress: 0%
2026-5-20 12:58:01-debug: Query preload assets/scripts from cc.config.json: 60f7195c-ec2a-45eb-ba94-8955f60e81d0,1c02ae6f-4492-4915-b8f8-7492a3b1e4cd,810e96e4-e456-4468-9b59-f4e8f39732c0,efe8e2a3-eace-427b-b4f1-cb8a937ec77d,e9aa9a3e-5b2b-4ac7-a2c7-073de2b2b24f,8bbdbcdd-5cd4-4100-b6d5-b7c9625b6107,50f4348b-c883-4e2f-8f11-ce233b859fa1,fda095cb-831d-4601-ad94-846013963de8,f92806d7-1768-443f-afe8-12bcde84d0f0,dd3a144d-ab7f-41f0-82b8-2e43a090d496,f0416e68-0200-4b77-a926-4f9d16e494da,970b0598-bcb0-4714-91fb-2e81440dccd8,bcd64cc6-2dd9-43f6-abbe-66318d332032,d930590d-bb92-4cc8-8bd1-23cd027f9edf,a3cd009f-0ab0-420d-9278-b9fdab939bbc,6a2d0734-bd9e-4ddf-946e-caa52498cb75,c27215d8-6835-4b68-bfbb-bdeac6100c04,b5d6115f-0370-4d7c-aad3-c194cc71cf98,871c3b6c-7379-419d-bda3-794b239ab90d,ff9b0199-ce04-4cfe-86cc-6c719f08d6e4,de1c2107-70c8-4021-8459-6399f24d01c6,cbf30902-517f-40dc-af90-a550bac27cf1,5c601d96-e4c7-4698-991b-7ee674b11079
2026-5-20 12:58:01-debug:   Number of all scripts: 11
2026-5-20 12:58:01-debug:   Number of all scenes: 2
2026-5-20 12:58:01-debug:   Number of other assets: 338
2026-5-20 12:58:01-debug: Init bundle root assets success..., progress: 0%
2026-5-20 12:58:01-debug: // ---- build task 查询 Asset Bundle ---- (3ms)
2026-5-20 12:58:01-debug: [Build Memory track]: 查询 Asset Bundle start:230.33MB, end 230.12MB, increase: -223.92KB
2026-5-20 12:58:01-debug: 查询 Asset Bundle start, progress: 5%
2026-5-20 12:58:01-debug: // ---- build task 查询 Asset Bundle ----
2026-5-20 12:58:01-log: run build task 查询 Asset Bundle success in 3 ms√, progress: 5%
2026-5-20 12:58:01-debug: // ---- build task 查询 Asset Bundle ---- (2ms)
2026-5-20 12:58:01-debug: [Build Memory track]: 查询 Asset Bundle start:230.14MB, end 230.24MB, increase: 104.69KB
2026-5-20 12:58:01-debug: 整理部分构建选项内数据到 settings.json start, progress: 10%
2026-5-20 12:58:01-debug: // ---- build task 整理部分构建选项内数据到 settings.json ----
2026-5-20 12:58:01-log: run build task 查询 Asset Bundle success in 2 ms√, progress: 10%
2026-5-20 12:58:01-log: run build task 整理部分构建选项内数据到 settings.json success in √, progress: 12%
2026-5-20 12:58:01-debug: [Build Memory track]: 整理部分构建选项内数据到 settings.json start:230.27MB, end 230.29MB, increase: 15.68KB
2026-5-20 12:58:01-debug: 填充脚本数据到 settings.json start, progress: 12%
2026-5-20 12:58:01-debug: // ---- build task 填充脚本数据到 settings.json ----
2026-5-20 12:58:01-debug: // ---- build task 填充脚本数据到 settings.json ---- (1ms)
2026-5-20 12:58:01-log: run build task 填充脚本数据到 settings.json success in 1 ms√, progress: 13%
2026-5-20 12:58:01-debug: [Build Memory track]: 填充脚本数据到 settings.json start:230.31MB, end 229.62MB, increase: -714.47KB
2026-5-20 12:58:01-debug: 整理部分构建选项内数据到 settings.json start, progress: 13%
2026-5-20 12:58:01-debug: // ---- build task 整理部分构建选项内数据到 settings.json ----
2026-5-20 12:58:01-debug: // ---- build task 整理部分构建选项内数据到 settings.json ---- (3ms)
2026-5-20 12:58:01-log: run build task 整理部分构建选项内数据到 settings.json success in 3 ms√, progress: 15%
2026-5-20 12:58:01-debug: [Build Memory track]: 整理部分构建选项内数据到 settings.json start:229.64MB, end 229.76MB, increase: 122.27KB
2026-5-20 12:58:54-debug: Query all assets info in project
2026-5-20 12:58:54-debug: init custom config: keepNodeUuid: false, useCache: true
2026-5-20 12:58:54-debug: Skip compress image, progress: 0%
2026-5-20 12:58:54-debug: Init all bundles start..., progress: 0%
2026-5-20 12:58:54-debug: Num of bundles: 2..., progress: 0%
2026-5-20 12:58:54-debug: // ---- build task 查询 Asset Bundle ----
2026-5-20 12:58:54-debug: 查询 Asset Bundle start, progress: 0%
2026-5-20 12:58:54-debug: Init bundle root assets start..., progress: 0%
2026-5-20 12:58:54-debug: Query preload assets/scripts from cc.config.json: 60f7195c-ec2a-45eb-ba94-8955f60e81d0,1c02ae6f-4492-4915-b8f8-7492a3b1e4cd,810e96e4-e456-4468-9b59-f4e8f39732c0,efe8e2a3-eace-427b-b4f1-cb8a937ec77d,e9aa9a3e-5b2b-4ac7-a2c7-073de2b2b24f,8bbdbcdd-5cd4-4100-b6d5-b7c9625b6107,50f4348b-c883-4e2f-8f11-ce233b859fa1,fda095cb-831d-4601-ad94-846013963de8,f92806d7-1768-443f-afe8-12bcde84d0f0,dd3a144d-ab7f-41f0-82b8-2e43a090d496,f0416e68-0200-4b77-a926-4f9d16e494da,970b0598-bcb0-4714-91fb-2e81440dccd8,bcd64cc6-2dd9-43f6-abbe-66318d332032,d930590d-bb92-4cc8-8bd1-23cd027f9edf,a3cd009f-0ab0-420d-9278-b9fdab939bbc,6a2d0734-bd9e-4ddf-946e-caa52498cb75,c27215d8-6835-4b68-bfbb-bdeac6100c04,b5d6115f-0370-4d7c-aad3-c194cc71cf98,871c3b6c-7379-419d-bda3-794b239ab90d,ff9b0199-ce04-4cfe-86cc-6c719f08d6e4,de1c2107-70c8-4021-8459-6399f24d01c6,cbf30902-517f-40dc-af90-a550bac27cf1,5c601d96-e4c7-4698-991b-7ee674b11079
2026-5-20 12:58:54-debug: Init bundle root assets success..., progress: 0%
2026-5-20 12:58:54-debug:   Number of all scripts: 11
2026-5-20 12:58:54-debug:   Number of other assets: 338
2026-5-20 12:58:54-debug:   Number of all scenes: 2
2026-5-20 12:58:54-debug: // ---- build task 查询 Asset Bundle ---- (4ms)
2026-5-20 12:58:54-debug: [Build Memory track]: 查询 Asset Bundle start:230.15MB, end 229.78MB, increase: -380.36KB
2026-5-20 12:58:54-debug: 查询 Asset Bundle start, progress: 5%
2026-5-20 12:58:54-log: run build task 查询 Asset Bundle success in 4 ms√, progress: 5%
2026-5-20 12:58:54-debug: // ---- build task 查询 Asset Bundle ----
2026-5-20 12:58:54-debug: // ---- build task 查询 Asset Bundle ---- (2ms)
2026-5-20 12:58:54-log: run build task 查询 Asset Bundle success in 2 ms√, progress: 10%
2026-5-20 12:58:54-debug: [Build Memory track]: 查询 Asset Bundle start:229.81MB, end 229.91MB, increase: 108.82KB
2026-5-20 12:58:54-debug: 整理部分构建选项内数据到 settings.json start, progress: 10%
2026-5-20 12:58:54-debug: // ---- build task 整理部分构建选项内数据到 settings.json ----
2026-5-20 12:58:54-log: run build task 整理部分构建选项内数据到 settings.json success in 1 ms√, progress: 12%
2026-5-20 12:58:54-debug: [Build Memory track]: 整理部分构建选项内数据到 settings.json start:229.94MB, end 229.97MB, increase: 26.68KB
2026-5-20 12:58:54-debug: 填充脚本数据到 settings.json start, progress: 12%
2026-5-20 12:58:54-debug: // ---- build task 填充脚本数据到 settings.json ----
2026-5-20 12:58:54-debug: // ---- build task 整理部分构建选项内数据到 settings.json ---- (1ms)
2026-5-20 12:58:54-debug: // ---- build task 填充脚本数据到 settings.json ---- (2ms)
2026-5-20 12:58:54-log: run build task 填充脚本数据到 settings.json success in 2 ms√, progress: 13%
2026-5-20 12:58:54-debug: [Build Memory track]: 填充脚本数据到 settings.json start:229.99MB, end 230.02MB, increase: 24.03KB
2026-5-20 12:58:54-debug: 整理部分构建选项内数据到 settings.json start, progress: 13%
2026-5-20 12:58:54-debug: // ---- build task 整理部分构建选项内数据到 settings.json ----
2026-5-20 12:58:54-debug: // ---- build task 整理部分构建选项内数据到 settings.json ---- (3ms)
2026-5-20 12:58:54-log: run build task 整理部分构建选项内数据到 settings.json success in 3 ms√, progress: 15%
2026-5-20 12:58:54-debug: [Build Memory track]: 整理部分构建选项内数据到 settings.json start:230.04MB, end 230.18MB, increase: 142.98KB
2026-5-20 12:58:58-debug: %cImport%c: /Users/xiejianfeng/Downloads/Zuma/assets/Scene/Map1.scenebackground: #aaff85; color: #000;color: #000;
2026-5-20 12:58:58-debug: asset-db:reimport-assetba60efc0-dcd1-4d9b-a1fc-495b102b261d (5ms)
2026-5-20 12:58:58-debug: Query all assets info in project
2026-5-20 12:58:58-debug: init custom config: keepNodeUuid: false, useCache: true
2026-5-20 12:58:58-debug: Skip compress image, progress: 0%
2026-5-20 12:58:58-debug: Init all bundles start..., progress: 0%
2026-5-20 12:58:58-debug: Num of bundles: 2..., progress: 0%
2026-5-20 12:58:58-debug: 查询 Asset Bundle start, progress: 0%
2026-5-20 12:58:58-debug: // ---- build task 查询 Asset Bundle ----
2026-5-20 12:58:58-debug: Init bundle root assets start..., progress: 0%
2026-5-20 12:58:58-debug: Query preload assets/scripts from cc.config.json: 60f7195c-ec2a-45eb-ba94-8955f60e81d0,1c02ae6f-4492-4915-b8f8-7492a3b1e4cd,810e96e4-e456-4468-9b59-f4e8f39732c0,efe8e2a3-eace-427b-b4f1-cb8a937ec77d,e9aa9a3e-5b2b-4ac7-a2c7-073de2b2b24f,8bbdbcdd-5cd4-4100-b6d5-b7c9625b6107,50f4348b-c883-4e2f-8f11-ce233b859fa1,fda095cb-831d-4601-ad94-846013963de8,f92806d7-1768-443f-afe8-12bcde84d0f0,dd3a144d-ab7f-41f0-82b8-2e43a090d496,f0416e68-0200-4b77-a926-4f9d16e494da,970b0598-bcb0-4714-91fb-2e81440dccd8,bcd64cc6-2dd9-43f6-abbe-66318d332032,d930590d-bb92-4cc8-8bd1-23cd027f9edf,a3cd009f-0ab0-420d-9278-b9fdab939bbc,6a2d0734-bd9e-4ddf-946e-caa52498cb75,c27215d8-6835-4b68-bfbb-bdeac6100c04,b5d6115f-0370-4d7c-aad3-c194cc71cf98,871c3b6c-7379-419d-bda3-794b239ab90d,ff9b0199-ce04-4cfe-86cc-6c719f08d6e4,de1c2107-70c8-4021-8459-6399f24d01c6,cbf30902-517f-40dc-af90-a550bac27cf1,5c601d96-e4c7-4698-991b-7ee674b11079
2026-5-20 12:58:58-debug:   Number of other assets: 338
2026-5-20 12:58:58-debug:   Number of all scenes: 2
2026-5-20 12:58:58-debug:   Number of all scripts: 11
2026-5-20 12:58:58-debug: Init bundle root assets success..., progress: 0%
2026-5-20 12:58:58-debug: // ---- build task 查询 Asset Bundle ---- (4ms)
2026-5-20 12:58:58-debug: // ---- build task 查询 Asset Bundle ----
2026-5-20 12:58:58-debug: [Build Memory track]: 查询 Asset Bundle start:230.35MB, end 230.04MB, increase: -318.96KB
2026-5-20 12:58:58-debug: 查询 Asset Bundle start, progress: 5%
2026-5-20 12:58:58-log: run build task 查询 Asset Bundle success in 4 ms√, progress: 5%
2026-5-20 12:58:58-debug: // ---- build task 查询 Asset Bundle ---- (1ms)
2026-5-20 12:58:58-log: run build task 查询 Asset Bundle success in 1 ms√, progress: 10%
2026-5-20 12:58:58-debug: 整理部分构建选项内数据到 settings.json start, progress: 10%
2026-5-20 12:58:58-debug: [Build Memory track]: 查询 Asset Bundle start:230.06MB, end 230.17MB, increase: 105.11KB
2026-5-20 12:58:58-debug: // ---- build task 整理部分构建选项内数据到 settings.json ----
2026-5-20 12:58:58-log: run build task 整理部分构建选项内数据到 settings.json success in √, progress: 12%
2026-5-20 12:58:58-debug: // ---- build task 填充脚本数据到 settings.json ----
2026-5-20 12:58:58-debug: 填充脚本数据到 settings.json start, progress: 12%
2026-5-20 12:58:58-debug: [Build Memory track]: 整理部分构建选项内数据到 settings.json start:230.19MB, end 230.22MB, increase: 23.76KB
2026-5-20 12:58:58-debug: // ---- build task 填充脚本数据到 settings.json ---- (1ms)
2026-5-20 12:58:58-log: run build task 填充脚本数据到 settings.json success in 1 ms√, progress: 13%
2026-5-20 12:58:58-debug: [Build Memory track]: 填充脚本数据到 settings.json start:230.24MB, end 230.27MB, increase: 23.41KB
2026-5-20 12:58:58-debug: 整理部分构建选项内数据到 settings.json start, progress: 13%
2026-5-20 12:58:58-debug: // ---- build task 整理部分构建选项内数据到 settings.json ----
2026-5-20 12:58:58-debug: // ---- build task 整理部分构建选项内数据到 settings.json ---- (3ms)
2026-5-20 12:58:58-log: run build task 整理部分构建选项内数据到 settings.json success in 3 ms√, progress: 15%
2026-5-20 12:58:58-debug: [Build Memory track]: 整理部分构建选项内数据到 settings.json start:230.29MB, end 230.42MB, increase: 127.88KB
2026-5-20 12:59:11-debug: Query all assets info in project
2026-5-20 12:59:11-debug: init custom config: keepNodeUuid: false, useCache: true
2026-5-20 12:59:11-debug: Skip compress image, progress: 0%
2026-5-20 12:59:11-debug: Init all bundles start..., progress: 0%
2026-5-20 12:59:11-debug: Num of bundles: 2..., progress: 0%
2026-5-20 12:59:11-debug: 查询 Asset Bundle start, progress: 0%
2026-5-20 12:59:11-debug: // ---- build task 查询 Asset Bundle ----
2026-5-20 12:59:11-debug: Init bundle root assets start..., progress: 0%
2026-5-20 12:59:11-debug: Query preload assets/scripts from cc.config.json: 60f7195c-ec2a-45eb-ba94-8955f60e81d0,1c02ae6f-4492-4915-b8f8-7492a3b1e4cd,810e96e4-e456-4468-9b59-f4e8f39732c0,efe8e2a3-eace-427b-b4f1-cb8a937ec77d,e9aa9a3e-5b2b-4ac7-a2c7-073de2b2b24f,8bbdbcdd-5cd4-4100-b6d5-b7c9625b6107,50f4348b-c883-4e2f-8f11-ce233b859fa1,fda095cb-831d-4601-ad94-846013963de8,f92806d7-1768-443f-afe8-12bcde84d0f0,dd3a144d-ab7f-41f0-82b8-2e43a090d496,f0416e68-0200-4b77-a926-4f9d16e494da,970b0598-bcb0-4714-91fb-2e81440dccd8,bcd64cc6-2dd9-43f6-abbe-66318d332032,d930590d-bb92-4cc8-8bd1-23cd027f9edf,a3cd009f-0ab0-420d-9278-b9fdab939bbc,6a2d0734-bd9e-4ddf-946e-caa52498cb75,c27215d8-6835-4b68-bfbb-bdeac6100c04,b5d6115f-0370-4d7c-aad3-c194cc71cf98,871c3b6c-7379-419d-bda3-794b239ab90d,ff9b0199-ce04-4cfe-86cc-6c719f08d6e4,de1c2107-70c8-4021-8459-6399f24d01c6,cbf30902-517f-40dc-af90-a550bac27cf1,5c601d96-e4c7-4698-991b-7ee674b11079
2026-5-20 12:59:11-debug: Init bundle root assets success..., progress: 0%
2026-5-20 12:59:11-debug:   Number of all scripts: 11
2026-5-20 12:59:11-debug:   Number of other assets: 338
2026-5-20 12:59:11-debug:   Number of all scenes: 2
2026-5-20 12:59:11-debug: // ---- build task 查询 Asset Bundle ---- (10ms)
2026-5-20 12:59:11-log: run build task 查询 Asset Bundle success in 10 ms√, progress: 5%
2026-5-20 12:59:11-debug: 查询 Asset Bundle start, progress: 5%
2026-5-20 12:59:11-debug: [Build Memory track]: 查询 Asset Bundle start:230.85MB, end 230.58MB, increase: -273.70KB
2026-5-20 12:59:11-debug: // ---- build task 查询 Asset Bundle ----
2026-5-20 12:59:11-debug: // ---- build task 查询 Asset Bundle ---- (1ms)
2026-5-20 12:59:11-log: run build task 查询 Asset Bundle success in 1 ms√, progress: 10%
2026-5-20 12:59:11-debug: [Build Memory track]: 查询 Asset Bundle start:230.61MB, end 230.71MB, increase: 104.71KB
2026-5-20 12:59:11-debug: 整理部分构建选项内数据到 settings.json start, progress: 10%
2026-5-20 12:59:11-debug: // ---- build task 整理部分构建选项内数据到 settings.json ----
2026-5-20 12:59:11-log: run build task 整理部分构建选项内数据到 settings.json success in √, progress: 12%
2026-5-20 12:59:11-debug: 填充脚本数据到 settings.json start, progress: 12%
2026-5-20 12:59:11-debug: // ---- build task 填充脚本数据到 settings.json ----
2026-5-20 12:59:11-debug: [Build Memory track]: 整理部分构建选项内数据到 settings.json start:230.74MB, end 230.75MB, increase: 15.79KB
2026-5-20 12:59:11-debug: // ---- build task 填充脚本数据到 settings.json ---- (1ms)
2026-5-20 12:59:11-log: run build task 填充脚本数据到 settings.json success in 1 ms√, progress: 13%
2026-5-20 12:59:11-debug: 整理部分构建选项内数据到 settings.json start, progress: 13%
2026-5-20 12:59:11-debug: [Build Memory track]: 填充脚本数据到 settings.json start:230.78MB, end 230.80MB, increase: 23.30KB
2026-5-20 12:59:11-debug: // ---- build task 整理部分构建选项内数据到 settings.json ----
2026-5-20 12:59:11-debug: // ---- build task 整理部分构建选项内数据到 settings.json ---- (3ms)
2026-5-20 12:59:11-log: run build task 整理部分构建选项内数据到 settings.json success in 3 ms√, progress: 15%
2026-5-20 12:59:11-debug: [Build Memory track]: 整理部分构建选项内数据到 settings.json start:230.83MB, end 230.19MB, increase: -647.64KB
2026-5-20 13:06:03-debug: refresh db internal success
2026-5-20 13:06:03-debug: refresh db assets success
2026-5-20 13:06:03-debug: Run asset db hook engine-extends:afterRefresh success!
2026-5-20 13:06:03-debug: Run asset db hook engine-extends:afterRefresh ...
2026-5-20 13:06:03-debug: asset-db:refresh-all-database (59ms)
2026-5-20 13:06:03-debug: asset-db-hook-engine-extends-afterRefresh (2ms)
2026-5-20 13:06:03-debug: asset-db:worker-effect-data-processing (2ms)
2026-5-20 13:09:13-debug: refresh db internal success
2026-5-20 13:09:13-debug: %cImport%c: /Users/xiejianfeng/Downloads/Zuma/assets/Script/BallCollision.tsbackground: #aaff85; color: #000;color: #000;
2026-5-20 13:09:13-debug: refresh db assets success
2026-5-20 13:09:13-debug: Run asset db hook engine-extends:afterRefresh success!
2026-5-20 13:09:13-debug: Run asset db hook engine-extends:afterRefresh ...
2026-5-20 13:09:13-debug: asset-db:refresh-all-database (54ms)
2026-5-20 13:09:13-debug: asset-db:worker-effect-data-processing (2ms)
2026-5-20 13:09:13-debug: asset-db-hook-engine-extends-afterRefresh (3ms)
2026-5-20 13:17:57-debug: refresh db internal success
2026-5-20 13:17:57-debug: %cImport%c: /Users/xiejianfeng/Downloads/Zuma/assets/Script/BallCollision.tsbackground: #aaff85; color: #000;color: #000;
2026-5-20 13:17:57-debug: %cImport%c: /Users/xiejianfeng/Downloads/Zuma/assets/Script/ZumaCurvePath.tsbackground: #aaff85; color: #000;color: #000;
2026-5-20 13:17:57-debug: refresh db assets success
2026-5-20 13:17:57-debug: Run asset db hook engine-extends:afterRefresh ...
2026-5-20 13:17:57-debug: Run asset db hook engine-extends:afterRefresh success!
2026-5-20 13:17:57-debug: asset-db:refresh-all-database (54ms)
2026-5-20 13:17:57-debug: asset-db:worker-effect-data-processing (4ms)
2026-5-20 13:17:57-debug: asset-db-hook-engine-extends-afterRefresh (5ms)
2026-5-20 13:21:38-debug: refresh db internal success
2026-5-20 13:21:38-debug: %cImport%c: /Users/xiejianfeng/Downloads/Zuma/assets/Script/ZumaCurvePath.tsbackground: #aaff85; color: #000;color: #000;
2026-5-20 13:21:38-debug: refresh db assets success
2026-5-20 13:21:38-debug: Run asset db hook engine-extends:afterRefresh ...
2026-5-20 13:21:38-debug: Run asset db hook engine-extends:afterRefresh success!
2026-5-20 13:21:38-debug: asset-db:refresh-all-database (48ms)
2026-5-20 13:21:38-debug: asset-db:worker-effect-data-processing (2ms)
2026-5-20 13:21:38-debug: asset-db-hook-engine-extends-afterRefresh (4ms)
2026-5-20 13:23:40-debug: refresh db internal success
2026-5-20 13:23:40-debug: refresh db assets success
2026-5-20 13:23:40-debug: Run asset db hook engine-extends:afterRefresh ...
2026-5-20 13:23:40-debug: Run asset db hook engine-extends:afterRefresh success!
2026-5-20 13:23:40-debug: asset-db:refresh-all-database (57ms)
2026-5-20 13:23:40-debug: asset-db:worker-effect-data-processing (5ms)
2026-5-20 13:23:40-debug: asset-db-hook-engine-extends-afterRefresh (6ms)
2026-5-20 13:24:19-debug: refresh db internal success
2026-5-20 13:24:19-debug: %cImport%c: /Users/xiejianfeng/Downloads/Zuma/assets/Script/ZumaCurvePath.tsbackground: #aaff85; color: #000;color: #000;
2026-5-20 13:24:19-debug: refresh db assets success
2026-5-20 13:24:19-debug: Run asset db hook engine-extends:afterRefresh success!
2026-5-20 13:24:19-debug: Run asset db hook engine-extends:afterRefresh ...
2026-5-20 13:24:19-debug: asset-db:refresh-all-database (44ms)
2026-5-20 13:24:19-debug: asset-db:worker-effect-data-processing (4ms)
2026-5-20 13:24:19-debug: asset-db-hook-engine-extends-afterRefresh (5ms)
2026-5-20 13:24:21-debug: %cImport%c: /Users/xiejianfeng/Downloads/Zuma/assets/Scene/Map1.scenebackground: #aaff85; color: #000;color: #000;
2026-5-20 13:24:21-debug: asset-db:reimport-assetba60efc0-dcd1-4d9b-a1fc-495b102b261d (10ms)
2026-5-20 13:24:22-debug: Query all assets info in project
2026-5-20 13:24:22-debug: init custom config: keepNodeUuid: false, useCache: true
2026-5-20 13:24:22-debug: Skip compress image, progress: 0%
2026-5-20 13:24:22-debug: Init all bundles start..., progress: 0%
2026-5-20 13:24:22-debug: // ---- build task 查询 Asset Bundle ----
2026-5-20 13:24:22-debug: Init bundle root assets start..., progress: 0%
2026-5-20 13:24:22-debug: 查询 Asset Bundle start, progress: 0%
2026-5-20 13:24:22-debug: Num of bundles: 2..., progress: 0%
2026-5-20 13:24:22-debug: Query preload assets/scripts from cc.config.json: 60f7195c-ec2a-45eb-ba94-8955f60e81d0,1c02ae6f-4492-4915-b8f8-7492a3b1e4cd,810e96e4-e456-4468-9b59-f4e8f39732c0,efe8e2a3-eace-427b-b4f1-cb8a937ec77d,e9aa9a3e-5b2b-4ac7-a2c7-073de2b2b24f,8bbdbcdd-5cd4-4100-b6d5-b7c9625b6107,50f4348b-c883-4e2f-8f11-ce233b859fa1,fda095cb-831d-4601-ad94-846013963de8,f92806d7-1768-443f-afe8-12bcde84d0f0,dd3a144d-ab7f-41f0-82b8-2e43a090d496,f0416e68-0200-4b77-a926-4f9d16e494da,970b0598-bcb0-4714-91fb-2e81440dccd8,bcd64cc6-2dd9-43f6-abbe-66318d332032,d930590d-bb92-4cc8-8bd1-23cd027f9edf,a3cd009f-0ab0-420d-9278-b9fdab939bbc,6a2d0734-bd9e-4ddf-946e-caa52498cb75,c27215d8-6835-4b68-bfbb-bdeac6100c04,b5d6115f-0370-4d7c-aad3-c194cc71cf98,871c3b6c-7379-419d-bda3-794b239ab90d,ff9b0199-ce04-4cfe-86cc-6c719f08d6e4,de1c2107-70c8-4021-8459-6399f24d01c6,cbf30902-517f-40dc-af90-a550bac27cf1,5c601d96-e4c7-4698-991b-7ee674b11079
2026-5-20 13:24:22-debug: Init bundle root assets success..., progress: 0%
2026-5-20 13:24:22-debug:   Number of all scenes: 2
2026-5-20 13:24:22-debug:   Number of other assets: 338
2026-5-20 13:24:22-debug:   Number of all scripts: 11
2026-5-20 13:24:22-debug: // ---- build task 查询 Asset Bundle ---- (5ms)
2026-5-20 13:24:22-debug: 查询 Asset Bundle start, progress: 5%
2026-5-20 13:24:22-log: run build task 查询 Asset Bundle success in 5 ms√, progress: 5%
2026-5-20 13:24:22-debug: [Build Memory track]: 查询 Asset Bundle start:234.18MB, end 233.98MB, increase: -209.34KB
2026-5-20 13:24:22-debug: // ---- build task 查询 Asset Bundle ----
2026-5-20 13:24:22-debug: // ---- build task 查询 Asset Bundle ---- (1ms)
2026-5-20 13:24:22-log: run build task 查询 Asset Bundle success in 1 ms√, progress: 10%
2026-5-20 13:24:22-debug: [Build Memory track]: 查询 Asset Bundle start:234.00MB, end 234.10MB, increase: 104.83KB
2026-5-20 13:24:22-debug: // ---- build task 整理部分构建选项内数据到 settings.json ----
2026-5-20 13:24:22-debug: 整理部分构建选项内数据到 settings.json start, progress: 10%
2026-5-20 13:24:22-log: run build task 整理部分构建选项内数据到 settings.json success in √, progress: 12%
2026-5-20 13:24:22-debug: [Build Memory track]: 整理部分构建选项内数据到 settings.json start:234.13MB, end 234.15MB, increase: 15.78KB
2026-5-20 13:24:22-debug: 填充脚本数据到 settings.json start, progress: 12%
2026-5-20 13:24:22-debug: // ---- build task 填充脚本数据到 settings.json ----
2026-5-20 13:24:22-debug: // ---- build task 填充脚本数据到 settings.json ---- (1ms)
2026-5-20 13:24:22-log: run build task 填充脚本数据到 settings.json success in 1 ms√, progress: 13%
2026-5-20 13:24:22-debug: 整理部分构建选项内数据到 settings.json start, progress: 13%
2026-5-20 13:24:22-debug: // ---- build task 整理部分构建选项内数据到 settings.json ----
2026-5-20 13:24:22-debug: [Build Memory track]: 填充脚本数据到 settings.json start:234.17MB, end 233.48MB, increase: -713.02KB
2026-5-20 13:24:22-debug: // ---- build task 整理部分构建选项内数据到 settings.json ---- (3ms)
2026-5-20 13:24:22-log: run build task 整理部分构建选项内数据到 settings.json success in 3 ms√, progress: 15%
2026-5-20 13:24:22-debug: [Build Memory track]: 整理部分构建选项内数据到 settings.json start:233.51MB, end 233.63MB, increase: 123.77KB
2026-5-20 13:25:00-debug: Query all assets info in project
2026-5-20 13:25:00-debug: init custom config: keepNodeUuid: false, useCache: true
2026-5-20 13:25:00-debug: Skip compress image, progress: 0%
2026-5-20 13:25:00-debug: Init all bundles start..., progress: 0%
2026-5-20 13:25:00-debug: Num of bundles: 2..., progress: 0%
2026-5-20 13:25:00-debug: 查询 Asset Bundle start, progress: 0%
2026-5-20 13:25:00-debug: Init bundle root assets start..., progress: 0%
2026-5-20 13:25:00-debug: // ---- build task 查询 Asset Bundle ----
2026-5-20 13:25:00-debug: Query preload assets/scripts from cc.config.json: 60f7195c-ec2a-45eb-ba94-8955f60e81d0,1c02ae6f-4492-4915-b8f8-7492a3b1e4cd,810e96e4-e456-4468-9b59-f4e8f39732c0,efe8e2a3-eace-427b-b4f1-cb8a937ec77d,e9aa9a3e-5b2b-4ac7-a2c7-073de2b2b24f,8bbdbcdd-5cd4-4100-b6d5-b7c9625b6107,50f4348b-c883-4e2f-8f11-ce233b859fa1,fda095cb-831d-4601-ad94-846013963de8,f92806d7-1768-443f-afe8-12bcde84d0f0,dd3a144d-ab7f-41f0-82b8-2e43a090d496,f0416e68-0200-4b77-a926-4f9d16e494da,970b0598-bcb0-4714-91fb-2e81440dccd8,bcd64cc6-2dd9-43f6-abbe-66318d332032,d930590d-bb92-4cc8-8bd1-23cd027f9edf,a3cd009f-0ab0-420d-9278-b9fdab939bbc,6a2d0734-bd9e-4ddf-946e-caa52498cb75,c27215d8-6835-4b68-bfbb-bdeac6100c04,b5d6115f-0370-4d7c-aad3-c194cc71cf98,871c3b6c-7379-419d-bda3-794b239ab90d,ff9b0199-ce04-4cfe-86cc-6c719f08d6e4,de1c2107-70c8-4021-8459-6399f24d01c6,cbf30902-517f-40dc-af90-a550bac27cf1,5c601d96-e4c7-4698-991b-7ee674b11079
2026-5-20 13:25:00-debug: Init bundle root assets success..., progress: 0%
2026-5-20 13:25:00-debug:   Number of all scripts: 11
2026-5-20 13:25:00-debug:   Number of other assets: 338
2026-5-20 13:25:00-debug:   Number of all scenes: 2
2026-5-20 13:25:00-debug: // ---- build task 查询 Asset Bundle ---- (4ms)
2026-5-20 13:25:00-debug: // ---- build task 查询 Asset Bundle ----
2026-5-20 13:25:00-debug: [Build Memory track]: 查询 Asset Bundle start:234.17MB, end 233.77MB, increase: -411.73KB
2026-5-20 13:25:00-debug: 查询 Asset Bundle start, progress: 5%
2026-5-20 13:25:00-log: run build task 查询 Asset Bundle success in 4 ms√, progress: 5%
2026-5-20 13:25:00-debug: // ---- build task 查询 Asset Bundle ---- (1ms)
2026-5-20 13:25:00-debug: [Build Memory track]: 查询 Asset Bundle start:233.80MB, end 233.90MB, increase: 104.83KB
2026-5-20 13:25:00-debug: 整理部分构建选项内数据到 settings.json start, progress: 10%
2026-5-20 13:25:00-debug: // ---- build task 整理部分构建选项内数据到 settings.json ----
2026-5-20 13:25:00-log: run build task 查询 Asset Bundle success in 1 ms√, progress: 10%
2026-5-20 13:25:00-log: run build task 整理部分构建选项内数据到 settings.json success in √, progress: 12%
2026-5-20 13:25:00-debug: // ---- build task 填充脚本数据到 settings.json ----
2026-5-20 13:25:00-debug: 填充脚本数据到 settings.json start, progress: 12%
2026-5-20 13:25:00-debug: [Build Memory track]: 整理部分构建选项内数据到 settings.json start:233.93MB, end 233.94MB, increase: 15.77KB
2026-5-20 13:25:00-debug: // ---- build task 填充脚本数据到 settings.json ---- (1ms)
2026-5-20 13:25:00-debug: [Build Memory track]: 填充脚本数据到 settings.json start:233.97MB, end 233.99MB, increase: 23.43KB
2026-5-20 13:25:00-debug: 整理部分构建选项内数据到 settings.json start, progress: 13%
2026-5-20 13:25:00-log: run build task 填充脚本数据到 settings.json success in 1 ms√, progress: 13%
2026-5-20 13:25:00-debug: // ---- build task 整理部分构建选项内数据到 settings.json ----
2026-5-20 13:25:00-debug: // ---- build task 整理部分构建选项内数据到 settings.json ---- (3ms)
2026-5-20 13:25:00-log: run build task 整理部分构建选项内数据到 settings.json success in 3 ms√, progress: 15%
2026-5-20 13:25:00-debug: [Build Memory track]: 整理部分构建选项内数据到 settings.json start:234.02MB, end 234.14MB, increase: 122.62KB
2026-5-20 13:26:14-debug: refresh db internal success
2026-5-20 13:26:14-debug: refresh db assets success
2026-5-20 13:26:14-debug: Run asset db hook engine-extends:afterRefresh ...
2026-5-20 13:26:14-debug: Run asset db hook engine-extends:afterRefresh success!
2026-5-20 13:26:14-debug: asset-db:refresh-all-database (46ms)
2026-5-20 13:26:14-debug: asset-db:worker-effect-data-processing (1ms)
2026-5-20 13:26:14-debug: asset-db-hook-engine-extends-afterRefresh (1ms)
2026-5-20 13:26:18-debug: refresh db internal success
2026-5-20 13:26:18-debug: Run asset db hook engine-extends:afterRefresh ...
2026-5-20 13:26:18-debug: refresh db assets success
2026-5-20 13:26:18-debug: Run asset db hook engine-extends:afterRefresh success!
2026-5-20 13:26:18-debug: asset-db:refresh-all-database (43ms)
2026-5-20 13:26:18-debug: asset-db:worker-effect-data-processing (2ms)
2026-5-20 13:26:18-debug: asset-db-hook-engine-extends-afterRefresh (2ms)
2026-5-20 13:28:43-debug: refresh db internal success
2026-5-20 13:28:43-debug: refresh db assets success
2026-5-20 13:28:43-debug: Run asset db hook engine-extends:afterRefresh success!
2026-5-20 13:28:43-debug: Run asset db hook engine-extends:afterRefresh ...
2026-5-20 13:28:43-debug: asset-db:refresh-all-database (45ms)
2026-5-20 13:28:43-debug: asset-db:worker-effect-data-processing (1ms)
2026-5-20 13:28:43-debug: asset-db-hook-engine-extends-afterRefresh (2ms)
2026-5-20 13:29:07-debug: Query all assets info in project
2026-5-20 13:29:07-debug: init custom config: keepNodeUuid: false, useCache: true
2026-5-20 13:29:07-debug: Skip compress image, progress: 0%
2026-5-20 13:29:07-debug: Init all bundles start..., progress: 0%
2026-5-20 13:29:07-debug: 查询 Asset Bundle start, progress: 0%
2026-5-20 13:29:07-debug: // ---- build task 查询 Asset Bundle ----
2026-5-20 13:29:07-debug: Num of bundles: 2..., progress: 0%
2026-5-20 13:29:07-debug: Init bundle root assets start..., progress: 0%
2026-5-20 13:29:07-debug: Query preload assets/scripts from cc.config.json: 60f7195c-ec2a-45eb-ba94-8955f60e81d0,1c02ae6f-4492-4915-b8f8-7492a3b1e4cd,810e96e4-e456-4468-9b59-f4e8f39732c0,efe8e2a3-eace-427b-b4f1-cb8a937ec77d,e9aa9a3e-5b2b-4ac7-a2c7-073de2b2b24f,8bbdbcdd-5cd4-4100-b6d5-b7c9625b6107,50f4348b-c883-4e2f-8f11-ce233b859fa1,fda095cb-831d-4601-ad94-846013963de8,f92806d7-1768-443f-afe8-12bcde84d0f0,dd3a144d-ab7f-41f0-82b8-2e43a090d496,f0416e68-0200-4b77-a926-4f9d16e494da,970b0598-bcb0-4714-91fb-2e81440dccd8,bcd64cc6-2dd9-43f6-abbe-66318d332032,d930590d-bb92-4cc8-8bd1-23cd027f9edf,a3cd009f-0ab0-420d-9278-b9fdab939bbc,6a2d0734-bd9e-4ddf-946e-caa52498cb75,c27215d8-6835-4b68-bfbb-bdeac6100c04,b5d6115f-0370-4d7c-aad3-c194cc71cf98,871c3b6c-7379-419d-bda3-794b239ab90d,ff9b0199-ce04-4cfe-86cc-6c719f08d6e4,de1c2107-70c8-4021-8459-6399f24d01c6,cbf30902-517f-40dc-af90-a550bac27cf1,5c601d96-e4c7-4698-991b-7ee674b11079
2026-5-20 13:29:07-debug:   Number of all scenes: 2
2026-5-20 13:29:07-debug:   Number of all scripts: 11
2026-5-20 13:29:07-debug: Init bundle root assets success..., progress: 0%
2026-5-20 13:29:07-debug:   Number of other assets: 338
2026-5-20 13:29:07-debug: // ---- build task 查询 Asset Bundle ---- (4ms)
2026-5-20 13:29:07-log: run build task 查询 Asset Bundle success in 4 ms√, progress: 5%
2026-5-20 13:29:07-debug: // ---- build task 查询 Asset Bundle ----
2026-5-20 13:29:07-debug: 查询 Asset Bundle start, progress: 5%
2026-5-20 13:29:07-debug: [Build Memory track]: 查询 Asset Bundle start:235.10MB, end 234.87MB, increase: -238.82KB
2026-5-20 13:29:07-debug: // ---- build task 查询 Asset Bundle ---- (2ms)
2026-5-20 13:29:07-log: run build task 查询 Asset Bundle success in 2 ms√, progress: 10%
2026-5-20 13:29:07-debug: [Build Memory track]: 查询 Asset Bundle start:234.89MB, end 235.01MB, increase: 115.36KB
2026-5-20 13:29:07-debug: // ---- build task 整理部分构建选项内数据到 settings.json ----
2026-5-20 13:29:07-debug: 整理部分构建选项内数据到 settings.json start, progress: 10%
2026-5-20 13:29:07-debug: // ---- build task 整理部分构建选项内数据到 settings.json ---- (1ms)
2026-5-20 13:29:07-debug: [Build Memory track]: 整理部分构建选项内数据到 settings.json start:235.03MB, end 235.06MB, increase: 25.23KB
2026-5-20 13:29:07-debug: // ---- build task 填充脚本数据到 settings.json ----
2026-5-20 13:29:07-log: run build task 整理部分构建选项内数据到 settings.json success in 1 ms√, progress: 12%
2026-5-20 13:29:07-debug: 填充脚本数据到 settings.json start, progress: 12%
2026-5-20 13:29:07-debug: // ---- build task 填充脚本数据到 settings.json ---- (1ms)
2026-5-20 13:29:07-debug: // ---- build task 整理部分构建选项内数据到 settings.json ----
2026-5-20 13:29:07-debug: [Build Memory track]: 填充脚本数据到 settings.json start:235.09MB, end 235.11MB, increase: 24.71KB
2026-5-20 13:29:07-debug: 整理部分构建选项内数据到 settings.json start, progress: 13%
2026-5-20 13:29:07-log: run build task 填充脚本数据到 settings.json success in 1 ms√, progress: 13%
2026-5-20 13:29:07-debug: // ---- build task 整理部分构建选项内数据到 settings.json ---- (3ms)
2026-5-20 13:29:07-log: run build task 整理部分构建选项内数据到 settings.json success in 3 ms√, progress: 15%
2026-5-20 13:29:07-debug: [Build Memory track]: 整理部分构建选项内数据到 settings.json start:235.14MB, end 235.26MB, increase: 123.27KB
2026-5-20 13:30:23-debug: refresh db internal success
2026-5-20 13:30:23-debug: refresh db assets success
2026-5-20 13:30:23-debug: Run asset db hook engine-extends:afterRefresh ...
2026-5-20 13:30:23-debug: Run asset db hook engine-extends:afterRefresh success!
2026-5-20 13:30:23-debug: asset-db:refresh-all-database (37ms)
2026-5-20 13:30:23-debug: asset-db:worker-effect-data-processing (1ms)
2026-5-20 13:30:23-debug: asset-db-hook-engine-extends-afterRefresh (1ms)
2026-5-20 13:30:28-debug: %cImport%c: /Users/xiejianfeng/Downloads/Zuma/assets/Prefab/greenball.prefabbackground: #aaff85; color: #000;color: #000;
2026-5-20 13:30:28-debug: asset-db:reimport-assetb2172737-b3d3-4abd-83f6-bc6f91dee69d (7ms)
2026-5-20 13:30:58-debug: refresh db internal success
2026-5-20 13:30:58-debug: refresh db assets success
2026-5-20 13:30:58-debug: Run asset db hook engine-extends:afterRefresh ...
2026-5-20 13:30:58-debug: Run asset db hook engine-extends:afterRefresh success!
2026-5-20 13:30:58-debug: asset-db:refresh-all-database (41ms)
2026-5-20 13:30:58-debug: asset-db:worker-effect-data-processing (1ms)
2026-5-20 13:30:58-debug: asset-db-hook-engine-extends-afterRefresh (2ms)
2026-5-20 13:31:33-debug: refresh db internal success
2026-5-20 13:31:33-debug: refresh db assets success
2026-5-20 13:31:33-debug: Run asset db hook engine-extends:afterRefresh ...
2026-5-20 13:31:33-debug: Run asset db hook engine-extends:afterRefresh success!
2026-5-20 13:31:33-debug: asset-db:refresh-all-database (64ms)
2026-5-20 13:31:33-debug: asset-db-hook-engine-extends-afterRefresh (2ms)
2026-5-20 13:31:33-debug: asset-db:worker-effect-data-processing (1ms)
2026-5-20 13:31:47-debug: refresh db internal success
2026-5-20 13:31:47-debug: refresh db assets success
2026-5-20 13:31:47-debug: Run asset db hook engine-extends:afterRefresh success!
2026-5-20 13:31:47-debug: Run asset db hook engine-extends:afterRefresh ...
2026-5-20 13:31:47-debug: asset-db:refresh-all-database (39ms)
2026-5-20 13:31:47-debug: asset-db:worker-effect-data-processing (2ms)
2026-5-20 13:31:47-debug: asset-db-hook-engine-extends-afterRefresh (2ms)
2026-5-20 13:32:02-debug: %cImport%c: /Users/xiejianfeng/Downloads/Zuma/assets/Prefab/blueball.prefabbackground: #aaff85; color: #000;color: #000;
2026-5-20 13:32:02-debug: asset-db:reimport-asset057fd5d8-92b4-4fd2-a19c-499722dcb9df (6ms)
2026-5-20 13:33:05-debug: refresh db internal success
2026-5-20 13:33:05-debug: refresh db assets success
2026-5-20 13:33:05-debug: Run asset db hook engine-extends:afterRefresh ...
2026-5-20 13:33:05-debug: Run asset db hook engine-extends:afterRefresh success!
2026-5-20 13:33:05-debug: asset-db:refresh-all-database (43ms)
2026-5-20 13:33:05-debug: asset-db:worker-effect-data-processing (1ms)
2026-5-20 13:33:05-debug: asset-db-hook-engine-extends-afterRefresh (2ms)
2026-5-20 13:33:55-debug: refresh db internal success
2026-5-20 13:33:55-debug: refresh db assets success
2026-5-20 13:33:55-debug: Run asset db hook engine-extends:afterRefresh success!
2026-5-20 13:33:55-debug: Run asset db hook engine-extends:afterRefresh ...
2026-5-20 13:33:55-debug: asset-db:refresh-all-database (58ms)
2026-5-20 13:33:55-debug: asset-db:worker-effect-data-processing (1ms)
2026-5-20 13:33:55-debug: asset-db-hook-engine-extends-afterRefresh (1ms)
2026-5-20 13:34:07-debug: refresh db internal success
2026-5-20 13:34:07-debug: %cImport%c: /Users/xiejianfeng/Downloads/Zuma/assets/Script/ZumaCurvePath.tsbackground: #aaff85; color: #000;color: #000;
2026-5-20 13:34:07-debug: refresh db assets success
2026-5-20 13:34:07-debug: Run asset db hook engine-extends:afterRefresh ...
2026-5-20 13:34:07-debug: Run asset db hook engine-extends:afterRefresh success!
2026-5-20 13:34:07-debug: asset-db:refresh-all-database (33ms)
2026-5-20 13:34:07-debug: asset-db:worker-effect-data-processing (1ms)
2026-5-20 13:34:07-debug: asset-db-hook-engine-extends-afterRefresh (1ms)
2026-5-20 13:34:30-debug: refresh db internal success
2026-5-20 13:34:30-debug: %cImport%c: /Users/xiejianfeng/Downloads/Zuma/assets/Script/ZumaCurvePath.tsbackground: #aaff85; color: #000;color: #000;
2026-5-20 13:34:30-debug: refresh db assets success
2026-5-20 13:34:30-debug: Run asset db hook engine-extends:afterRefresh ...
2026-5-20 13:34:30-debug: Run asset db hook engine-extends:afterRefresh success!
2026-5-20 13:34:30-debug: asset-db:refresh-all-database (31ms)
2026-5-20 13:34:30-debug: asset-db:worker-effect-data-processing (2ms)
2026-5-20 13:34:30-debug: asset-db-hook-engine-extends-afterRefresh (2ms)
2026-5-20 13:34:34-debug: refresh db internal success
2026-5-20 13:34:34-debug: refresh db assets success
2026-5-20 13:34:34-debug: Run asset db hook engine-extends:afterRefresh ...
2026-5-20 13:34:34-debug: Run asset db hook engine-extends:afterRefresh success!
2026-5-20 13:34:34-debug: asset-db:refresh-all-database (25ms)
2026-5-20 13:34:34-debug: asset-db:worker-effect-data-processing (1ms)
2026-5-20 13:34:34-debug: asset-db-hook-engine-extends-afterRefresh (1ms)
2026-5-20 13:34:43-debug: refresh db internal success
2026-5-20 13:34:43-debug: refresh db assets success
2026-5-20 13:34:43-debug: Run asset db hook engine-extends:afterRefresh ...
2026-5-20 13:34:43-debug: Run asset db hook engine-extends:afterRefresh success!
2026-5-20 13:34:43-debug: asset-db:refresh-all-database (37ms)
2026-5-20 13:34:43-debug: asset-db-hook-engine-extends-afterRefresh (2ms)
2026-5-20 13:34:43-debug: asset-db:worker-effect-data-processing (1ms)
2026-5-20 13:35:05-debug: refresh db internal success
2026-5-20 13:35:05-debug: %cImport%c: /Users/xiejianfeng/Downloads/Zuma/assets/Script/ZumaCurvePath.tsbackground: #aaff85; color: #000;color: #000;
2026-5-20 13:35:05-debug: refresh db assets success
2026-5-20 13:35:05-debug: Run asset db hook engine-extends:afterRefresh ...
2026-5-20 13:35:05-debug: Run asset db hook engine-extends:afterRefresh success!
2026-5-20 13:35:05-debug: asset-db:refresh-all-database (38ms)
2026-5-20 13:35:05-debug: asset-db:worker-effect-data-processing (1ms)
2026-5-20 13:35:05-debug: asset-db-hook-engine-extends-afterRefresh (2ms)
2026-5-20 13:37:21-debug: refresh db internal success
2026-5-20 13:37:21-debug: %cImport%c: /Users/xiejianfeng/Downloads/Zuma/assets/Script/Control.tsbackground: #aaff85; color: #000;color: #000;
2026-5-20 13:37:21-debug: %cImport%c: /Users/xiejianfeng/Downloads/Zuma/assets/Script/ZumaCurvePath.tsbackground: #aaff85; color: #000;color: #000;
2026-5-20 13:37:21-debug: refresh db assets success
2026-5-20 13:37:21-debug: Run asset db hook engine-extends:afterRefresh ...
2026-5-20 13:37:21-debug: Run asset db hook engine-extends:afterRefresh success!
2026-5-20 13:37:21-debug: asset-db:refresh-all-database (53ms)
2026-5-20 13:37:21-debug: asset-db:worker-effect-data-processing (2ms)
2026-5-20 13:37:21-debug: asset-db-hook-engine-extends-afterRefresh (2ms)
2026-5-20 13:37:25-debug: %cImport%c: /Users/xiejianfeng/Downloads/Zuma/assets/Scene/Map1.scenebackground: #aaff85; color: #000;color: #000;
2026-5-20 13:37:25-debug: asset-db:reimport-assetba60efc0-dcd1-4d9b-a1fc-495b102b261d (11ms)
2026-5-20 13:37:26-debug: Query all assets info in project
2026-5-20 13:37:26-debug: init custom config: keepNodeUuid: false, useCache: true
2026-5-20 13:37:26-debug: Skip compress image, progress: 0%
2026-5-20 13:37:26-debug: Init all bundles start..., progress: 0%
2026-5-20 13:37:26-debug: // ---- build task 查询 Asset Bundle ----
2026-5-20 13:37:26-debug: 查询 Asset Bundle start, progress: 0%
2026-5-20 13:37:26-debug: Num of bundles: 2..., progress: 0%
2026-5-20 13:37:26-debug: Init bundle root assets start..., progress: 0%
2026-5-20 13:37:26-debug: Query preload assets/scripts from cc.config.json: 60f7195c-ec2a-45eb-ba94-8955f60e81d0,1c02ae6f-4492-4915-b8f8-7492a3b1e4cd,810e96e4-e456-4468-9b59-f4e8f39732c0,efe8e2a3-eace-427b-b4f1-cb8a937ec77d,e9aa9a3e-5b2b-4ac7-a2c7-073de2b2b24f,8bbdbcdd-5cd4-4100-b6d5-b7c9625b6107,50f4348b-c883-4e2f-8f11-ce233b859fa1,fda095cb-831d-4601-ad94-846013963de8,f92806d7-1768-443f-afe8-12bcde84d0f0,dd3a144d-ab7f-41f0-82b8-2e43a090d496,f0416e68-0200-4b77-a926-4f9d16e494da,970b0598-bcb0-4714-91fb-2e81440dccd8,bcd64cc6-2dd9-43f6-abbe-66318d332032,d930590d-bb92-4cc8-8bd1-23cd027f9edf,a3cd009f-0ab0-420d-9278-b9fdab939bbc,6a2d0734-bd9e-4ddf-946e-caa52498cb75,c27215d8-6835-4b68-bfbb-bdeac6100c04,b5d6115f-0370-4d7c-aad3-c194cc71cf98,871c3b6c-7379-419d-bda3-794b239ab90d,ff9b0199-ce04-4cfe-86cc-6c719f08d6e4,de1c2107-70c8-4021-8459-6399f24d01c6,cbf30902-517f-40dc-af90-a550bac27cf1,5c601d96-e4c7-4698-991b-7ee674b11079
2026-5-20 13:37:26-debug:   Number of other assets: 338
2026-5-20 13:37:26-debug:   Number of all scripts: 11
2026-5-20 13:37:26-debug: Init bundle root assets success..., progress: 0%
2026-5-20 13:37:26-debug:   Number of all scenes: 2
2026-5-20 13:37:26-debug: // ---- build task 查询 Asset Bundle ---- (5ms)
2026-5-20 13:37:26-log: run build task 查询 Asset Bundle success in 5 ms√, progress: 5%
2026-5-20 13:37:26-debug: [Build Memory track]: 查询 Asset Bundle start:240.50MB, end 240.29MB, increase: -213.64KB
2026-5-20 13:37:26-debug: 查询 Asset Bundle start, progress: 5%
2026-5-20 13:37:26-debug: // ---- build task 查询 Asset Bundle ----
2026-5-20 13:37:26-debug: // ---- build task 查询 Asset Bundle ---- (1ms)
2026-5-20 13:37:26-log: run build task 查询 Asset Bundle success in 1 ms√, progress: 10%
2026-5-20 13:37:26-debug: 整理部分构建选项内数据到 settings.json start, progress: 10%
2026-5-20 13:37:26-debug: [Build Memory track]: 查询 Asset Bundle start:240.32MB, end 240.42MB, increase: 107.22KB
2026-5-20 13:37:26-debug: // ---- build task 整理部分构建选项内数据到 settings.json ----
2026-5-20 13:37:26-debug: // ---- build task 整理部分构建选项内数据到 settings.json ---- (1ms)
2026-5-20 13:37:26-debug: [Build Memory track]: 整理部分构建选项内数据到 settings.json start:240.45MB, end 240.48MB, increase: 25.07KB
2026-5-20 13:37:26-debug: 填充脚本数据到 settings.json start, progress: 12%
2026-5-20 13:37:26-debug: // ---- build task 填充脚本数据到 settings.json ----
2026-5-20 13:37:26-log: run build task 整理部分构建选项内数据到 settings.json success in 1 ms√, progress: 12%
2026-5-20 13:37:26-debug: // ---- build task 填充脚本数据到 settings.json ---- (1ms)
2026-5-20 13:37:26-log: run build task 填充脚本数据到 settings.json success in 1 ms√, progress: 13%
2026-5-20 13:37:26-debug: // ---- build task 整理部分构建选项内数据到 settings.json ----
2026-5-20 13:37:26-debug: [Build Memory track]: 填充脚本数据到 settings.json start:240.50MB, end 239.79MB, increase: -725.81KB
2026-5-20 13:37:26-debug: 整理部分构建选项内数据到 settings.json start, progress: 13%
2026-5-20 13:37:26-debug: // ---- build task 整理部分构建选项内数据到 settings.json ---- (3ms)
2026-5-20 13:37:26-log: run build task 整理部分构建选项内数据到 settings.json success in 3 ms√, progress: 15%
2026-5-20 13:37:26-debug: [Build Memory track]: 整理部分构建选项内数据到 settings.json start:239.82MB, end 239.94MB, increase: 123.87KB
2026-5-20 13:37:32-debug: Query all assets info in project
2026-5-20 13:37:32-debug: init custom config: keepNodeUuid: false, useCache: true
2026-5-20 13:37:32-debug: Skip compress image, progress: 0%
2026-5-20 13:37:32-debug: Init all bundles start..., progress: 0%
2026-5-20 13:37:32-debug: 查询 Asset Bundle start, progress: 0%
2026-5-20 13:37:32-debug: // ---- build task 查询 Asset Bundle ----
2026-5-20 13:37:32-debug: Init bundle root assets start..., progress: 0%
2026-5-20 13:37:32-debug: Num of bundles: 2..., progress: 0%
2026-5-20 13:37:32-debug: Query preload assets/scripts from cc.config.json: 60f7195c-ec2a-45eb-ba94-8955f60e81d0,1c02ae6f-4492-4915-b8f8-7492a3b1e4cd,810e96e4-e456-4468-9b59-f4e8f39732c0,efe8e2a3-eace-427b-b4f1-cb8a937ec77d,e9aa9a3e-5b2b-4ac7-a2c7-073de2b2b24f,8bbdbcdd-5cd4-4100-b6d5-b7c9625b6107,50f4348b-c883-4e2f-8f11-ce233b859fa1,fda095cb-831d-4601-ad94-846013963de8,f92806d7-1768-443f-afe8-12bcde84d0f0,dd3a144d-ab7f-41f0-82b8-2e43a090d496,f0416e68-0200-4b77-a926-4f9d16e494da,970b0598-bcb0-4714-91fb-2e81440dccd8,bcd64cc6-2dd9-43f6-abbe-66318d332032,d930590d-bb92-4cc8-8bd1-23cd027f9edf,a3cd009f-0ab0-420d-9278-b9fdab939bbc,6a2d0734-bd9e-4ddf-946e-caa52498cb75,c27215d8-6835-4b68-bfbb-bdeac6100c04,b5d6115f-0370-4d7c-aad3-c194cc71cf98,871c3b6c-7379-419d-bda3-794b239ab90d,ff9b0199-ce04-4cfe-86cc-6c719f08d6e4,de1c2107-70c8-4021-8459-6399f24d01c6,cbf30902-517f-40dc-af90-a550bac27cf1,5c601d96-e4c7-4698-991b-7ee674b11079
2026-5-20 13:37:32-debug: Init bundle root assets success..., progress: 0%
2026-5-20 13:37:32-debug:   Number of all scenes: 2
2026-5-20 13:37:32-debug:   Number of other assets: 338
2026-5-20 13:37:32-debug:   Number of all scripts: 11
2026-5-20 13:37:32-debug: // ---- build task 查询 Asset Bundle ---- (4ms)
2026-5-20 13:37:32-debug: [Build Memory track]: 查询 Asset Bundle start:240.22MB, end 239.92MB, increase: -304.95KB
2026-5-20 13:37:32-debug: // ---- build task 查询 Asset Bundle ----
2026-5-20 13:37:32-log: run build task 查询 Asset Bundle success in 4 ms√, progress: 5%
2026-5-20 13:37:32-debug: 查询 Asset Bundle start, progress: 5%
2026-5-20 13:37:32-debug: // ---- build task 查询 Asset Bundle ---- (1ms)
2026-5-20 13:37:32-debug: [Build Memory track]: 查询 Asset Bundle start:239.96MB, end 240.06MB, increase: 107.33KB
2026-5-20 13:37:32-debug: 整理部分构建选项内数据到 settings.json start, progress: 10%
2026-5-20 13:37:32-log: run build task 查询 Asset Bundle success in 1 ms√, progress: 10%
2026-5-20 13:37:32-debug: // ---- build task 整理部分构建选项内数据到 settings.json ----
2026-5-20 13:37:32-debug: // ---- build task 整理部分构建选项内数据到 settings.json ---- (1ms)
2026-5-20 13:37:32-debug: 填充脚本数据到 settings.json start, progress: 12%
2026-5-20 13:37:32-debug: [Build Memory track]: 整理部分构建选项内数据到 settings.json start:240.09MB, end 240.12MB, increase: 25.04KB
2026-5-20 13:37:32-debug: // ---- build task 填充脚本数据到 settings.json ----
2026-5-20 13:37:32-log: run build task 整理部分构建选项内数据到 settings.json success in 1 ms√, progress: 12%
2026-5-20 13:37:32-debug: // ---- build task 填充脚本数据到 settings.json ---- (1ms)
2026-5-20 13:37:32-debug: [Build Memory track]: 填充脚本数据到 settings.json start:240.14MB, end 240.17MB, increase: 24.67KB
2026-5-20 13:37:32-debug: 整理部分构建选项内数据到 settings.json start, progress: 13%
2026-5-20 13:37:32-log: run build task 填充脚本数据到 settings.json success in 1 ms√, progress: 13%
2026-5-20 13:37:32-debug: // ---- build task 整理部分构建选项内数据到 settings.json ----
2026-5-20 13:37:32-debug: // ---- build task 整理部分构建选项内数据到 settings.json ---- (2ms)
2026-5-20 13:37:32-log: run build task 整理部分构建选项内数据到 settings.json success in 2 ms√, progress: 15%
2026-5-20 13:37:32-debug: [Build Memory track]: 整理部分构建选项内数据到 settings.json start:240.19MB, end 240.31MB, increase: 123.35KB
2026-5-20 13:37:43-debug: refresh db internal success
2026-5-20 13:37:43-debug: refresh db assets success
2026-5-20 13:37:43-debug: Run asset db hook engine-extends:afterRefresh ...
2026-5-20 13:37:43-debug: Run asset db hook engine-extends:afterRefresh success!
2026-5-20 13:37:43-debug: asset-db:refresh-all-database (30ms)
2026-5-20 13:37:43-debug: asset-db:worker-effect-data-processing (1ms)
2026-5-20 13:37:43-debug: asset-db-hook-engine-extends-afterRefresh (1ms)
2026-5-20 13:37:45-debug: Query all assets info in project
2026-5-20 13:37:45-debug: init custom config: keepNodeUuid: false, useCache: true
2026-5-20 13:37:45-debug: Skip compress image, progress: 0%
2026-5-20 13:37:45-debug: Init all bundles start..., progress: 0%
2026-5-20 13:37:45-debug: Num of bundles: 2..., progress: 0%
2026-5-20 13:37:45-debug: 查询 Asset Bundle start, progress: 0%
2026-5-20 13:37:45-debug: // ---- build task 查询 Asset Bundle ----
2026-5-20 13:37:45-debug: Init bundle root assets start..., progress: 0%
2026-5-20 13:37:45-debug: Query preload assets/scripts from cc.config.json: 60f7195c-ec2a-45eb-ba94-8955f60e81d0,1c02ae6f-4492-4915-b8f8-7492a3b1e4cd,810e96e4-e456-4468-9b59-f4e8f39732c0,efe8e2a3-eace-427b-b4f1-cb8a937ec77d,e9aa9a3e-5b2b-4ac7-a2c7-073de2b2b24f,8bbdbcdd-5cd4-4100-b6d5-b7c9625b6107,50f4348b-c883-4e2f-8f11-ce233b859fa1,fda095cb-831d-4601-ad94-846013963de8,f92806d7-1768-443f-afe8-12bcde84d0f0,dd3a144d-ab7f-41f0-82b8-2e43a090d496,f0416e68-0200-4b77-a926-4f9d16e494da,970b0598-bcb0-4714-91fb-2e81440dccd8,bcd64cc6-2dd9-43f6-abbe-66318d332032,d930590d-bb92-4cc8-8bd1-23cd027f9edf,a3cd009f-0ab0-420d-9278-b9fdab939bbc,6a2d0734-bd9e-4ddf-946e-caa52498cb75,c27215d8-6835-4b68-bfbb-bdeac6100c04,b5d6115f-0370-4d7c-aad3-c194cc71cf98,871c3b6c-7379-419d-bda3-794b239ab90d,ff9b0199-ce04-4cfe-86cc-6c719f08d6e4,de1c2107-70c8-4021-8459-6399f24d01c6,cbf30902-517f-40dc-af90-a550bac27cf1,5c601d96-e4c7-4698-991b-7ee674b11079
2026-5-20 13:37:45-debug:   Number of all scripts: 11
2026-5-20 13:37:45-debug:   Number of other assets: 338
2026-5-20 13:37:45-debug:   Number of all scenes: 2
2026-5-20 13:37:45-debug: Init bundle root assets success..., progress: 0%
2026-5-20 13:37:45-debug: // ---- build task 查询 Asset Bundle ---- (2ms)
2026-5-20 13:37:45-log: run build task 查询 Asset Bundle success in 2 ms√, progress: 5%
2026-5-20 13:37:45-debug: 查询 Asset Bundle start, progress: 5%
2026-5-20 13:37:45-debug: // ---- build task 查询 Asset Bundle ----
2026-5-20 13:37:45-debug: [Build Memory track]: 查询 Asset Bundle start:241.18MB, end 240.92MB, increase: -270.08KB
2026-5-20 13:37:45-debug: // ---- build task 查询 Asset Bundle ---- (1ms)
2026-5-20 13:37:45-debug: 整理部分构建选项内数据到 settings.json start, progress: 10%
2026-5-20 13:37:45-debug: // ---- build task 整理部分构建选项内数据到 settings.json ----
2026-5-20 13:37:45-log: run build task 查询 Asset Bundle success in 1 ms√, progress: 10%
2026-5-20 13:37:45-debug: [Build Memory track]: 查询 Asset Bundle start:240.95MB, end 241.05MB, increase: 105.35KB
2026-5-20 13:37:45-log: run build task 整理部分构建选项内数据到 settings.json success in √, progress: 12%
2026-5-20 13:37:45-debug: 填充脚本数据到 settings.json start, progress: 12%
2026-5-20 13:37:45-debug: [Build Memory track]: 整理部分构建选项内数据到 settings.json start:241.08MB, end 241.09MB, increase: 16.35KB
2026-5-20 13:37:45-debug: // ---- build task 填充脚本数据到 settings.json ----
2026-5-20 13:37:45-log: run build task 填充脚本数据到 settings.json success in √, progress: 13%
2026-5-20 13:37:45-debug: [Build Memory track]: 填充脚本数据到 settings.json start:241.12MB, end 241.13MB, increase: 15.14KB
2026-5-20 13:37:45-debug: // ---- build task 整理部分构建选项内数据到 settings.json ----
2026-5-20 13:37:45-debug: 整理部分构建选项内数据到 settings.json start, progress: 13%
2026-5-20 13:37:45-debug: // ---- build task 整理部分构建选项内数据到 settings.json ---- (4ms)
2026-5-20 13:37:45-log: run build task 整理部分构建选项内数据到 settings.json success in 4 ms√, progress: 15%
2026-5-20 13:37:45-debug: [Build Memory track]: 整理部分构建选项内数据到 settings.json start:241.16MB, end 240.54MB, increase: -635.18KB
2026-5-20 13:38:45-debug: refresh db internal success
2026-5-20 13:38:45-debug: refresh db assets success
2026-5-20 13:38:45-debug: Run asset db hook engine-extends:afterRefresh ...
2026-5-20 13:38:45-debug: Run asset db hook engine-extends:afterRefresh success!
2026-5-20 13:38:45-debug: asset-db:refresh-all-database (43ms)
2026-5-20 13:38:45-debug: asset-db:worker-effect-data-processing (1ms)
2026-5-20 13:38:45-debug: asset-db-hook-engine-extends-afterRefresh (1ms)
2026-5-20 13:38:54-debug: Query all assets info in project
2026-5-20 13:38:54-debug: init custom config: keepNodeUuid: false, useCache: true
2026-5-20 13:38:54-debug: Skip compress image, progress: 0%
2026-5-20 13:38:54-debug: Init all bundles start..., progress: 0%
2026-5-20 13:38:54-debug: 查询 Asset Bundle start, progress: 0%
2026-5-20 13:38:54-debug: // ---- build task 查询 Asset Bundle ----
2026-5-20 13:38:54-debug: Num of bundles: 2..., progress: 0%
2026-5-20 13:38:54-debug: Init bundle root assets start..., progress: 0%
2026-5-20 13:38:54-debug: Query preload assets/scripts from cc.config.json: 60f7195c-ec2a-45eb-ba94-8955f60e81d0,1c02ae6f-4492-4915-b8f8-7492a3b1e4cd,810e96e4-e456-4468-9b59-f4e8f39732c0,efe8e2a3-eace-427b-b4f1-cb8a937ec77d,e9aa9a3e-5b2b-4ac7-a2c7-073de2b2b24f,8bbdbcdd-5cd4-4100-b6d5-b7c9625b6107,50f4348b-c883-4e2f-8f11-ce233b859fa1,fda095cb-831d-4601-ad94-846013963de8,f92806d7-1768-443f-afe8-12bcde84d0f0,dd3a144d-ab7f-41f0-82b8-2e43a090d496,f0416e68-0200-4b77-a926-4f9d16e494da,970b0598-bcb0-4714-91fb-2e81440dccd8,bcd64cc6-2dd9-43f6-abbe-66318d332032,d930590d-bb92-4cc8-8bd1-23cd027f9edf,a3cd009f-0ab0-420d-9278-b9fdab939bbc,6a2d0734-bd9e-4ddf-946e-caa52498cb75,c27215d8-6835-4b68-bfbb-bdeac6100c04,b5d6115f-0370-4d7c-aad3-c194cc71cf98,871c3b6c-7379-419d-bda3-794b239ab90d,ff9b0199-ce04-4cfe-86cc-6c719f08d6e4,de1c2107-70c8-4021-8459-6399f24d01c6,cbf30902-517f-40dc-af90-a550bac27cf1,5c601d96-e4c7-4698-991b-7ee674b11079
2026-5-20 13:38:54-debug:   Number of other assets: 338
2026-5-20 13:38:54-debug:   Number of all scripts: 11
2026-5-20 13:38:54-debug: Init bundle root assets success..., progress: 0%
2026-5-20 13:38:54-debug:   Number of all scenes: 2
2026-5-20 13:38:54-debug: // ---- build task 查询 Asset Bundle ---- (4ms)
2026-5-20 13:38:54-debug: 查询 Asset Bundle start, progress: 5%
2026-5-20 13:38:54-debug: [Build Memory track]: 查询 Asset Bundle start:241.24MB, end 241.77MB, increase: 542.98KB
2026-5-20 13:38:54-log: run build task 查询 Asset Bundle success in 4 ms√, progress: 5%
2026-5-20 13:38:54-debug: // ---- build task 查询 Asset Bundle ----
2026-5-20 13:38:54-debug: // ---- build task 查询 Asset Bundle ---- (1ms)
2026-5-20 13:38:54-debug: // ---- build task 整理部分构建选项内数据到 settings.json ----
2026-5-20 13:38:54-debug: [Build Memory track]: 查询 Asset Bundle start:241.80MB, end 241.17MB, increase: -648.36KB
2026-5-20 13:38:54-debug: 整理部分构建选项内数据到 settings.json start, progress: 10%
2026-5-20 13:38:54-log: run build task 查询 Asset Bundle success in 1 ms√, progress: 10%
2026-5-20 13:38:54-log: run build task 整理部分构建选项内数据到 settings.json success in √, progress: 12%
2026-5-20 13:38:54-debug: 填充脚本数据到 settings.json start, progress: 12%
2026-5-20 13:38:54-debug: [Build Memory track]: 整理部分构建选项内数据到 settings.json start:241.19MB, end 241.21MB, increase: 16.32KB
2026-5-20 13:38:54-debug: // ---- build task 填充脚本数据到 settings.json ----
2026-5-20 13:38:54-debug: // ---- build task 填充脚本数据到 settings.json ---- (1ms)
2026-5-20 13:38:54-log: run build task 填充脚本数据到 settings.json success in 1 ms√, progress: 13%
2026-5-20 13:38:54-debug: [Build Memory track]: 填充脚本数据到 settings.json start:241.24MB, end 241.26MB, increase: 23.83KB
2026-5-20 13:38:54-debug: 整理部分构建选项内数据到 settings.json start, progress: 13%
2026-5-20 13:38:54-debug: // ---- build task 整理部分构建选项内数据到 settings.json ----
2026-5-20 13:38:54-debug: // ---- build task 整理部分构建选项内数据到 settings.json ---- (3ms)
2026-5-20 13:38:54-log: run build task 整理部分构建选项内数据到 settings.json success in 3 ms√, progress: 15%
2026-5-20 13:38:54-debug: [Build Memory track]: 整理部分构建选项内数据到 settings.json start:241.29MB, end 241.41MB, increase: 124.93KB
2026-5-20 13:38:57-debug: %cImport%c: /Users/xiejianfeng/Downloads/Zuma/assets/Scene/Map1.scenebackground: #aaff85; color: #000;color: #000;
2026-5-20 13:38:57-debug: asset-db:reimport-assetba60efc0-dcd1-4d9b-a1fc-495b102b261d (11ms)
2026-5-20 13:38:58-debug: Query all assets info in project
2026-5-20 13:38:58-debug: init custom config: keepNodeUuid: false, useCache: true
2026-5-20 13:38:58-debug: Skip compress image, progress: 0%
2026-5-20 13:38:58-debug: Init all bundles start..., progress: 0%
2026-5-20 13:38:58-debug: Num of bundles: 2..., progress: 0%
2026-5-20 13:38:58-debug: 查询 Asset Bundle start, progress: 0%
2026-5-20 13:38:58-debug: // ---- build task 查询 Asset Bundle ----
2026-5-20 13:38:58-debug: Init bundle root assets start..., progress: 0%
2026-5-20 13:38:58-debug: Query preload assets/scripts from cc.config.json: 60f7195c-ec2a-45eb-ba94-8955f60e81d0,1c02ae6f-4492-4915-b8f8-7492a3b1e4cd,810e96e4-e456-4468-9b59-f4e8f39732c0,efe8e2a3-eace-427b-b4f1-cb8a937ec77d,e9aa9a3e-5b2b-4ac7-a2c7-073de2b2b24f,8bbdbcdd-5cd4-4100-b6d5-b7c9625b6107,50f4348b-c883-4e2f-8f11-ce233b859fa1,fda095cb-831d-4601-ad94-846013963de8,f92806d7-1768-443f-afe8-12bcde84d0f0,dd3a144d-ab7f-41f0-82b8-2e43a090d496,f0416e68-0200-4b77-a926-4f9d16e494da,970b0598-bcb0-4714-91fb-2e81440dccd8,bcd64cc6-2dd9-43f6-abbe-66318d332032,d930590d-bb92-4cc8-8bd1-23cd027f9edf,a3cd009f-0ab0-420d-9278-b9fdab939bbc,6a2d0734-bd9e-4ddf-946e-caa52498cb75,c27215d8-6835-4b68-bfbb-bdeac6100c04,b5d6115f-0370-4d7c-aad3-c194cc71cf98,871c3b6c-7379-419d-bda3-794b239ab90d,ff9b0199-ce04-4cfe-86cc-6c719f08d6e4,de1c2107-70c8-4021-8459-6399f24d01c6,cbf30902-517f-40dc-af90-a550bac27cf1,5c601d96-e4c7-4698-991b-7ee674b11079
2026-5-20 13:38:58-debug:   Number of all scripts: 11
2026-5-20 13:38:58-debug:   Number of all scenes: 2
2026-5-20 13:38:58-debug:   Number of other assets: 338
2026-5-20 13:38:58-debug: Init bundle root assets success..., progress: 0%
2026-5-20 13:38:58-debug: // ---- build task 查询 Asset Bundle ---- (3ms)
2026-5-20 13:38:58-debug: 查询 Asset Bundle start, progress: 5%
2026-5-20 13:38:58-debug: [Build Memory track]: 查询 Asset Bundle start:242.10MB, end 241.82MB, increase: -290.10KB
2026-5-20 13:38:58-debug: // ---- build task 查询 Asset Bundle ----
2026-5-20 13:38:58-log: run build task 查询 Asset Bundle success in 3 ms√, progress: 5%
2026-5-20 13:38:58-debug: // ---- build task 查询 Asset Bundle ---- (1ms)
2026-5-20 13:38:58-log: run build task 查询 Asset Bundle success in 1 ms√, progress: 10%
2026-5-20 13:38:58-debug: // ---- build task 整理部分构建选项内数据到 settings.json ----
2026-5-20 13:38:58-debug: 整理部分构建选项内数据到 settings.json start, progress: 10%
2026-5-20 13:38:58-debug: [Build Memory track]: 查询 Asset Bundle start:241.84MB, end 241.95MB, increase: 105.24KB
2026-5-20 13:38:58-log: run build task 整理部分构建选项内数据到 settings.json success in √, progress: 12%
2026-5-20 13:38:58-debug: [Build Memory track]: 整理部分构建选项内数据到 settings.json start:241.97MB, end 241.99MB, increase: 16.33KB
2026-5-20 13:38:58-debug: // ---- build task 填充脚本数据到 settings.json ----
2026-5-20 13:38:58-debug: 填充脚本数据到 settings.json start, progress: 12%
2026-5-20 13:38:58-log: run build task 填充脚本数据到 settings.json success in √, progress: 13%
2026-5-20 13:38:58-debug: [Build Memory track]: 填充脚本数据到 settings.json start:242.02MB, end 242.03MB, increase: 15.18KB
2026-5-20 13:38:58-debug: 整理部分构建选项内数据到 settings.json start, progress: 13%
2026-5-20 13:38:58-debug: // ---- build task 整理部分构建选项内数据到 settings.json ----
2026-5-20 13:38:58-debug: // ---- build task 整理部分构建选项内数据到 settings.json ---- (2ms)
2026-5-20 13:38:58-log: run build task 整理部分构建选项内数据到 settings.json success in 2 ms√, progress: 15%
2026-5-20 13:38:58-debug: [Build Memory track]: 整理部分构建选项内数据到 settings.json start:242.06MB, end 241.44MB, increase: -630.95KB
2026-5-20 13:40:27-debug: refresh db internal success
2026-5-20 13:40:27-debug: refresh db assets success
2026-5-20 13:40:27-debug: Run asset db hook engine-extends:afterRefresh success!
2026-5-20 13:40:27-debug: Run asset db hook engine-extends:afterRefresh ...
2026-5-20 13:40:27-debug: asset-db:refresh-all-database (45ms)
2026-5-20 13:40:27-debug: asset-db:worker-effect-data-processing (1ms)
2026-5-20 13:40:27-debug: asset-db-hook-engine-extends-afterRefresh (2ms)
2026-5-20 13:40:54-debug: refresh db internal success
2026-5-20 13:40:54-debug: %cImport%c: /Users/xiejianfeng/Downloads/Zuma/assets/Script/ZumaCurvePath.tsbackground: #aaff85; color: #000;color: #000;
2026-5-20 13:40:54-debug: %cImport%c: /Users/xiejianfeng/Downloads/Zuma/assets/Script/Control.tsbackground: #aaff85; color: #000;color: #000;
2026-5-20 13:40:54-debug: refresh db assets success
2026-5-20 13:40:54-debug: Run asset db hook engine-extends:afterRefresh ...
2026-5-20 13:40:54-debug: Run asset db hook engine-extends:afterRefresh success!
2026-5-20 13:40:54-debug: asset-db:refresh-all-database (31ms)
2026-5-20 13:40:54-debug: asset-db:worker-effect-data-processing (2ms)
2026-5-20 13:40:54-debug: asset-db-hook-engine-extends-afterRefresh (3ms)
2026-5-20 13:41:22-debug: refresh db internal success
2026-5-20 13:41:22-debug: refresh db assets success
2026-5-20 13:41:22-debug: Run asset db hook engine-extends:afterRefresh ...
2026-5-20 13:41:22-debug: Run asset db hook engine-extends:afterRefresh success!
2026-5-20 13:41:22-debug: asset-db:refresh-all-database (35ms)
2026-5-20 13:41:22-debug: asset-db:worker-effect-data-processing (1ms)
2026-5-20 13:41:22-debug: asset-db-hook-engine-extends-afterRefresh (2ms)
2026-5-20 13:41:45-debug: refresh db internal success
2026-5-20 13:41:45-debug: refresh db assets success
2026-5-20 13:41:45-debug: Run asset db hook engine-extends:afterRefresh ...
2026-5-20 13:41:45-debug: Run asset db hook engine-extends:afterRefresh success!
2026-5-20 13:41:45-debug: asset-db:refresh-all-database (34ms)
2026-5-20 13:41:45-debug: asset-db:worker-effect-data-processing (1ms)
2026-5-20 13:41:45-debug: asset-db-hook-engine-extends-afterRefresh (1ms)
2026-5-20 13:43:39-debug: refresh db internal success
2026-5-20 13:43:39-debug: %cImport%c: /Users/xiejianfeng/Downloads/Zuma/assets/Script/ZumaCurvePath.tsbackground: #aaff85; color: #000;color: #000;
2026-5-20 13:43:39-debug: refresh db assets success
2026-5-20 13:43:39-debug: Run asset db hook engine-extends:afterRefresh success!
2026-5-20 13:43:39-debug: Run asset db hook engine-extends:afterRefresh ...
2026-5-20 13:43:39-debug: asset-db:worker-effect-data-processing (2ms)
2026-5-20 13:43:39-debug: asset-db-hook-engine-extends-afterRefresh (3ms)
2026-5-20 13:43:39-debug: asset-db:refresh-all-database (261ms)
2026-5-20 13:43:42-debug: %cImport%c: /Users/xiejianfeng/Downloads/Zuma/assets/Scene/Map1.scenebackground: #aaff85; color: #000;color: #000;
2026-5-20 13:43:42-debug: asset-db:reimport-assetba60efc0-dcd1-4d9b-a1fc-495b102b261d (24ms)
2026-5-20 13:43:43-debug: Query all assets info in project
2026-5-20 13:43:43-debug: init custom config: keepNodeUuid: false, useCache: true
2026-5-20 13:43:43-debug: Skip compress image, progress: 0%
2026-5-20 13:43:43-debug: Init all bundles start..., progress: 0%
2026-5-20 13:43:43-debug: Num of bundles: 2..., progress: 0%
2026-5-20 13:43:43-debug: 查询 Asset Bundle start, progress: 0%
2026-5-20 13:43:43-debug: // ---- build task 查询 Asset Bundle ----
2026-5-20 13:43:43-debug: Init bundle root assets start..., progress: 0%
2026-5-20 13:43:43-debug: Query preload assets/scripts from cc.config.json: 60f7195c-ec2a-45eb-ba94-8955f60e81d0,1c02ae6f-4492-4915-b8f8-7492a3b1e4cd,810e96e4-e456-4468-9b59-f4e8f39732c0,efe8e2a3-eace-427b-b4f1-cb8a937ec77d,e9aa9a3e-5b2b-4ac7-a2c7-073de2b2b24f,8bbdbcdd-5cd4-4100-b6d5-b7c9625b6107,50f4348b-c883-4e2f-8f11-ce233b859fa1,fda095cb-831d-4601-ad94-846013963de8,f92806d7-1768-443f-afe8-12bcde84d0f0,dd3a144d-ab7f-41f0-82b8-2e43a090d496,f0416e68-0200-4b77-a926-4f9d16e494da,970b0598-bcb0-4714-91fb-2e81440dccd8,bcd64cc6-2dd9-43f6-abbe-66318d332032,d930590d-bb92-4cc8-8bd1-23cd027f9edf,a3cd009f-0ab0-420d-9278-b9fdab939bbc,6a2d0734-bd9e-4ddf-946e-caa52498cb75,c27215d8-6835-4b68-bfbb-bdeac6100c04,b5d6115f-0370-4d7c-aad3-c194cc71cf98,871c3b6c-7379-419d-bda3-794b239ab90d,ff9b0199-ce04-4cfe-86cc-6c719f08d6e4,de1c2107-70c8-4021-8459-6399f24d01c6,cbf30902-517f-40dc-af90-a550bac27cf1,5c601d96-e4c7-4698-991b-7ee674b11079
2026-5-20 13:43:43-debug:   Number of all scenes: 2
2026-5-20 13:43:43-debug:   Number of other assets: 338
2026-5-20 13:43:43-debug:   Number of all scripts: 11
2026-5-20 13:43:43-debug: Init bundle root assets success..., progress: 0%
2026-5-20 13:43:43-debug: // ---- build task 查询 Asset Bundle ---- (4ms)
2026-5-20 13:43:43-log: run build task 查询 Asset Bundle success in 4 ms√, progress: 5%
2026-5-20 13:43:43-debug: 查询 Asset Bundle start, progress: 5%
2026-5-20 13:43:43-debug: // ---- build task 查询 Asset Bundle ----
2026-5-20 13:43:43-debug: [Build Memory track]: 查询 Asset Bundle start:223.70MB, end 223.60MB, increase: -97.39KB
2026-5-20 13:43:43-debug: // ---- build task 查询 Asset Bundle ---- (1ms)
2026-5-20 13:43:43-log: run build task 查询 Asset Bundle success in 1 ms√, progress: 10%
2026-5-20 13:43:43-debug: [Build Memory track]: 查询 Asset Bundle start:223.63MB, end 223.73MB, increase: 105.71KB
2026-5-20 13:43:43-debug: 整理部分构建选项内数据到 settings.json start, progress: 10%
2026-5-20 13:43:43-debug: // ---- build task 整理部分构建选项内数据到 settings.json ----
2026-5-20 13:43:43-debug: // ---- build task 整理部分构建选项内数据到 settings.json ---- (1ms)
2026-5-20 13:43:43-debug: 填充脚本数据到 settings.json start, progress: 12%
2026-5-20 13:43:43-debug: [Build Memory track]: 整理部分构建选项内数据到 settings.json start:223.76MB, end 223.79MB, increase: 25.55KB
2026-5-20 13:43:43-debug: // ---- build task 填充脚本数据到 settings.json ----
2026-5-20 13:43:43-log: run build task 整理部分构建选项内数据到 settings.json success in 1 ms√, progress: 12%
2026-5-20 13:43:43-debug: // ---- build task 填充脚本数据到 settings.json ---- (1ms)
2026-5-20 13:43:43-log: run build task 填充脚本数据到 settings.json success in 1 ms√, progress: 13%
2026-5-20 13:43:43-debug: // ---- build task 整理部分构建选项内数据到 settings.json ----
2026-5-20 13:43:43-debug: [Build Memory track]: 填充脚本数据到 settings.json start:223.81MB, end 223.84MB, increase: 24.70KB
2026-5-20 13:43:43-debug: 整理部分构建选项内数据到 settings.json start, progress: 13%
2026-5-20 13:43:43-debug: // ---- build task 整理部分构建选项内数据到 settings.json ---- (4ms)
2026-5-20 13:43:43-log: run build task 整理部分构建选项内数据到 settings.json success in 4 ms√, progress: 15%
2026-5-20 13:43:43-debug: [Build Memory track]: 整理部分构建选项内数据到 settings.json start:223.86MB, end 223.99MB, increase: 128.62KB
2026-5-20 13:43:57-debug: Query all assets info in project
2026-5-20 13:43:57-debug: init custom config: keepNodeUuid: false, useCache: true
2026-5-20 13:43:57-debug: Skip compress image, progress: 0%
2026-5-20 13:43:57-debug: Init all bundles start..., progress: 0%
2026-5-20 13:43:57-debug: Num of bundles: 2..., progress: 0%
2026-5-20 13:43:57-debug: // ---- build task 查询 Asset Bundle ----
2026-5-20 13:43:57-debug: 查询 Asset Bundle start, progress: 0%
2026-5-20 13:43:57-debug: Init bundle root assets start..., progress: 0%
2026-5-20 13:43:57-debug: Query preload assets/scripts from cc.config.json: 60f7195c-ec2a-45eb-ba94-8955f60e81d0,1c02ae6f-4492-4915-b8f8-7492a3b1e4cd,810e96e4-e456-4468-9b59-f4e8f39732c0,efe8e2a3-eace-427b-b4f1-cb8a937ec77d,e9aa9a3e-5b2b-4ac7-a2c7-073de2b2b24f,8bbdbcdd-5cd4-4100-b6d5-b7c9625b6107,50f4348b-c883-4e2f-8f11-ce233b859fa1,fda095cb-831d-4601-ad94-846013963de8,f92806d7-1768-443f-afe8-12bcde84d0f0,dd3a144d-ab7f-41f0-82b8-2e43a090d496,f0416e68-0200-4b77-a926-4f9d16e494da,970b0598-bcb0-4714-91fb-2e81440dccd8,bcd64cc6-2dd9-43f6-abbe-66318d332032,d930590d-bb92-4cc8-8bd1-23cd027f9edf,a3cd009f-0ab0-420d-9278-b9fdab939bbc,6a2d0734-bd9e-4ddf-946e-caa52498cb75,c27215d8-6835-4b68-bfbb-bdeac6100c04,b5d6115f-0370-4d7c-aad3-c194cc71cf98,871c3b6c-7379-419d-bda3-794b239ab90d,ff9b0199-ce04-4cfe-86cc-6c719f08d6e4,de1c2107-70c8-4021-8459-6399f24d01c6,cbf30902-517f-40dc-af90-a550bac27cf1,5c601d96-e4c7-4698-991b-7ee674b11079
2026-5-20 13:43:57-debug:   Number of other assets: 338
2026-5-20 13:43:57-debug:   Number of all scripts: 11
2026-5-20 13:43:57-debug: Init bundle root assets success..., progress: 0%
2026-5-20 13:43:57-debug:   Number of all scenes: 2
2026-5-20 13:43:57-debug: // ---- build task 查询 Asset Bundle ---- (4ms)
2026-5-20 13:43:57-debug: [Build Memory track]: 查询 Asset Bundle start:224.56MB, end 224.28MB, increase: -284.70KB
2026-5-20 13:43:57-debug: 查询 Asset Bundle start, progress: 5%
2026-5-20 13:43:57-log: run build task 查询 Asset Bundle success in 4 ms√, progress: 5%
2026-5-20 13:43:57-debug: // ---- build task 查询 Asset Bundle ----
2026-5-20 13:43:57-debug: // ---- build task 查询 Asset Bundle ---- (2ms)
2026-5-20 13:43:57-debug: [Build Memory track]: 查询 Asset Bundle start:224.31MB, end 224.41MB, increase: 105.55KB
2026-5-20 13:43:57-debug: 整理部分构建选项内数据到 settings.json start, progress: 10%
2026-5-20 13:43:57-log: run build task 查询 Asset Bundle success in 2 ms√, progress: 10%
2026-5-20 13:43:57-debug: // ---- build task 整理部分构建选项内数据到 settings.json ----
2026-5-20 13:43:57-log: run build task 整理部分构建选项内数据到 settings.json success in √, progress: 12%
2026-5-20 13:43:57-debug: [Build Memory track]: 整理部分构建选项内数据到 settings.json start:224.44MB, end 224.45MB, increase: 16.42KB
2026-5-20 13:43:57-debug: 填充脚本数据到 settings.json start, progress: 12%
2026-5-20 13:43:57-debug: // ---- build task 填充脚本数据到 settings.json ----
2026-5-20 13:43:57-log: run build task 填充脚本数据到 settings.json success in 1 ms√, progress: 13%
2026-5-20 13:43:57-debug: [Build Memory track]: 填充脚本数据到 settings.json start:224.48MB, end 224.50MB, increase: 23.88KB
2026-5-20 13:43:57-debug: // ---- build task 填充脚本数据到 settings.json ---- (1ms)
2026-5-20 13:43:57-debug: 整理部分构建选项内数据到 settings.json start, progress: 13%
2026-5-20 13:43:57-debug: // ---- build task 整理部分构建选项内数据到 settings.json ----
2026-5-20 13:43:57-debug: // ---- build task 整理部分构建选项内数据到 settings.json ---- (3ms)
2026-5-20 13:43:57-log: run build task 整理部分构建选项内数据到 settings.json success in 3 ms√, progress: 15%
2026-5-20 13:43:57-debug: [Build Memory track]: 整理部分构建选项内数据到 settings.json start:224.53MB, end 223.89MB, increase: -651.71KB
2026-5-20 13:45:45-debug: refresh db internal success
2026-5-20 13:45:45-debug: %cImport%c: /Users/xiejianfeng/Downloads/Zuma/assets/Script/Control.tsbackground: #aaff85; color: #000;color: #000;
2026-5-20 13:45:45-debug: %cImport%c: /Users/xiejianfeng/Downloads/Zuma/assets/Script/ZumaCurvePath.tsbackground: #aaff85; color: #000;color: #000;
2026-5-20 13:45:45-debug: refresh db assets success
2026-5-20 13:45:45-debug: Run asset db hook engine-extends:afterRefresh ...
2026-5-20 13:45:45-debug: Run asset db hook engine-extends:afterRefresh success!
2026-5-20 13:45:45-debug: asset-db:refresh-all-database (43ms)
2026-5-20 13:45:45-debug: asset-db:worker-effect-data-processing (1ms)
2026-5-20 13:45:45-debug: asset-db-hook-engine-extends-afterRefresh (2ms)
2026-5-20 13:45:49-debug: %cImport%c: /Users/xiejianfeng/Downloads/Zuma/assets/Scene/Map1.scenebackground: #aaff85; color: #000;color: #000;
2026-5-20 13:45:49-debug: asset-db:reimport-assetba60efc0-dcd1-4d9b-a1fc-495b102b261d (8ms)
2026-5-20 13:45:50-debug: Query all assets info in project
2026-5-20 13:45:50-debug: init custom config: keepNodeUuid: false, useCache: true
2026-5-20 13:45:50-debug: Skip compress image, progress: 0%
2026-5-20 13:45:50-debug: Init all bundles start..., progress: 0%
2026-5-20 13:45:50-debug: // ---- build task 查询 Asset Bundle ----
2026-5-20 13:45:50-debug: 查询 Asset Bundle start, progress: 0%
2026-5-20 13:45:50-debug: Num of bundles: 2..., progress: 0%
2026-5-20 13:45:50-debug: Init bundle root assets start..., progress: 0%
2026-5-20 13:45:50-debug: Query preload assets/scripts from cc.config.json: 60f7195c-ec2a-45eb-ba94-8955f60e81d0,1c02ae6f-4492-4915-b8f8-7492a3b1e4cd,810e96e4-e456-4468-9b59-f4e8f39732c0,efe8e2a3-eace-427b-b4f1-cb8a937ec77d,e9aa9a3e-5b2b-4ac7-a2c7-073de2b2b24f,8bbdbcdd-5cd4-4100-b6d5-b7c9625b6107,50f4348b-c883-4e2f-8f11-ce233b859fa1,fda095cb-831d-4601-ad94-846013963de8,f92806d7-1768-443f-afe8-12bcde84d0f0,dd3a144d-ab7f-41f0-82b8-2e43a090d496,f0416e68-0200-4b77-a926-4f9d16e494da,970b0598-bcb0-4714-91fb-2e81440dccd8,bcd64cc6-2dd9-43f6-abbe-66318d332032,d930590d-bb92-4cc8-8bd1-23cd027f9edf,a3cd009f-0ab0-420d-9278-b9fdab939bbc,6a2d0734-bd9e-4ddf-946e-caa52498cb75,c27215d8-6835-4b68-bfbb-bdeac6100c04,b5d6115f-0370-4d7c-aad3-c194cc71cf98,871c3b6c-7379-419d-bda3-794b239ab90d,ff9b0199-ce04-4cfe-86cc-6c719f08d6e4,de1c2107-70c8-4021-8459-6399f24d01c6,cbf30902-517f-40dc-af90-a550bac27cf1,5c601d96-e4c7-4698-991b-7ee674b11079
2026-5-20 13:45:50-debug:   Number of other assets: 338
2026-5-20 13:45:50-debug:   Number of all scripts: 11
2026-5-20 13:45:50-debug:   Number of all scenes: 2
2026-5-20 13:45:50-debug: Init bundle root assets success..., progress: 0%
2026-5-20 13:45:50-debug: // ---- build task 查询 Asset Bundle ---- (7ms)
2026-5-20 13:45:50-log: run build task 查询 Asset Bundle success in 7 ms√, progress: 5%
2026-5-20 13:45:50-debug: [Build Memory track]: 查询 Asset Bundle start:224.97MB, end 224.77MB, increase: -199.64KB
2026-5-20 13:45:50-debug: // ---- build task 查询 Asset Bundle ----
2026-5-20 13:45:50-debug: 查询 Asset Bundle start, progress: 5%
2026-5-20 13:45:50-debug: // ---- build task 查询 Asset Bundle ---- (1ms)
2026-5-20 13:45:50-debug: 整理部分构建选项内数据到 settings.json start, progress: 10%
2026-5-20 13:45:50-log: run build task 查询 Asset Bundle success in 1 ms√, progress: 10%
2026-5-20 13:45:50-debug: [Build Memory track]: 查询 Asset Bundle start:224.80MB, end 224.90MB, increase: 105.30KB
2026-5-20 13:45:50-debug: // ---- build task 整理部分构建选项内数据到 settings.json ----
2026-5-20 13:45:50-debug: // ---- build task 整理部分构建选项内数据到 settings.json ---- (1ms)
2026-5-20 13:45:50-log: run build task 整理部分构建选项内数据到 settings.json success in 1 ms√, progress: 12%
2026-5-20 13:45:50-debug: [Build Memory track]: 整理部分构建选项内数据到 settings.json start:224.93MB, end 224.95MB, increase: 25.13KB
2026-5-20 13:45:50-debug: 填充脚本数据到 settings.json start, progress: 12%
2026-5-20 13:45:50-debug: // ---- build task 填充脚本数据到 settings.json ----
2026-5-20 13:45:50-log: run build task 填充脚本数据到 settings.json success in 2 ms√, progress: 13%
2026-5-20 13:45:50-debug: [Build Memory track]: 填充脚本数据到 settings.json start:224.98MB, end 224.29MB, increase: -710.45KB
2026-5-20 13:45:50-debug: // ---- build task 填充脚本数据到 settings.json ---- (2ms)
2026-5-20 13:45:50-debug: 整理部分构建选项内数据到 settings.json start, progress: 13%
2026-5-20 13:45:50-debug: // ---- build task 整理部分构建选项内数据到 settings.json ----
2026-5-20 13:45:50-debug: // ---- build task 整理部分构建选项内数据到 settings.json ---- (2ms)
2026-5-20 13:45:50-log: run build task 整理部分构建选项内数据到 settings.json success in 2 ms√, progress: 15%
2026-5-20 13:45:50-debug: [Build Memory track]: 整理部分构建选项内数据到 settings.json start:224.31MB, end 224.44MB, increase: 126.57KB
2026-5-20 13:46:32-debug: %cImport%c: /Users/xiejianfeng/Downloads/Zuma/assets/Scene/Map1.scenebackground: #aaff85; color: #000;color: #000;
2026-5-20 13:46:32-debug: asset-db:reimport-assetba60efc0-dcd1-4d9b-a1fc-495b102b261d (13ms)
2026-5-20 13:46:33-debug: Query all assets info in project
2026-5-20 13:46:33-debug: init custom config: keepNodeUuid: false, useCache: true
2026-5-20 13:46:33-debug: Skip compress image, progress: 0%
2026-5-20 13:46:33-debug: Init all bundles start..., progress: 0%
2026-5-20 13:46:33-debug: Num of bundles: 2..., progress: 0%
2026-5-20 13:46:33-debug: 查询 Asset Bundle start, progress: 0%
2026-5-20 13:46:33-debug: // ---- build task 查询 Asset Bundle ----
2026-5-20 13:46:33-debug: Init bundle root assets start..., progress: 0%
2026-5-20 13:46:33-debug: Query preload assets/scripts from cc.config.json: 60f7195c-ec2a-45eb-ba94-8955f60e81d0,1c02ae6f-4492-4915-b8f8-7492a3b1e4cd,810e96e4-e456-4468-9b59-f4e8f39732c0,efe8e2a3-eace-427b-b4f1-cb8a937ec77d,e9aa9a3e-5b2b-4ac7-a2c7-073de2b2b24f,8bbdbcdd-5cd4-4100-b6d5-b7c9625b6107,50f4348b-c883-4e2f-8f11-ce233b859fa1,fda095cb-831d-4601-ad94-846013963de8,f92806d7-1768-443f-afe8-12bcde84d0f0,dd3a144d-ab7f-41f0-82b8-2e43a090d496,f0416e68-0200-4b77-a926-4f9d16e494da,970b0598-bcb0-4714-91fb-2e81440dccd8,bcd64cc6-2dd9-43f6-abbe-66318d332032,d930590d-bb92-4cc8-8bd1-23cd027f9edf,a3cd009f-0ab0-420d-9278-b9fdab939bbc,6a2d0734-bd9e-4ddf-946e-caa52498cb75,c27215d8-6835-4b68-bfbb-bdeac6100c04,b5d6115f-0370-4d7c-aad3-c194cc71cf98,871c3b6c-7379-419d-bda3-794b239ab90d,ff9b0199-ce04-4cfe-86cc-6c719f08d6e4,de1c2107-70c8-4021-8459-6399f24d01c6,cbf30902-517f-40dc-af90-a550bac27cf1,5c601d96-e4c7-4698-991b-7ee674b11079
2026-5-20 13:46:33-debug:   Number of all scenes: 2
2026-5-20 13:46:33-debug:   Number of all scripts: 11
2026-5-20 13:46:33-debug:   Number of other assets: 338
2026-5-20 13:46:33-debug: Init bundle root assets success..., progress: 0%
2026-5-20 13:46:33-debug: // ---- build task 查询 Asset Bundle ---- (4ms)
2026-5-20 13:46:33-log: run build task 查询 Asset Bundle success in 4 ms√, progress: 5%
2026-5-20 13:46:33-debug: 查询 Asset Bundle start, progress: 5%
2026-5-20 13:46:33-debug: // ---- build task 查询 Asset Bundle ----
2026-5-20 13:46:33-debug: [Build Memory track]: 查询 Asset Bundle start:224.50MB, end 225.05MB, increase: 567.45KB
2026-5-20 13:46:33-debug: // ---- build task 查询 Asset Bundle ---- (2ms)
2026-5-20 13:46:33-debug: 整理部分构建选项内数据到 settings.json start, progress: 10%
2026-5-20 13:46:33-debug: [Build Memory track]: 查询 Asset Bundle start:225.08MB, end 224.45MB, increase: -641.35KB
2026-5-20 13:46:33-debug: // ---- build task 整理部分构建选项内数据到 settings.json ----
2026-5-20 13:46:33-log: run build task 查询 Asset Bundle success in 2 ms√, progress: 10%
2026-5-20 13:46:33-debug: // ---- build task 整理部分构建选项内数据到 settings.json ---- (1ms)
2026-5-20 13:46:33-log: run build task 整理部分构建选项内数据到 settings.json success in 1 ms√, progress: 12%
2026-5-20 13:46:33-debug: 填充脚本数据到 settings.json start, progress: 12%
2026-5-20 13:46:33-debug: [Build Memory track]: 整理部分构建选项内数据到 settings.json start:224.48MB, end 224.50MB, increase: 25.18KB
2026-5-20 13:46:33-debug: // ---- build task 填充脚本数据到 settings.json ----
2026-5-20 13:46:33-debug: // ---- build task 填充脚本数据到 settings.json ---- (1ms)
2026-5-20 13:46:33-log: run build task 填充脚本数据到 settings.json success in 1 ms√, progress: 13%
2026-5-20 13:46:33-debug: [Build Memory track]: 填充脚本数据到 settings.json start:224.53MB, end 224.55MB, increase: 24.63KB
2026-5-20 13:46:33-debug: // ---- build task 整理部分构建选项内数据到 settings.json ----
2026-5-20 13:46:33-debug: 整理部分构建选项内数据到 settings.json start, progress: 13%
2026-5-20 13:46:33-debug: // ---- build task 整理部分构建选项内数据到 settings.json ---- (3ms)
2026-5-20 13:46:33-log: run build task 整理部分构建选项内数据到 settings.json success in 3 ms√, progress: 15%
2026-5-20 13:46:33-debug: [Build Memory track]: 整理部分构建选项内数据到 settings.json start:224.58MB, end 224.74MB, increase: 164.91KB
2026-5-20 13:46:39-debug: Query all assets info in project
2026-5-20 13:46:39-debug: init custom config: keepNodeUuid: false, useCache: true
2026-5-20 13:46:39-debug: Skip compress image, progress: 0%
2026-5-20 13:46:39-debug: Init all bundles start..., progress: 0%
2026-5-20 13:46:39-debug: Init bundle root assets start..., progress: 0%
2026-5-20 13:46:39-debug: 查询 Asset Bundle start, progress: 0%
2026-5-20 13:46:39-debug: // ---- build task 查询 Asset Bundle ----
2026-5-20 13:46:39-debug: Num of bundles: 2..., progress: 0%
2026-5-20 13:46:39-debug: Query preload assets/scripts from cc.config.json: 60f7195c-ec2a-45eb-ba94-8955f60e81d0,1c02ae6f-4492-4915-b8f8-7492a3b1e4cd,810e96e4-e456-4468-9b59-f4e8f39732c0,efe8e2a3-eace-427b-b4f1-cb8a937ec77d,e9aa9a3e-5b2b-4ac7-a2c7-073de2b2b24f,8bbdbcdd-5cd4-4100-b6d5-b7c9625b6107,50f4348b-c883-4e2f-8f11-ce233b859fa1,fda095cb-831d-4601-ad94-846013963de8,f92806d7-1768-443f-afe8-12bcde84d0f0,dd3a144d-ab7f-41f0-82b8-2e43a090d496,f0416e68-0200-4b77-a926-4f9d16e494da,970b0598-bcb0-4714-91fb-2e81440dccd8,bcd64cc6-2dd9-43f6-abbe-66318d332032,d930590d-bb92-4cc8-8bd1-23cd027f9edf,a3cd009f-0ab0-420d-9278-b9fdab939bbc,6a2d0734-bd9e-4ddf-946e-caa52498cb75,c27215d8-6835-4b68-bfbb-bdeac6100c04,b5d6115f-0370-4d7c-aad3-c194cc71cf98,871c3b6c-7379-419d-bda3-794b239ab90d,ff9b0199-ce04-4cfe-86cc-6c719f08d6e4,de1c2107-70c8-4021-8459-6399f24d01c6,cbf30902-517f-40dc-af90-a550bac27cf1,5c601d96-e4c7-4698-991b-7ee674b11079
2026-5-20 13:46:39-debug: Init bundle root assets success..., progress: 0%
2026-5-20 13:46:39-debug:   Number of all scripts: 11
2026-5-20 13:46:39-debug:   Number of other assets: 338
2026-5-20 13:46:39-debug:   Number of all scenes: 2
2026-5-20 13:46:39-debug: // ---- build task 查询 Asset Bundle ---- (5ms)
2026-5-20 13:46:39-debug: [Build Memory track]: 查询 Asset Bundle start:224.97MB, end 224.60MB, increase: -377.85KB
2026-5-20 13:46:39-debug: // ---- build task 查询 Asset Bundle ----
2026-5-20 13:46:39-debug: 查询 Asset Bundle start, progress: 5%
2026-5-20 13:46:39-log: run build task 查询 Asset Bundle success in 5 ms√, progress: 5%
2026-5-20 13:46:39-debug: // ---- build task 查询 Asset Bundle ---- (1ms)
2026-5-20 13:46:39-debug: 整理部分构建选项内数据到 settings.json start, progress: 10%
2026-5-20 13:46:39-debug: [Build Memory track]: 查询 Asset Bundle start:224.63MB, end 224.73MB, increase: 107.33KB
2026-5-20 13:46:39-debug: // ---- build task 整理部分构建选项内数据到 settings.json ----
2026-5-20 13:46:39-log: run build task 查询 Asset Bundle success in 1 ms√, progress: 10%
2026-5-20 13:46:39-debug: // ---- build task 整理部分构建选项内数据到 settings.json ---- (1ms)
2026-5-20 13:46:39-log: run build task 整理部分构建选项内数据到 settings.json success in 1 ms√, progress: 12%
2026-5-20 13:46:39-debug: 填充脚本数据到 settings.json start, progress: 12%
2026-5-20 13:46:39-debug: [Build Memory track]: 整理部分构建选项内数据到 settings.json start:224.76MB, end 224.79MB, increase: 25.06KB
2026-5-20 13:46:39-debug: // ---- build task 填充脚本数据到 settings.json ----
2026-5-20 13:46:39-debug: // ---- build task 填充脚本数据到 settings.json ---- (1ms)
2026-5-20 13:46:39-debug: [Build Memory track]: 填充脚本数据到 settings.json start:224.81MB, end 224.84MB, increase: 24.64KB
2026-5-20 13:46:39-debug: 整理部分构建选项内数据到 settings.json start, progress: 13%
2026-5-20 13:46:39-debug: // ---- build task 整理部分构建选项内数据到 settings.json ----
2026-5-20 13:46:39-log: run build task 填充脚本数据到 settings.json success in 1 ms√, progress: 13%
2026-5-20 13:46:39-debug: // ---- build task 整理部分构建选项内数据到 settings.json ---- (2ms)
2026-5-20 13:46:39-log: run build task 整理部分构建选项内数据到 settings.json success in 2 ms√, progress: 15%
2026-5-20 13:46:39-debug: [Build Memory track]: 整理部分构建选项内数据到 settings.json start:224.86MB, end 224.98MB, increase: 122.73KB
2026-5-20 13:46:44-debug: Query all assets info in project
2026-5-20 13:46:44-debug: init custom config: keepNodeUuid: false, useCache: true
2026-5-20 13:46:44-debug: Skip compress image, progress: 0%
2026-5-20 13:46:44-debug: Init all bundles start..., progress: 0%
2026-5-20 13:46:44-debug: Num of bundles: 2..., progress: 0%
2026-5-20 13:46:44-debug: 查询 Asset Bundle start, progress: 0%
2026-5-20 13:46:44-debug: // ---- build task 查询 Asset Bundle ----
2026-5-20 13:46:44-debug: Init bundle root assets start..., progress: 0%
2026-5-20 13:46:44-debug: Query preload assets/scripts from cc.config.json: 60f7195c-ec2a-45eb-ba94-8955f60e81d0,1c02ae6f-4492-4915-b8f8-7492a3b1e4cd,810e96e4-e456-4468-9b59-f4e8f39732c0,efe8e2a3-eace-427b-b4f1-cb8a937ec77d,e9aa9a3e-5b2b-4ac7-a2c7-073de2b2b24f,8bbdbcdd-5cd4-4100-b6d5-b7c9625b6107,50f4348b-c883-4e2f-8f11-ce233b859fa1,fda095cb-831d-4601-ad94-846013963de8,f92806d7-1768-443f-afe8-12bcde84d0f0,dd3a144d-ab7f-41f0-82b8-2e43a090d496,f0416e68-0200-4b77-a926-4f9d16e494da,970b0598-bcb0-4714-91fb-2e81440dccd8,bcd64cc6-2dd9-43f6-abbe-66318d332032,d930590d-bb92-4cc8-8bd1-23cd027f9edf,a3cd009f-0ab0-420d-9278-b9fdab939bbc,6a2d0734-bd9e-4ddf-946e-caa52498cb75,c27215d8-6835-4b68-bfbb-bdeac6100c04,b5d6115f-0370-4d7c-aad3-c194cc71cf98,871c3b6c-7379-419d-bda3-794b239ab90d,ff9b0199-ce04-4cfe-86cc-6c719f08d6e4,de1c2107-70c8-4021-8459-6399f24d01c6,cbf30902-517f-40dc-af90-a550bac27cf1,5c601d96-e4c7-4698-991b-7ee674b11079
2026-5-20 13:46:44-debug:   Number of all scripts: 11
2026-5-20 13:46:44-debug:   Number of other assets: 338
2026-5-20 13:46:44-debug: Init bundle root assets success..., progress: 0%
2026-5-20 13:46:44-debug:   Number of all scenes: 2
2026-5-20 13:46:44-debug: // ---- build task 查询 Asset Bundle ---- (8ms)
2026-5-20 13:46:44-log: run build task 查询 Asset Bundle success in 8 ms√, progress: 5%
2026-5-20 13:46:44-debug: [Build Memory track]: 查询 Asset Bundle start:225.33MB, end 225.09MB, increase: -248.42KB
2026-5-20 13:46:44-debug: 查询 Asset Bundle start, progress: 5%
2026-5-20 13:46:44-debug: // ---- build task 查询 Asset Bundle ----
2026-5-20 13:46:44-debug: // ---- build task 查询 Asset Bundle ---- (1ms)
2026-5-20 13:46:44-debug: [Build Memory track]: 查询 Asset Bundle start:225.11MB, end 225.21MB, increase: 105.27KB
2026-5-20 13:46:44-debug: 整理部分构建选项内数据到 settings.json start, progress: 10%
2026-5-20 13:46:44-debug: // ---- build task 整理部分构建选项内数据到 settings.json ----
2026-5-20 13:46:44-log: run build task 查询 Asset Bundle success in 1 ms√, progress: 10%
2026-5-20 13:46:44-log: run build task 整理部分构建选项内数据到 settings.json success in √, progress: 12%
2026-5-20 13:46:44-debug: [Build Memory track]: 整理部分构建选项内数据到 settings.json start:225.24MB, end 225.26MB, increase: 16.36KB
2026-5-20 13:46:44-debug: 填充脚本数据到 settings.json start, progress: 12%
2026-5-20 13:46:44-debug: // ---- build task 填充脚本数据到 settings.json ----
2026-5-20 13:46:44-debug: // ---- build task 填充脚本数据到 settings.json ---- (1ms)
2026-5-20 13:46:44-log: run build task 填充脚本数据到 settings.json success in 1 ms√, progress: 13%
2026-5-20 13:46:44-debug: [Build Memory track]: 填充脚本数据到 settings.json start:225.28MB, end 225.31MB, increase: 23.76KB
2026-5-20 13:46:44-debug: 整理部分构建选项内数据到 settings.json start, progress: 13%
2026-5-20 13:46:44-debug: // ---- build task 整理部分构建选项内数据到 settings.json ----
2026-5-20 13:46:44-debug: // ---- build task 整理部分构建选项内数据到 settings.json ---- (3ms)
2026-5-20 13:46:44-log: run build task 整理部分构建选项内数据到 settings.json success in 3 ms√, progress: 15%
2026-5-20 13:46:44-debug: [Build Memory track]: 整理部分构建选项内数据到 settings.json start:225.34MB, end 224.72MB, increase: -629.05KB
2026-5-20 13:46:53-debug: Query all assets info in project
2026-5-20 13:46:53-debug: init custom config: keepNodeUuid: false, useCache: true
2026-5-20 13:46:53-debug: Skip compress image, progress: 0%
2026-5-20 13:46:53-debug: Init all bundles start..., progress: 0%
2026-5-20 13:46:53-debug: Num of bundles: 2..., progress: 0%
2026-5-20 13:46:53-debug: 查询 Asset Bundle start, progress: 0%
2026-5-20 13:46:53-debug: // ---- build task 查询 Asset Bundle ----
2026-5-20 13:46:53-debug: Init bundle root assets start..., progress: 0%
2026-5-20 13:46:53-debug: Query preload assets/scripts from cc.config.json: 60f7195c-ec2a-45eb-ba94-8955f60e81d0,1c02ae6f-4492-4915-b8f8-7492a3b1e4cd,810e96e4-e456-4468-9b59-f4e8f39732c0,efe8e2a3-eace-427b-b4f1-cb8a937ec77d,e9aa9a3e-5b2b-4ac7-a2c7-073de2b2b24f,8bbdbcdd-5cd4-4100-b6d5-b7c9625b6107,50f4348b-c883-4e2f-8f11-ce233b859fa1,fda095cb-831d-4601-ad94-846013963de8,f92806d7-1768-443f-afe8-12bcde84d0f0,dd3a144d-ab7f-41f0-82b8-2e43a090d496,f0416e68-0200-4b77-a926-4f9d16e494da,970b0598-bcb0-4714-91fb-2e81440dccd8,bcd64cc6-2dd9-43f6-abbe-66318d332032,d930590d-bb92-4cc8-8bd1-23cd027f9edf,a3cd009f-0ab0-420d-9278-b9fdab939bbc,6a2d0734-bd9e-4ddf-946e-caa52498cb75,c27215d8-6835-4b68-bfbb-bdeac6100c04,b5d6115f-0370-4d7c-aad3-c194cc71cf98,871c3b6c-7379-419d-bda3-794b239ab90d,ff9b0199-ce04-4cfe-86cc-6c719f08d6e4,de1c2107-70c8-4021-8459-6399f24d01c6,cbf30902-517f-40dc-af90-a550bac27cf1,5c601d96-e4c7-4698-991b-7ee674b11079
2026-5-20 13:46:53-debug:   Number of all scenes: 2
2026-5-20 13:46:53-debug:   Number of other assets: 338
2026-5-20 13:46:53-debug: Init bundle root assets success..., progress: 0%
2026-5-20 13:46:53-debug:   Number of all scripts: 11
2026-5-20 13:46:53-debug: // ---- build task 查询 Asset Bundle ---- (4ms)
2026-5-20 13:46:53-debug: // ---- build task 查询 Asset Bundle ----
2026-5-20 13:46:53-debug: [Build Memory track]: 查询 Asset Bundle start:224.95MB, end 224.72MB, increase: -237.52KB
2026-5-20 13:46:53-log: run build task 查询 Asset Bundle success in 4 ms√, progress: 5%
2026-5-20 13:46:53-debug: 查询 Asset Bundle start, progress: 5%
2026-5-20 13:46:53-debug: // ---- build task 查询 Asset Bundle ---- (2ms)
2026-5-20 13:46:53-debug: // ---- build task 整理部分构建选项内数据到 settings.json ----
2026-5-20 13:46:53-debug: [Build Memory track]: 查询 Asset Bundle start:224.74MB, end 224.85MB, increase: 112.77KB
2026-5-20 13:46:53-debug: 整理部分构建选项内数据到 settings.json start, progress: 10%
2026-5-20 13:46:53-log: run build task 查询 Asset Bundle success in 2 ms√, progress: 10%
2026-5-20 13:46:53-log: run build task 整理部分构建选项内数据到 settings.json success in √, progress: 12%
2026-5-20 13:46:53-debug: 填充脚本数据到 settings.json start, progress: 12%
2026-5-20 13:46:53-debug: // ---- build task 填充脚本数据到 settings.json ----
2026-5-20 13:46:53-debug: [Build Memory track]: 整理部分构建选项内数据到 settings.json start:224.88MB, end 224.90MB, increase: 16.30KB
2026-5-20 13:46:53-log: run build task 填充脚本数据到 settings.json success in √, progress: 13%
2026-5-20 13:46:53-debug: [Build Memory track]: 填充脚本数据到 settings.json start:224.92MB, end 224.94MB, increase: 15.10KB
2026-5-20 13:46:53-debug: 整理部分构建选项内数据到 settings.json start, progress: 13%
2026-5-20 13:46:53-debug: // ---- build task 整理部分构建选项内数据到 settings.json ----
2026-5-20 13:46:53-debug: // ---- build task 整理部分构建选项内数据到 settings.json ---- (4ms)
2026-5-20 13:46:53-log: run build task 整理部分构建选项内数据到 settings.json success in 4 ms√, progress: 15%
2026-5-20 13:46:53-debug: [Build Memory track]: 整理部分构建选项内数据到 settings.json start:224.96MB, end 225.08MB, increase: 121.96KB
2026-5-20 13:46:59-debug: Query all assets info in project
2026-5-20 13:46:59-debug: init custom config: keepNodeUuid: false, useCache: true
2026-5-20 13:46:59-debug: Skip compress image, progress: 0%
2026-5-20 13:46:59-debug: Init all bundles start..., progress: 0%
2026-5-20 13:46:59-debug: Num of bundles: 2..., progress: 0%
2026-5-20 13:46:59-debug: 查询 Asset Bundle start, progress: 0%
2026-5-20 13:46:59-debug: // ---- build task 查询 Asset Bundle ----
2026-5-20 13:46:59-debug: Init bundle root assets start..., progress: 0%
2026-5-20 13:46:59-debug: Query preload assets/scripts from cc.config.json: 60f7195c-ec2a-45eb-ba94-8955f60e81d0,1c02ae6f-4492-4915-b8f8-7492a3b1e4cd,810e96e4-e456-4468-9b59-f4e8f39732c0,efe8e2a3-eace-427b-b4f1-cb8a937ec77d,e9aa9a3e-5b2b-4ac7-a2c7-073de2b2b24f,8bbdbcdd-5cd4-4100-b6d5-b7c9625b6107,50f4348b-c883-4e2f-8f11-ce233b859fa1,fda095cb-831d-4601-ad94-846013963de8,f92806d7-1768-443f-afe8-12bcde84d0f0,dd3a144d-ab7f-41f0-82b8-2e43a090d496,f0416e68-0200-4b77-a926-4f9d16e494da,970b0598-bcb0-4714-91fb-2e81440dccd8,bcd64cc6-2dd9-43f6-abbe-66318d332032,d930590d-bb92-4cc8-8bd1-23cd027f9edf,a3cd009f-0ab0-420d-9278-b9fdab939bbc,6a2d0734-bd9e-4ddf-946e-caa52498cb75,c27215d8-6835-4b68-bfbb-bdeac6100c04,b5d6115f-0370-4d7c-aad3-c194cc71cf98,871c3b6c-7379-419d-bda3-794b239ab90d,ff9b0199-ce04-4cfe-86cc-6c719f08d6e4,de1c2107-70c8-4021-8459-6399f24d01c6,cbf30902-517f-40dc-af90-a550bac27cf1,5c601d96-e4c7-4698-991b-7ee674b11079
2026-5-20 13:46:59-debug: Init bundle root assets success..., progress: 0%
2026-5-20 13:46:59-debug:   Number of all scripts: 11
2026-5-20 13:46:59-debug:   Number of other assets: 338
2026-5-20 13:46:59-debug:   Number of all scenes: 2
2026-5-20 13:46:59-debug: // ---- build task 查询 Asset Bundle ---- (10ms)
2026-5-20 13:46:59-log: run build task 查询 Asset Bundle success in 10 ms√, progress: 5%
2026-5-20 13:46:59-debug: [Build Memory track]: 查询 Asset Bundle start:225.46MB, end 225.03MB, increase: -434.43KB
2026-5-20 13:46:59-debug: 查询 Asset Bundle start, progress: 5%
2026-5-20 13:46:59-debug: // ---- build task 查询 Asset Bundle ----
2026-5-20 13:46:59-debug: // ---- build task 查询 Asset Bundle ---- (2ms)
2026-5-20 13:46:59-debug: 整理部分构建选项内数据到 settings.json start, progress: 10%
2026-5-20 13:46:59-debug: [Build Memory track]: 查询 Asset Bundle start:225.06MB, end 225.16MB, increase: 107.13KB
2026-5-20 13:46:59-debug: // ---- build task 整理部分构建选项内数据到 settings.json ----
2026-5-20 13:46:59-log: run build task 查询 Asset Bundle success in 2 ms√, progress: 10%
2026-5-20 13:46:59-debug: // ---- build task 整理部分构建选项内数据到 settings.json ---- (1ms)
2026-5-20 13:46:59-debug: 填充脚本数据到 settings.json start, progress: 12%
2026-5-20 13:46:59-debug: [Build Memory track]: 整理部分构建选项内数据到 settings.json start:225.19MB, end 225.22MB, increase: 25.18KB
2026-5-20 13:46:59-debug: // ---- build task 填充脚本数据到 settings.json ----
2026-5-20 13:46:59-log: run build task 整理部分构建选项内数据到 settings.json success in 1 ms√, progress: 12%
2026-5-20 13:46:59-log: run build task 填充脚本数据到 settings.json success in √, progress: 13%
2026-5-20 13:46:59-debug: [Build Memory track]: 填充脚本数据到 settings.json start:225.24MB, end 225.26MB, increase: 15.84KB
2026-5-20 13:46:59-debug: 整理部分构建选项内数据到 settings.json start, progress: 13%
2026-5-20 13:46:59-debug: // ---- build task 整理部分构建选项内数据到 settings.json ----
2026-5-20 13:46:59-debug: // ---- build task 整理部分构建选项内数据到 settings.json ---- (3ms)
2026-5-20 13:46:59-log: run build task 整理部分构建选项内数据到 settings.json success in 3 ms√, progress: 15%
2026-5-20 13:46:59-debug: [Build Memory track]: 整理部分构建选项内数据到 settings.json start:225.29MB, end 225.41MB, increase: 121.98KB
2026-5-20 13:49:49-debug: refresh db internal success
2026-5-20 13:49:49-debug: %cImport%c: /Users/xiejianfeng/Downloads/Zuma/assets/Script/ZumaCurvePath.tsbackground: #aaff85; color: #000;color: #000;
2026-5-20 13:49:49-debug: refresh db assets success
2026-5-20 13:49:49-debug: Run asset db hook engine-extends:afterRefresh ...
2026-5-20 13:49:49-debug: Run asset db hook engine-extends:afterRefresh success!
2026-5-20 13:49:49-debug: asset-db:refresh-all-database (48ms)
2026-5-20 13:49:49-debug: asset-db:worker-effect-data-processing (2ms)
2026-5-20 13:49:49-debug: asset-db-hook-engine-extends-afterRefresh (2ms)
2026-5-20 13:49:52-debug: Query all assets info in project
2026-5-20 13:49:52-debug: init custom config: keepNodeUuid: false, useCache: true
2026-5-20 13:49:52-debug: Skip compress image, progress: 0%
2026-5-20 13:49:52-debug: Init all bundles start..., progress: 0%
2026-5-20 13:49:52-debug: Num of bundles: 2..., progress: 0%
2026-5-20 13:49:52-debug: 查询 Asset Bundle start, progress: 0%
2026-5-20 13:49:52-debug: // ---- build task 查询 Asset Bundle ----
2026-5-20 13:49:52-debug: Init bundle root assets start..., progress: 0%
2026-5-20 13:49:52-debug: Query preload assets/scripts from cc.config.json: 60f7195c-ec2a-45eb-ba94-8955f60e81d0,1c02ae6f-4492-4915-b8f8-7492a3b1e4cd,810e96e4-e456-4468-9b59-f4e8f39732c0,efe8e2a3-eace-427b-b4f1-cb8a937ec77d,e9aa9a3e-5b2b-4ac7-a2c7-073de2b2b24f,8bbdbcdd-5cd4-4100-b6d5-b7c9625b6107,50f4348b-c883-4e2f-8f11-ce233b859fa1,fda095cb-831d-4601-ad94-846013963de8,f92806d7-1768-443f-afe8-12bcde84d0f0,dd3a144d-ab7f-41f0-82b8-2e43a090d496,f0416e68-0200-4b77-a926-4f9d16e494da,970b0598-bcb0-4714-91fb-2e81440dccd8,bcd64cc6-2dd9-43f6-abbe-66318d332032,d930590d-bb92-4cc8-8bd1-23cd027f9edf,a3cd009f-0ab0-420d-9278-b9fdab939bbc,6a2d0734-bd9e-4ddf-946e-caa52498cb75,c27215d8-6835-4b68-bfbb-bdeac6100c04,b5d6115f-0370-4d7c-aad3-c194cc71cf98,871c3b6c-7379-419d-bda3-794b239ab90d,ff9b0199-ce04-4cfe-86cc-6c719f08d6e4,de1c2107-70c8-4021-8459-6399f24d01c6,cbf30902-517f-40dc-af90-a550bac27cf1,5c601d96-e4c7-4698-991b-7ee674b11079
2026-5-20 13:49:52-debug:   Number of other assets: 338
2026-5-20 13:49:52-debug:   Number of all scripts: 11
2026-5-20 13:49:52-debug: Init bundle root assets success..., progress: 0%
2026-5-20 13:49:52-debug:   Number of all scenes: 2
2026-5-20 13:49:52-debug: // ---- build task 查询 Asset Bundle ---- (4ms)
2026-5-20 13:49:52-debug: 查询 Asset Bundle start, progress: 5%
2026-5-20 13:49:52-debug: [Build Memory track]: 查询 Asset Bundle start:225.53MB, end 225.28MB, increase: -258.40KB
2026-5-20 13:49:52-debug: // ---- build task 查询 Asset Bundle ----
2026-5-20 13:49:52-log: run build task 查询 Asset Bundle success in 4 ms√, progress: 5%
2026-5-20 13:49:52-debug: // ---- build task 查询 Asset Bundle ---- (1ms)
2026-5-20 13:49:52-debug: [Build Memory track]: 查询 Asset Bundle start:225.31MB, end 225.41MB, increase: 105.38KB
2026-5-20 13:49:52-debug: 整理部分构建选项内数据到 settings.json start, progress: 10%
2026-5-20 13:49:52-log: run build task 查询 Asset Bundle success in 1 ms√, progress: 10%
2026-5-20 13:49:52-debug: // ---- build task 整理部分构建选项内数据到 settings.json ----
2026-5-20 13:49:52-debug: // ---- build task 整理部分构建选项内数据到 settings.json ---- (1ms)
2026-5-20 13:49:52-log: run build task 整理部分构建选项内数据到 settings.json success in 1 ms√, progress: 12%
2026-5-20 13:49:52-debug: [Build Memory track]: 整理部分构建选项内数据到 settings.json start:225.44MB, end 225.46MB, increase: 25.20KB
2026-5-20 13:49:52-debug: 填充脚本数据到 settings.json start, progress: 12%
2026-5-20 13:49:52-debug: // ---- build task 填充脚本数据到 settings.json ----
2026-5-20 13:49:52-debug: // ---- build task 填充脚本数据到 settings.json ---- (1ms)
2026-5-20 13:49:52-log: run build task 填充脚本数据到 settings.json success in 1 ms√, progress: 13%
2026-5-20 13:49:52-debug: [Build Memory track]: 填充脚本数据到 settings.json start:225.49MB, end 225.51MB, increase: 24.64KB
2026-5-20 13:49:52-debug: // ---- build task 整理部分构建选项内数据到 settings.json ----
2026-5-20 13:49:52-debug: 整理部分构建选项内数据到 settings.json start, progress: 13%
2026-5-20 13:49:52-debug: // ---- build task 整理部分构建选项内数据到 settings.json ---- (3ms)
2026-5-20 13:49:52-log: run build task 整理部分构建选项内数据到 settings.json success in 3 ms√, progress: 15%
2026-5-20 13:49:52-debug: [Build Memory track]: 整理部分构建选项内数据到 settings.json start:225.54MB, end 225.66MB, increase: 122.84KB
2026-5-20 13:51:42-debug: Query all assets info in project
2026-5-20 13:51:42-debug: init custom config: keepNodeUuid: false, useCache: true
2026-5-20 13:51:42-debug: Skip compress image, progress: 0%
2026-5-20 13:51:42-debug: Init all bundles start..., progress: 0%
2026-5-20 13:51:42-debug: Num of bundles: 2..., progress: 0%
2026-5-20 13:51:42-debug: 查询 Asset Bundle start, progress: 0%
2026-5-20 13:51:42-debug: Init bundle root assets start..., progress: 0%
2026-5-20 13:51:42-debug: // ---- build task 查询 Asset Bundle ----
2026-5-20 13:51:42-debug: Query preload assets/scripts from cc.config.json: 60f7195c-ec2a-45eb-ba94-8955f60e81d0,1c02ae6f-4492-4915-b8f8-7492a3b1e4cd,810e96e4-e456-4468-9b59-f4e8f39732c0,efe8e2a3-eace-427b-b4f1-cb8a937ec77d,e9aa9a3e-5b2b-4ac7-a2c7-073de2b2b24f,8bbdbcdd-5cd4-4100-b6d5-b7c9625b6107,50f4348b-c883-4e2f-8f11-ce233b859fa1,fda095cb-831d-4601-ad94-846013963de8,f92806d7-1768-443f-afe8-12bcde84d0f0,dd3a144d-ab7f-41f0-82b8-2e43a090d496,f0416e68-0200-4b77-a926-4f9d16e494da,970b0598-bcb0-4714-91fb-2e81440dccd8,bcd64cc6-2dd9-43f6-abbe-66318d332032,d930590d-bb92-4cc8-8bd1-23cd027f9edf,a3cd009f-0ab0-420d-9278-b9fdab939bbc,6a2d0734-bd9e-4ddf-946e-caa52498cb75,c27215d8-6835-4b68-bfbb-bdeac6100c04,b5d6115f-0370-4d7c-aad3-c194cc71cf98,871c3b6c-7379-419d-bda3-794b239ab90d,ff9b0199-ce04-4cfe-86cc-6c719f08d6e4,de1c2107-70c8-4021-8459-6399f24d01c6,cbf30902-517f-40dc-af90-a550bac27cf1,5c601d96-e4c7-4698-991b-7ee674b11079
2026-5-20 13:51:42-debug: Init bundle root assets success..., progress: 0%
2026-5-20 13:51:42-debug:   Number of all scripts: 11
2026-5-20 13:51:42-debug:   Number of other assets: 338
2026-5-20 13:51:42-debug:   Number of all scenes: 2
2026-5-20 13:51:42-debug: // ---- build task 查询 Asset Bundle ---- (4ms)
2026-5-20 13:51:42-log: run build task 查询 Asset Bundle success in 4 ms√, progress: 5%
2026-5-20 13:51:42-debug: 查询 Asset Bundle start, progress: 5%
2026-5-20 13:51:42-debug: [Build Memory track]: 查询 Asset Bundle start:225.59MB, end 225.34MB, increase: -259.07KB
2026-5-20 13:51:42-debug: // ---- build task 查询 Asset Bundle ----
2026-5-20 13:51:42-debug: // ---- build task 查询 Asset Bundle ---- (1ms)
2026-5-20 13:51:42-debug: // ---- build task 整理部分构建选项内数据到 settings.json ----
2026-5-20 13:51:42-debug: [Build Memory track]: 查询 Asset Bundle start:225.36MB, end 225.47MB, increase: 107.54KB
2026-5-20 13:51:42-debug: 整理部分构建选项内数据到 settings.json start, progress: 10%
2026-5-20 13:51:42-log: run build task 查询 Asset Bundle success in 1 ms√, progress: 10%
2026-5-20 13:51:42-log: run build task 整理部分构建选项内数据到 settings.json success in √, progress: 12%
2026-5-20 13:51:42-debug: [Build Memory track]: 整理部分构建选项内数据到 settings.json start:225.50MB, end 225.51MB, increase: 16.39KB
2026-5-20 13:51:42-debug: 填充脚本数据到 settings.json start, progress: 12%
2026-5-20 13:51:42-debug: // ---- build task 填充脚本数据到 settings.json ----
2026-5-20 13:51:42-log: run build task 填充脚本数据到 settings.json success in √, progress: 13%
2026-5-20 13:51:42-debug: [Build Memory track]: 填充脚本数据到 settings.json start:225.54MB, end 225.55MB, increase: 15.03KB
2026-5-20 13:51:42-debug: 整理部分构建选项内数据到 settings.json start, progress: 13%
2026-5-20 13:51:42-debug: // ---- build task 整理部分构建选项内数据到 settings.json ----
2026-5-20 13:51:42-debug: // ---- build task 整理部分构建选项内数据到 settings.json ---- (2ms)
2026-5-20 13:51:42-log: run build task 整理部分构建选项内数据到 settings.json success in 2 ms√, progress: 15%
2026-5-20 13:51:42-debug: [Build Memory track]: 整理部分构建选项内数据到 settings.json start:225.58MB, end 225.70MB, increase: 122.06KB
2026-5-20 13:52:46-debug: refresh db internal success
2026-5-20 13:52:46-debug: refresh db assets success
2026-5-20 13:52:46-debug: Run asset db hook engine-extends:afterRefresh ...
2026-5-20 13:52:46-debug: Run asset db hook engine-extends:afterRefresh success!
2026-5-20 13:52:46-debug: asset-db:refresh-all-database (39ms)
2026-5-20 13:52:46-debug: asset-db:worker-effect-data-processing (2ms)
2026-5-20 13:52:46-debug: asset-db-hook-engine-extends-afterRefresh (3ms)
2026-5-20 13:53:01-debug: %cImport%c: /Users/xiejianfeng/Downloads/Zuma/assets/Prefab/greenball.prefabbackground: #aaff85; color: #000;color: #000;
2026-5-20 13:53:01-debug: asset-db:reimport-assetb2172737-b3d3-4abd-83f6-bc6f91dee69d (11ms)
2026-5-20 13:53:07-debug: %cImport%c: /Users/xiejianfeng/Downloads/Zuma/assets/Prefab/purpleball.prefabbackground: #aaff85; color: #000;color: #000;
2026-5-20 13:53:07-debug: asset-db:reimport-assetd925c92c-a136-49bc-ab29-e3f5c827f7ea (5ms)
2026-5-20 13:53:12-debug: %cImport%c: /Users/xiejianfeng/Downloads/Zuma/assets/Prefab/redball.prefabbackground: #aaff85; color: #000;color: #000;
2026-5-20 13:53:12-debug: asset-db:reimport-assetdf9fdd9b-4f58-4df2-8b0d-7aecc9a6daac (7ms)
2026-5-20 13:53:20-debug: %cImport%c: /Users/xiejianfeng/Downloads/Zuma/assets/Prefab/yellowball.prefabbackground: #aaff85; color: #000;color: #000;
2026-5-20 13:53:20-debug: asset-db:reimport-asset82911afa-a713-4522-99c2-437f3fd9e61a (7ms)
2026-5-20 13:53:22-debug: Query all assets info in project
2026-5-20 13:53:22-debug: init custom config: keepNodeUuid: false, useCache: true
2026-5-20 13:53:22-debug: Skip compress image, progress: 0%
2026-5-20 13:53:22-debug: Init all bundles start..., progress: 0%
2026-5-20 13:53:22-debug: // ---- build task 查询 Asset Bundle ----
2026-5-20 13:53:22-debug: 查询 Asset Bundle start, progress: 0%
2026-5-20 13:53:22-debug: Init bundle root assets start..., progress: 0%
2026-5-20 13:53:22-debug: Num of bundles: 2..., progress: 0%
2026-5-20 13:53:22-debug: Query preload assets/scripts from cc.config.json: 60f7195c-ec2a-45eb-ba94-8955f60e81d0,1c02ae6f-4492-4915-b8f8-7492a3b1e4cd,810e96e4-e456-4468-9b59-f4e8f39732c0,efe8e2a3-eace-427b-b4f1-cb8a937ec77d,e9aa9a3e-5b2b-4ac7-a2c7-073de2b2b24f,8bbdbcdd-5cd4-4100-b6d5-b7c9625b6107,50f4348b-c883-4e2f-8f11-ce233b859fa1,fda095cb-831d-4601-ad94-846013963de8,f92806d7-1768-443f-afe8-12bcde84d0f0,dd3a144d-ab7f-41f0-82b8-2e43a090d496,f0416e68-0200-4b77-a926-4f9d16e494da,970b0598-bcb0-4714-91fb-2e81440dccd8,bcd64cc6-2dd9-43f6-abbe-66318d332032,d930590d-bb92-4cc8-8bd1-23cd027f9edf,a3cd009f-0ab0-420d-9278-b9fdab939bbc,6a2d0734-bd9e-4ddf-946e-caa52498cb75,c27215d8-6835-4b68-bfbb-bdeac6100c04,b5d6115f-0370-4d7c-aad3-c194cc71cf98,871c3b6c-7379-419d-bda3-794b239ab90d,ff9b0199-ce04-4cfe-86cc-6c719f08d6e4,de1c2107-70c8-4021-8459-6399f24d01c6,cbf30902-517f-40dc-af90-a550bac27cf1,5c601d96-e4c7-4698-991b-7ee674b11079
2026-5-20 13:53:22-debug: Init bundle root assets success..., progress: 0%
2026-5-20 13:53:22-debug:   Number of other assets: 338
2026-5-20 13:53:22-debug:   Number of all scripts: 11
2026-5-20 13:53:22-debug:   Number of all scenes: 2
2026-5-20 13:53:22-debug: // ---- build task 查询 Asset Bundle ---- (4ms)
2026-5-20 13:53:22-log: run build task 查询 Asset Bundle success in 4 ms√, progress: 5%
2026-5-20 13:53:22-debug: [Build Memory track]: 查询 Asset Bundle start:226.48MB, end 226.08MB, increase: -406.68KB
2026-5-20 13:53:22-debug: // ---- build task 查询 Asset Bundle ----
2026-5-20 13:53:22-debug: 查询 Asset Bundle start, progress: 5%
2026-5-20 13:53:22-debug: // ---- build task 查询 Asset Bundle ---- (1ms)
2026-5-20 13:53:22-log: run build task 查询 Asset Bundle success in 1 ms√, progress: 10%
2026-5-20 13:53:22-debug: [Build Memory track]: 查询 Asset Bundle start:226.11MB, end 226.21MB, increase: 105.35KB
2026-5-20 13:53:22-debug: 整理部分构建选项内数据到 settings.json start, progress: 10%
2026-5-20 13:53:22-debug: // ---- build task 整理部分构建选项内数据到 settings.json ----
2026-5-20 13:53:22-debug: // ---- build task 整理部分构建选项内数据到 settings.json ---- (1ms)
2026-5-20 13:53:22-log: run build task 整理部分构建选项内数据到 settings.json success in 1 ms√, progress: 12%
2026-5-20 13:53:22-debug: 填充脚本数据到 settings.json start, progress: 12%
2026-5-20 13:53:22-debug: // ---- build task 填充脚本数据到 settings.json ----
2026-5-20 13:53:22-debug: [Build Memory track]: 整理部分构建选项内数据到 settings.json start:226.24MB, end 226.26MB, increase: 25.11KB
2026-5-20 13:53:22-debug: // ---- build task 填充脚本数据到 settings.json ---- (1ms)
2026-5-20 13:53:22-log: run build task 填充脚本数据到 settings.json success in 1 ms√, progress: 13%
2026-5-20 13:53:22-debug: 整理部分构建选项内数据到 settings.json start, progress: 13%
2026-5-20 13:53:22-debug: // ---- build task 整理部分构建选项内数据到 settings.json ----
2026-5-20 13:53:22-debug: [Build Memory track]: 填充脚本数据到 settings.json start:226.29MB, end 226.31MB, increase: 24.67KB
2026-5-20 13:53:22-debug: // ---- build task 整理部分构建选项内数据到 settings.json ---- (4ms)
2026-5-20 13:53:22-log: run build task 整理部分构建选项内数据到 settings.json success in 4 ms√, progress: 15%
2026-5-20 13:53:22-debug: [Build Memory track]: 整理部分构建选项内数据到 settings.json start:226.34MB, end 226.46MB, increase: 122.84KB
2026-5-20 13:55:51-debug: refresh db internal success
2026-5-20 13:55:51-debug: refresh db assets success
2026-5-20 13:55:51-debug: Run asset db hook engine-extends:afterRefresh ...
2026-5-20 13:55:51-debug: Run asset db hook engine-extends:afterRefresh success!
2026-5-20 13:55:51-debug: asset-db:refresh-all-database (42ms)
2026-5-20 13:55:51-debug: asset-db:worker-effect-data-processing (1ms)
2026-5-20 13:55:51-debug: asset-db-hook-engine-extends-afterRefresh (1ms)
2026-5-20 13:55:52-debug: %cImport%c: /Users/xiejianfeng/Downloads/Zuma/assets/Prefab/yellowball.prefabbackground: #aaff85; color: #000;color: #000;
2026-5-20 13:55:52-debug: asset-db:reimport-asset82911afa-a713-4522-99c2-437f3fd9e61a (6ms)
2026-5-20 13:55:53-debug: Query all assets info in project
2026-5-20 13:55:53-debug: init custom config: keepNodeUuid: false, useCache: true
2026-5-20 13:55:53-debug: Skip compress image, progress: 0%
2026-5-20 13:55:53-debug: Init all bundles start..., progress: 0%
2026-5-20 13:55:53-debug: Num of bundles: 2..., progress: 0%
2026-5-20 13:55:53-debug: 查询 Asset Bundle start, progress: 0%
2026-5-20 13:55:53-debug: // ---- build task 查询 Asset Bundle ----
2026-5-20 13:55:53-debug: Init bundle root assets start..., progress: 0%
2026-5-20 13:55:53-debug: Query preload assets/scripts from cc.config.json: 60f7195c-ec2a-45eb-ba94-8955f60e81d0,1c02ae6f-4492-4915-b8f8-7492a3b1e4cd,810e96e4-e456-4468-9b59-f4e8f39732c0,efe8e2a3-eace-427b-b4f1-cb8a937ec77d,e9aa9a3e-5b2b-4ac7-a2c7-073de2b2b24f,8bbdbcdd-5cd4-4100-b6d5-b7c9625b6107,50f4348b-c883-4e2f-8f11-ce233b859fa1,fda095cb-831d-4601-ad94-846013963de8,f92806d7-1768-443f-afe8-12bcde84d0f0,dd3a144d-ab7f-41f0-82b8-2e43a090d496,f0416e68-0200-4b77-a926-4f9d16e494da,970b0598-bcb0-4714-91fb-2e81440dccd8,bcd64cc6-2dd9-43f6-abbe-66318d332032,d930590d-bb92-4cc8-8bd1-23cd027f9edf,a3cd009f-0ab0-420d-9278-b9fdab939bbc,6a2d0734-bd9e-4ddf-946e-caa52498cb75,c27215d8-6835-4b68-bfbb-bdeac6100c04,b5d6115f-0370-4d7c-aad3-c194cc71cf98,871c3b6c-7379-419d-bda3-794b239ab90d,ff9b0199-ce04-4cfe-86cc-6c719f08d6e4,de1c2107-70c8-4021-8459-6399f24d01c6,cbf30902-517f-40dc-af90-a550bac27cf1,5c601d96-e4c7-4698-991b-7ee674b11079
2026-5-20 13:55:53-debug: Init bundle root assets success..., progress: 0%
2026-5-20 13:55:53-debug:   Number of all scripts: 11
2026-5-20 13:55:53-debug:   Number of other assets: 338
2026-5-20 13:55:53-debug:   Number of all scenes: 2
2026-5-20 13:55:53-debug: // ---- build task 查询 Asset Bundle ---- (3ms)
2026-5-20 13:55:53-log: run build task 查询 Asset Bundle success in 3 ms√, progress: 5%
2026-5-20 13:55:53-debug: [Build Memory track]: 查询 Asset Bundle start:226.56MB, end 226.31MB, increase: -257.52KB
2026-5-20 13:55:53-debug: // ---- build task 查询 Asset Bundle ----
2026-5-20 13:55:53-debug: 查询 Asset Bundle start, progress: 5%
2026-5-20 13:55:53-debug: // ---- build task 查询 Asset Bundle ---- (1ms)
2026-5-20 13:55:53-log: run build task 查询 Asset Bundle success in 1 ms√, progress: 10%
2026-5-20 13:55:53-debug: [Build Memory track]: 查询 Asset Bundle start:226.34MB, end 226.44MB, increase: 107.25KB
2026-5-20 13:55:53-debug: 整理部分构建选项内数据到 settings.json start, progress: 10%
2026-5-20 13:55:53-debug: // ---- build task 整理部分构建选项内数据到 settings.json ----
2026-5-20 13:55:53-debug: // ---- build task 整理部分构建选项内数据到 settings.json ---- (1ms)
2026-5-20 13:55:53-debug: 填充脚本数据到 settings.json start, progress: 12%
2026-5-20 13:55:53-debug: [Build Memory track]: 整理部分构建选项内数据到 settings.json start:226.47MB, end 226.49MB, increase: 25.13KB
2026-5-20 13:55:53-log: run build task 整理部分构建选项内数据到 settings.json success in 1 ms√, progress: 12%
2026-5-20 13:55:53-debug: // ---- build task 填充脚本数据到 settings.json ----
2026-5-20 13:55:53-debug: // ---- build task 填充脚本数据到 settings.json ---- (1ms)
2026-5-20 13:55:53-log: run build task 填充脚本数据到 settings.json success in 1 ms√, progress: 13%
2026-5-20 13:55:53-debug: [Build Memory track]: 填充脚本数据到 settings.json start:226.52MB, end 226.54MB, increase: 25.60KB
2026-5-20 13:55:53-debug: 整理部分构建选项内数据到 settings.json start, progress: 13%
2026-5-20 13:55:53-debug: // ---- build task 整理部分构建选项内数据到 settings.json ----
2026-5-20 13:55:53-debug: // ---- build task 整理部分构建选项内数据到 settings.json ---- (2ms)
2026-5-20 13:55:53-log: run build task 整理部分构建选项内数据到 settings.json success in 2 ms√, progress: 15%
2026-5-20 13:55:53-debug: [Build Memory track]: 整理部分构建选项内数据到 settings.json start:226.57MB, end 226.69MB, increase: 122.80KB
2026-5-20 13:57:33-debug: refresh db internal success
2026-5-20 13:57:33-debug: %cImport%c: /Users/xiejianfeng/Downloads/Zuma/assets/Script/ZumaCurvePath.tsbackground: #aaff85; color: #000;color: #000;
2026-5-20 13:57:33-debug: refresh db assets success
2026-5-20 13:57:33-debug: Run asset db hook engine-extends:afterRefresh ...
2026-5-20 13:57:33-debug: Run asset db hook engine-extends:afterRefresh success!
2026-5-20 13:57:33-debug: asset-db:refresh-all-database (40ms)
2026-5-20 13:57:33-debug: asset-db:worker-effect-data-processing (1ms)
2026-5-20 13:57:33-debug: asset-db-hook-engine-extends-afterRefresh (2ms)
2026-5-20 13:57:33-debug: %cImport%c: /Users/xiejianfeng/Downloads/Zuma/assets/Prefab/yellowball.prefabbackground: #aaff85; color: #000;color: #000;
2026-5-20 13:57:33-debug: asset-db:reimport-asset82911afa-a713-4522-99c2-437f3fd9e61a (3ms)
2026-5-20 13:57:43-debug: Query all assets info in project
2026-5-20 13:57:43-debug: init custom config: keepNodeUuid: false, useCache: true
2026-5-20 13:57:43-debug: Skip compress image, progress: 0%
2026-5-20 13:57:43-debug: Num of bundles: 2..., progress: 0%
2026-5-20 13:57:43-debug: Init all bundles start..., progress: 0%
2026-5-20 13:57:43-debug: 查询 Asset Bundle start, progress: 0%
2026-5-20 13:57:43-debug: // ---- build task 查询 Asset Bundle ----
2026-5-20 13:57:43-debug: Init bundle root assets start..., progress: 0%
2026-5-20 13:57:43-debug: Query preload assets/scripts from cc.config.json: 60f7195c-ec2a-45eb-ba94-8955f60e81d0,1c02ae6f-4492-4915-b8f8-7492a3b1e4cd,810e96e4-e456-4468-9b59-f4e8f39732c0,efe8e2a3-eace-427b-b4f1-cb8a937ec77d,e9aa9a3e-5b2b-4ac7-a2c7-073de2b2b24f,8bbdbcdd-5cd4-4100-b6d5-b7c9625b6107,50f4348b-c883-4e2f-8f11-ce233b859fa1,fda095cb-831d-4601-ad94-846013963de8,f92806d7-1768-443f-afe8-12bcde84d0f0,dd3a144d-ab7f-41f0-82b8-2e43a090d496,f0416e68-0200-4b77-a926-4f9d16e494da,970b0598-bcb0-4714-91fb-2e81440dccd8,bcd64cc6-2dd9-43f6-abbe-66318d332032,d930590d-bb92-4cc8-8bd1-23cd027f9edf,a3cd009f-0ab0-420d-9278-b9fdab939bbc,6a2d0734-bd9e-4ddf-946e-caa52498cb75,c27215d8-6835-4b68-bfbb-bdeac6100c04,b5d6115f-0370-4d7c-aad3-c194cc71cf98,871c3b6c-7379-419d-bda3-794b239ab90d,ff9b0199-ce04-4cfe-86cc-6c719f08d6e4,de1c2107-70c8-4021-8459-6399f24d01c6,cbf30902-517f-40dc-af90-a550bac27cf1,5c601d96-e4c7-4698-991b-7ee674b11079
2026-5-20 13:57:43-debug: Init bundle root assets success..., progress: 0%
2026-5-20 13:57:43-debug:   Number of all scenes: 2
2026-5-20 13:57:43-debug:   Number of all scripts: 11
2026-5-20 13:57:43-debug:   Number of other assets: 338
2026-5-20 13:57:43-debug: // ---- build task 查询 Asset Bundle ---- (5ms)
2026-5-20 13:57:43-log: run build task 查询 Asset Bundle success in 5 ms√, progress: 5%
2026-5-20 13:57:43-debug: 查询 Asset Bundle start, progress: 5%
2026-5-20 13:57:43-debug: [Build Memory track]: 查询 Asset Bundle start:227.47MB, end 227.05MB, increase: -429.01KB
2026-5-20 13:57:43-debug: // ---- build task 查询 Asset Bundle ----
2026-5-20 13:57:43-debug: // ---- build task 查询 Asset Bundle ---- (1ms)
2026-5-20 13:57:43-debug: // ---- build task 整理部分构建选项内数据到 settings.json ----
2026-5-20 13:57:43-debug: 整理部分构建选项内数据到 settings.json start, progress: 10%
2026-5-20 13:57:43-debug: [Build Memory track]: 查询 Asset Bundle start:227.08MB, end 227.18MB, increase: 105.21KB
2026-5-20 13:57:43-log: run build task 查询 Asset Bundle success in 1 ms√, progress: 10%
2026-5-20 13:57:43-debug: // ---- build task 整理部分构建选项内数据到 settings.json ---- (1ms)
2026-5-20 13:57:43-debug: [Build Memory track]: 整理部分构建选项内数据到 settings.json start:227.21MB, end 227.23MB, increase: 25.15KB
2026-5-20 13:57:43-log: run build task 整理部分构建选项内数据到 settings.json success in 1 ms√, progress: 12%
2026-5-20 13:57:43-debug: 填充脚本数据到 settings.json start, progress: 12%
2026-5-20 13:57:43-debug: // ---- build task 填充脚本数据到 settings.json ----
2026-5-20 13:57:43-debug: // ---- build task 填充脚本数据到 settings.json ---- (1ms)
2026-5-20 13:57:43-log: run build task 填充脚本数据到 settings.json success in 1 ms√, progress: 13%
2026-5-20 13:57:43-debug: 整理部分构建选项内数据到 settings.json start, progress: 13%
2026-5-20 13:57:43-debug: [Build Memory track]: 填充脚本数据到 settings.json start:227.26MB, end 227.28MB, increase: 24.63KB
2026-5-20 13:57:43-debug: // ---- build task 整理部分构建选项内数据到 settings.json ----
2026-5-20 13:57:43-debug: // ---- build task 整理部分构建选项内数据到 settings.json ---- (3ms)
2026-5-20 13:57:43-log: run build task 整理部分构建选项内数据到 settings.json success in 3 ms√, progress: 15%
2026-5-20 13:57:43-debug: [Build Memory track]: 整理部分构建选项内数据到 settings.json start:227.31MB, end 227.43MB, increase: 122.85KB
2026-5-20 14:00:24-debug: refresh db internal success
2026-5-20 14:00:24-debug: %cImport%c: /Users/xiejianfeng/Downloads/Zuma/assets/Script/ZumaCurvePath.tsbackground: #aaff85; color: #000;color: #000;
2026-5-20 14:00:24-debug: refresh db assets success
2026-5-20 14:00:24-debug: Run asset db hook engine-extends:afterRefresh ...
2026-5-20 14:00:24-debug: Run asset db hook engine-extends:afterRefresh success!
2026-5-20 14:00:24-debug: asset-db:refresh-all-database (40ms)
2026-5-20 14:00:24-debug: asset-db:worker-effect-data-processing (2ms)
2026-5-20 14:00:24-debug: asset-db-hook-engine-extends-afterRefresh (2ms)
2026-5-20 14:00:26-debug: %cImport%c: /Users/xiejianfeng/Downloads/Zuma/assets/Scene/Map1.scenebackground: #aaff85; color: #000;color: #000;
2026-5-20 14:00:26-debug: asset-db:reimport-assetba60efc0-dcd1-4d9b-a1fc-495b102b261d (8ms)
2026-5-20 14:00:28-debug: Query all assets info in project
2026-5-20 14:00:28-debug: init custom config: keepNodeUuid: false, useCache: true
2026-5-20 14:00:28-debug: Skip compress image, progress: 0%
2026-5-20 14:00:28-debug: Init all bundles start..., progress: 0%
2026-5-20 14:00:28-debug: Num of bundles: 2..., progress: 0%
2026-5-20 14:00:28-debug: 查询 Asset Bundle start, progress: 0%
2026-5-20 14:00:28-debug: // ---- build task 查询 Asset Bundle ----
2026-5-20 14:00:28-debug: Init bundle root assets start..., progress: 0%
2026-5-20 14:00:28-debug: Query preload assets/scripts from cc.config.json: 60f7195c-ec2a-45eb-ba94-8955f60e81d0,1c02ae6f-4492-4915-b8f8-7492a3b1e4cd,810e96e4-e456-4468-9b59-f4e8f39732c0,efe8e2a3-eace-427b-b4f1-cb8a937ec77d,e9aa9a3e-5b2b-4ac7-a2c7-073de2b2b24f,8bbdbcdd-5cd4-4100-b6d5-b7c9625b6107,50f4348b-c883-4e2f-8f11-ce233b859fa1,fda095cb-831d-4601-ad94-846013963de8,f92806d7-1768-443f-afe8-12bcde84d0f0,dd3a144d-ab7f-41f0-82b8-2e43a090d496,f0416e68-0200-4b77-a926-4f9d16e494da,970b0598-bcb0-4714-91fb-2e81440dccd8,bcd64cc6-2dd9-43f6-abbe-66318d332032,d930590d-bb92-4cc8-8bd1-23cd027f9edf,a3cd009f-0ab0-420d-9278-b9fdab939bbc,6a2d0734-bd9e-4ddf-946e-caa52498cb75,c27215d8-6835-4b68-bfbb-bdeac6100c04,b5d6115f-0370-4d7c-aad3-c194cc71cf98,871c3b6c-7379-419d-bda3-794b239ab90d,ff9b0199-ce04-4cfe-86cc-6c719f08d6e4,de1c2107-70c8-4021-8459-6399f24d01c6,cbf30902-517f-40dc-af90-a550bac27cf1,5c601d96-e4c7-4698-991b-7ee674b11079
2026-5-20 14:00:28-debug: Init bundle root assets success..., progress: 0%
2026-5-20 14:00:28-debug:   Number of all scripts: 11
2026-5-20 14:00:28-debug:   Number of other assets: 338
2026-5-20 14:00:28-debug:   Number of all scenes: 2
2026-5-20 14:00:28-debug: // ---- build task 查询 Asset Bundle ---- (2ms)
2026-5-20 14:00:28-debug: // ---- build task 查询 Asset Bundle ----
2026-5-20 14:00:28-debug: [Build Memory track]: 查询 Asset Bundle start:227.93MB, end 227.64MB, increase: -293.45KB
2026-5-20 14:00:28-debug: 查询 Asset Bundle start, progress: 5%
2026-5-20 14:00:28-log: run build task 查询 Asset Bundle success in 2 ms√, progress: 5%
2026-5-20 14:00:28-debug: // ---- build task 查询 Asset Bundle ---- (2ms)
2026-5-20 14:00:28-debug: // ---- build task 整理部分构建选项内数据到 settings.json ----
2026-5-20 14:00:28-debug: [Build Memory track]: 查询 Asset Bundle start:227.67MB, end 227.77MB, increase: 105.16KB
2026-5-20 14:00:28-debug: 整理部分构建选项内数据到 settings.json start, progress: 10%
2026-5-20 14:00:28-log: run build task 查询 Asset Bundle success in 2 ms√, progress: 10%
2026-5-20 14:00:28-log: run build task 整理部分构建选项内数据到 settings.json success in √, progress: 12%
2026-5-20 14:00:28-debug: [Build Memory track]: 整理部分构建选项内数据到 settings.json start:227.80MB, end 227.81MB, increase: 16.36KB
2026-5-20 14:00:28-debug: 填充脚本数据到 settings.json start, progress: 12%
2026-5-20 14:00:28-debug: // ---- build task 填充脚本数据到 settings.json ----
2026-5-20 14:00:28-debug: // ---- build task 填充脚本数据到 settings.json ---- (1ms)
2026-5-20 14:00:28-debug: // ---- build task 整理部分构建选项内数据到 settings.json ----
2026-5-20 14:00:28-debug: [Build Memory track]: 填充脚本数据到 settings.json start:227.84MB, end 227.87MB, increase: 24.95KB
2026-5-20 14:00:28-debug: 整理部分构建选项内数据到 settings.json start, progress: 13%
2026-5-20 14:00:28-log: run build task 填充脚本数据到 settings.json success in 1 ms√, progress: 13%
2026-5-20 14:00:28-debug: // ---- build task 整理部分构建选项内数据到 settings.json ---- (2ms)
2026-5-20 14:00:28-log: run build task 整理部分构建选项内数据到 settings.json success in 2 ms√, progress: 15%
2026-5-20 14:00:28-debug: [Build Memory track]: 整理部分构建选项内数据到 settings.json start:227.89MB, end 227.29MB, increase: -619.12KB
2026-5-20 14:02:08-debug: refresh db internal success
2026-5-20 14:02:08-debug: refresh db assets success
2026-5-20 14:02:08-debug: Run asset db hook engine-extends:afterRefresh ...
2026-5-20 14:02:08-debug: Run asset db hook engine-extends:afterRefresh success!
2026-5-20 14:02:08-debug: asset-db:refresh-all-database (47ms)
2026-5-20 14:02:08-debug: asset-db:worker-effect-data-processing (2ms)
2026-5-20 14:02:08-debug: asset-db-hook-engine-extends-afterRefresh (2ms)
2026-5-20 14:02:20-debug: refresh db internal success
2026-5-20 14:02:20-debug: %cImport%c: /Users/xiejianfeng/Downloads/Zuma/assets/Script/ZumaCurvePath.tsbackground: #aaff85; color: #000;color: #000;
2026-5-20 14:02:20-debug: refresh db assets success
2026-5-20 14:02:20-debug: Run asset db hook engine-extends:afterRefresh ...
2026-5-20 14:02:20-debug: Run asset db hook engine-extends:afterRefresh success!
2026-5-20 14:02:20-debug: asset-db:refresh-all-database (33ms)
2026-5-20 14:02:20-debug: asset-db:worker-effect-data-processing (1ms)
2026-5-20 14:02:20-debug: asset-db-hook-engine-extends-afterRefresh (2ms)
2026-5-20 14:02:21-debug: %cImport%c: /Users/xiejianfeng/Downloads/Zuma/assets/Scene/Map1.scenebackground: #aaff85; color: #000;color: #000;
2026-5-20 14:02:21-debug: asset-db:reimport-assetba60efc0-dcd1-4d9b-a1fc-495b102b261d (9ms)
2026-5-20 14:02:23-debug: Query all assets info in project
2026-5-20 14:02:23-debug: init custom config: keepNodeUuid: false, useCache: true
2026-5-20 14:02:23-debug: Skip compress image, progress: 0%
2026-5-20 14:02:23-debug: Init all bundles start..., progress: 0%
2026-5-20 14:02:23-debug: Num of bundles: 2..., progress: 0%
2026-5-20 14:02:23-debug: 查询 Asset Bundle start, progress: 0%
2026-5-20 14:02:23-debug: Init bundle root assets start..., progress: 0%
2026-5-20 14:02:23-debug: // ---- build task 查询 Asset Bundle ----
2026-5-20 14:02:23-debug: Query preload assets/scripts from cc.config.json: 60f7195c-ec2a-45eb-ba94-8955f60e81d0,1c02ae6f-4492-4915-b8f8-7492a3b1e4cd,810e96e4-e456-4468-9b59-f4e8f39732c0,efe8e2a3-eace-427b-b4f1-cb8a937ec77d,e9aa9a3e-5b2b-4ac7-a2c7-073de2b2b24f,8bbdbcdd-5cd4-4100-b6d5-b7c9625b6107,50f4348b-c883-4e2f-8f11-ce233b859fa1,fda095cb-831d-4601-ad94-846013963de8,f92806d7-1768-443f-afe8-12bcde84d0f0,dd3a144d-ab7f-41f0-82b8-2e43a090d496,f0416e68-0200-4b77-a926-4f9d16e494da,970b0598-bcb0-4714-91fb-2e81440dccd8,bcd64cc6-2dd9-43f6-abbe-66318d332032,d930590d-bb92-4cc8-8bd1-23cd027f9edf,a3cd009f-0ab0-420d-9278-b9fdab939bbc,6a2d0734-bd9e-4ddf-946e-caa52498cb75,c27215d8-6835-4b68-bfbb-bdeac6100c04,b5d6115f-0370-4d7c-aad3-c194cc71cf98,871c3b6c-7379-419d-bda3-794b239ab90d,ff9b0199-ce04-4cfe-86cc-6c719f08d6e4,de1c2107-70c8-4021-8459-6399f24d01c6,cbf30902-517f-40dc-af90-a550bac27cf1,5c601d96-e4c7-4698-991b-7ee674b11079
2026-5-20 14:02:23-debug:   Number of all scripts: 11
2026-5-20 14:02:23-debug: Init bundle root assets success..., progress: 0%
2026-5-20 14:02:23-debug:   Number of other assets: 338
2026-5-20 14:02:23-debug:   Number of all scenes: 2
2026-5-20 14:02:23-debug: // ---- build task 查询 Asset Bundle ---- (4ms)
2026-5-20 14:02:23-debug: [Build Memory track]: 查询 Asset Bundle start:228.78MB, end 228.43MB, increase: -354.40KB
2026-5-20 14:02:23-debug: 查询 Asset Bundle start, progress: 5%
2026-5-20 14:02:23-debug: // ---- build task 查询 Asset Bundle ----
2026-5-20 14:02:23-log: run build task 查询 Asset Bundle success in 4 ms√, progress: 5%
2026-5-20 14:02:23-debug: // ---- build task 查询 Asset Bundle ---- (1ms)
2026-5-20 14:02:23-debug: [Build Memory track]: 查询 Asset Bundle start:228.46MB, end 228.56MB, increase: 105.11KB
2026-5-20 14:02:23-log: run build task 查询 Asset Bundle success in 1 ms√, progress: 10%
2026-5-20 14:02:23-debug: 整理部分构建选项内数据到 settings.json start, progress: 10%
2026-5-20 14:02:23-debug: // ---- build task 整理部分构建选项内数据到 settings.json ----
2026-5-20 14:02:23-debug: // ---- build task 整理部分构建选项内数据到 settings.json ---- (2ms)
2026-5-20 14:02:23-log: run build task 整理部分构建选项内数据到 settings.json success in 2 ms√, progress: 12%
2026-5-20 14:02:23-debug: 填充脚本数据到 settings.json start, progress: 12%
2026-5-20 14:02:23-debug: [Build Memory track]: 整理部分构建选项内数据到 settings.json start:228.59MB, end 228.61MB, increase: 25.13KB
2026-5-20 14:02:23-debug: // ---- build task 填充脚本数据到 settings.json ----
2026-5-20 14:02:23-log: run build task 填充脚本数据到 settings.json success in √, progress: 13%
2026-5-20 14:02:23-debug: 整理部分构建选项内数据到 settings.json start, progress: 13%
2026-5-20 14:02:23-debug: [Build Memory track]: 填充脚本数据到 settings.json start:228.64MB, end 228.65MB, increase: 15.87KB
2026-5-20 14:02:23-debug: // ---- build task 整理部分构建选项内数据到 settings.json ----
2026-5-20 14:02:23-debug: // ---- build task 整理部分构建选项内数据到 settings.json ---- (2ms)
2026-5-20 14:02:23-log: run build task 整理部分构建选项内数据到 settings.json success in 2 ms√, progress: 15%
2026-5-20 14:02:23-debug: [Build Memory track]: 整理部分构建选项内数据到 settings.json start:228.68MB, end 228.05MB, increase: -643.71KB
2026-5-20 14:03:16-debug: refresh db internal success
2026-5-20 14:03:16-debug: refresh db assets success
2026-5-20 14:03:16-debug: Run asset db hook engine-extends:afterRefresh ...
2026-5-20 14:03:16-debug: Run asset db hook engine-extends:afterRefresh success!
2026-5-20 14:03:16-debug: asset-db:refresh-all-database (47ms)
2026-5-20 14:03:16-debug: asset-db:worker-effect-data-processing (1ms)
2026-5-20 14:03:16-debug: asset-db-hook-engine-extends-afterRefresh (1ms)
2026-5-20 14:08:19-debug: refresh db internal success
2026-5-20 14:08:19-debug: %cImport%c: /Users/xiejianfeng/Downloads/Zuma/assets/Script/ZumaCurvePath.tsbackground: #aaff85; color: #000;color: #000;
2026-5-20 14:08:19-debug: refresh db assets success
2026-5-20 14:08:19-debug: Run asset db hook engine-extends:afterRefresh ...
2026-5-20 14:08:19-debug: Run asset db hook engine-extends:afterRefresh success!
2026-5-20 14:08:19-debug: asset-db:refresh-all-database (59ms)
2026-5-20 14:08:19-debug: asset-db:worker-effect-data-processing (1ms)
2026-5-20 14:08:19-debug: asset-db-hook-engine-extends-afterRefresh (2ms)
2026-5-20 14:08:28-debug: refresh db internal success
2026-5-20 14:08:28-debug: %cImport%c: /Users/xiejianfeng/Downloads/Zuma/assets/Script/ZumaCurvePath.tsbackground: #aaff85; color: #000;color: #000;
2026-5-20 14:08:28-debug: refresh db assets success
2026-5-20 14:08:28-debug: Run asset db hook engine-extends:afterRefresh success!
2026-5-20 14:08:28-debug: Run asset db hook engine-extends:afterRefresh ...
2026-5-20 14:08:28-debug: asset-db:refresh-all-database (28ms)
2026-5-20 14:08:28-debug: asset-db:worker-effect-data-processing (2ms)
2026-5-20 14:08:28-debug: asset-db-hook-engine-extends-afterRefresh (3ms)
2026-5-20 14:08:30-debug: Query all assets info in project
2026-5-20 14:08:30-debug: init custom config: keepNodeUuid: false, useCache: true
2026-5-20 14:08:30-debug: Skip compress image, progress: 0%
2026-5-20 14:08:30-debug: Init all bundles start..., progress: 0%
2026-5-20 14:08:30-debug: Num of bundles: 2..., progress: 0%
2026-5-20 14:08:30-debug: 查询 Asset Bundle start, progress: 0%
2026-5-20 14:08:30-debug: // ---- build task 查询 Asset Bundle ----
2026-5-20 14:08:30-debug: Init bundle root assets start..., progress: 0%
2026-5-20 14:08:30-debug: Query preload assets/scripts from cc.config.json: 60f7195c-ec2a-45eb-ba94-8955f60e81d0,1c02ae6f-4492-4915-b8f8-7492a3b1e4cd,810e96e4-e456-4468-9b59-f4e8f39732c0,efe8e2a3-eace-427b-b4f1-cb8a937ec77d,e9aa9a3e-5b2b-4ac7-a2c7-073de2b2b24f,8bbdbcdd-5cd4-4100-b6d5-b7c9625b6107,50f4348b-c883-4e2f-8f11-ce233b859fa1,fda095cb-831d-4601-ad94-846013963de8,f92806d7-1768-443f-afe8-12bcde84d0f0,dd3a144d-ab7f-41f0-82b8-2e43a090d496,f0416e68-0200-4b77-a926-4f9d16e494da,970b0598-bcb0-4714-91fb-2e81440dccd8,bcd64cc6-2dd9-43f6-abbe-66318d332032,d930590d-bb92-4cc8-8bd1-23cd027f9edf,a3cd009f-0ab0-420d-9278-b9fdab939bbc,6a2d0734-bd9e-4ddf-946e-caa52498cb75,c27215d8-6835-4b68-bfbb-bdeac6100c04,b5d6115f-0370-4d7c-aad3-c194cc71cf98,871c3b6c-7379-419d-bda3-794b239ab90d,ff9b0199-ce04-4cfe-86cc-6c719f08d6e4,de1c2107-70c8-4021-8459-6399f24d01c6,cbf30902-517f-40dc-af90-a550bac27cf1,5c601d96-e4c7-4698-991b-7ee674b11079
2026-5-20 14:08:30-debug:   Number of other assets: 338
2026-5-20 14:08:30-debug: Init bundle root assets success..., progress: 0%
2026-5-20 14:08:30-debug:   Number of all scenes: 2
2026-5-20 14:08:30-debug:   Number of all scripts: 11
2026-5-20 14:08:30-debug: // ---- build task 查询 Asset Bundle ---- (4ms)
2026-5-20 14:08:30-debug: 查询 Asset Bundle start, progress: 5%
2026-5-20 14:08:30-debug: [Build Memory track]: 查询 Asset Bundle start:229.68MB, end 229.42MB, increase: -262.41KB
2026-5-20 14:08:30-log: run build task 查询 Asset Bundle success in 4 ms√, progress: 5%
2026-5-20 14:08:30-debug: // ---- build task 查询 Asset Bundle ----
2026-5-20 14:08:30-debug: // ---- build task 查询 Asset Bundle ---- (1ms)
2026-5-20 14:08:30-log: run build task 查询 Asset Bundle success in 1 ms√, progress: 10%
2026-5-20 14:08:30-debug: [Build Memory track]: 查询 Asset Bundle start:229.45MB, end 229.55MB, increase: 107.27KB
2026-5-20 14:08:30-debug: // ---- build task 整理部分构建选项内数据到 settings.json ----
2026-5-20 14:08:30-debug: 整理部分构建选项内数据到 settings.json start, progress: 10%
2026-5-20 14:08:30-debug: // ---- build task 整理部分构建选项内数据到 settings.json ---- (1ms)
2026-5-20 14:08:30-log: run build task 整理部分构建选项内数据到 settings.json success in 1 ms√, progress: 12%
2026-5-20 14:08:30-debug: [Build Memory track]: 整理部分构建选项内数据到 settings.json start:229.58MB, end 229.60MB, increase: 25.07KB
2026-5-20 14:08:30-debug: 填充脚本数据到 settings.json start, progress: 12%
2026-5-20 14:08:30-debug: // ---- build task 填充脚本数据到 settings.json ----
2026-5-20 14:08:30-debug: // ---- build task 填充脚本数据到 settings.json ---- (1ms)
2026-5-20 14:08:30-log: run build task 填充脚本数据到 settings.json success in 1 ms√, progress: 13%
2026-5-20 14:08:30-debug: [Build Memory track]: 填充脚本数据到 settings.json start:229.63MB, end 229.66MB, increase: 24.64KB
2026-5-20 14:08:30-debug: 整理部分构建选项内数据到 settings.json start, progress: 13%
2026-5-20 14:08:30-debug: // ---- build task 整理部分构建选项内数据到 settings.json ----
2026-5-20 14:08:30-debug: // ---- build task 整理部分构建选项内数据到 settings.json ---- (4ms)
2026-5-20 14:08:30-log: run build task 整理部分构建选项内数据到 settings.json success in 4 ms√, progress: 15%
2026-5-20 14:08:30-debug: [Build Memory track]: 整理部分构建选项内数据到 settings.json start:229.68MB, end 229.80MB, increase: 122.78KB
2026-5-20 14:08:56-debug: %cImport%c: /Users/xiejianfeng/Downloads/Zuma/assets/Scene/Map1.scenebackground: #aaff85; color: #000;color: #000;
2026-5-20 14:08:56-debug: asset-db:reimport-assetba60efc0-dcd1-4d9b-a1fc-495b102b261d (5ms)
2026-5-20 14:09:22-debug: Query all assets info in project
2026-5-20 14:09:22-debug: init custom config: keepNodeUuid: false, useCache: true
2026-5-20 14:09:22-debug: Skip compress image, progress: 0%
2026-5-20 14:09:22-debug: Init all bundles start..., progress: 0%
2026-5-20 14:09:22-debug: Num of bundles: 2..., progress: 0%
2026-5-20 14:09:22-debug: 查询 Asset Bundle start, progress: 0%
2026-5-20 14:09:22-debug: // ---- build task 查询 Asset Bundle ----
2026-5-20 14:09:22-debug: Init bundle root assets start..., progress: 0%
2026-5-20 14:09:22-debug: Query preload assets/scripts from cc.config.json: 60f7195c-ec2a-45eb-ba94-8955f60e81d0,1c02ae6f-4492-4915-b8f8-7492a3b1e4cd,810e96e4-e456-4468-9b59-f4e8f39732c0,efe8e2a3-eace-427b-b4f1-cb8a937ec77d,e9aa9a3e-5b2b-4ac7-a2c7-073de2b2b24f,8bbdbcdd-5cd4-4100-b6d5-b7c9625b6107,50f4348b-c883-4e2f-8f11-ce233b859fa1,fda095cb-831d-4601-ad94-846013963de8,f92806d7-1768-443f-afe8-12bcde84d0f0,dd3a144d-ab7f-41f0-82b8-2e43a090d496,f0416e68-0200-4b77-a926-4f9d16e494da,970b0598-bcb0-4714-91fb-2e81440dccd8,bcd64cc6-2dd9-43f6-abbe-66318d332032,d930590d-bb92-4cc8-8bd1-23cd027f9edf,a3cd009f-0ab0-420d-9278-b9fdab939bbc,6a2d0734-bd9e-4ddf-946e-caa52498cb75,c27215d8-6835-4b68-bfbb-bdeac6100c04,b5d6115f-0370-4d7c-aad3-c194cc71cf98,871c3b6c-7379-419d-bda3-794b239ab90d,ff9b0199-ce04-4cfe-86cc-6c719f08d6e4,de1c2107-70c8-4021-8459-6399f24d01c6,cbf30902-517f-40dc-af90-a550bac27cf1,5c601d96-e4c7-4698-991b-7ee674b11079
2026-5-20 14:09:22-debug:   Number of all scenes: 2
2026-5-20 14:09:22-debug:   Number of all scripts: 11
2026-5-20 14:09:22-debug:   Number of other assets: 338
2026-5-20 14:09:22-debug: Init bundle root assets success..., progress: 0%
2026-5-20 14:09:22-log: run build task 查询 Asset Bundle success in 10 ms√, progress: 5%
2026-5-20 14:09:22-debug: 查询 Asset Bundle start, progress: 5%
2026-5-20 14:09:22-debug: // ---- build task 查询 Asset Bundle ----
2026-5-20 14:09:22-debug: [Build Memory track]: 查询 Asset Bundle start:230.14MB, end 229.72MB, increase: -431.36KB
2026-5-20 14:09:22-debug: // ---- build task 查询 Asset Bundle ---- (10ms)
2026-5-20 14:09:22-log: run build task 查询 Asset Bundle success in 3 ms√, progress: 10%
2026-5-20 14:09:22-debug: 整理部分构建选项内数据到 settings.json start, progress: 10%
2026-5-20 14:09:22-debug: // ---- build task 整理部分构建选项内数据到 settings.json ---- (1ms)
2026-5-20 14:09:22-debug: [Build Memory track]: 整理部分构建选项内数据到 settings.json start:229.88MB, end 229.90MB, increase: 21.02KB
2026-5-20 14:09:22-debug: 填充脚本数据到 settings.json start, progress: 12%
2026-5-20 14:09:22-debug: // ---- build task 整理部分构建选项内数据到 settings.json ----
2026-5-20 14:09:22-log: run build task 整理部分构建选项内数据到 settings.json success in 1 ms√, progress: 12%
2026-5-20 14:09:22-debug: // ---- build task 填充脚本数据到 settings.json ---- (1ms)
2026-5-20 14:09:22-log: run build task 填充脚本数据到 settings.json success in 1 ms√, progress: 13%
2026-5-20 14:09:22-debug: [Build Memory track]: 填充脚本数据到 settings.json start:229.93MB, end 229.95MB, increase: 22.48KB
2026-5-20 14:09:22-debug: 整理部分构建选项内数据到 settings.json start, progress: 13%
2026-5-20 14:09:22-debug: // ---- build task 整理部分构建选项内数据到 settings.json ----
2026-5-20 14:09:22-debug: [Build Memory track]: 查询 Asset Bundle start:229.75MB, end 229.86MB, increase: 109.01KB
2026-5-20 14:09:22-debug: // ---- build task 填充脚本数据到 settings.json ----
2026-5-20 14:09:22-debug: // ---- build task 查询 Asset Bundle ---- (3ms)
2026-5-20 14:09:22-debug: // ---- build task 整理部分构建选项内数据到 settings.json ---- (6ms)
2026-5-20 14:09:22-log: run build task 整理部分构建选项内数据到 settings.json success in 6 ms√, progress: 15%
2026-5-20 14:09:22-debug: [Build Memory track]: 整理部分构建选项内数据到 settings.json start:229.98MB, end 230.11MB, increase: 128.32KB
2026-5-20 14:10:05-debug: refresh db internal success
2026-5-20 14:10:05-debug: refresh db assets success
2026-5-20 14:10:05-debug: Run asset db hook engine-extends:afterRefresh ...
2026-5-20 14:10:05-debug: Run asset db hook engine-extends:afterRefresh success!
2026-5-20 14:10:05-debug: asset-db:refresh-all-database (39ms)
2026-5-20 14:10:05-debug: asset-db:worker-effect-data-processing (1ms)
2026-5-20 14:10:05-debug: asset-db-hook-engine-extends-afterRefresh (1ms)
2026-5-20 14:10:07-debug: Query all assets info in project
2026-5-20 14:10:07-debug: init custom config: keepNodeUuid: false, useCache: true
2026-5-20 14:10:07-debug: Skip compress image, progress: 0%
2026-5-20 14:10:07-debug: Init all bundles start..., progress: 0%
2026-5-20 14:10:07-debug: Num of bundles: 2..., progress: 0%
2026-5-20 14:10:07-debug: 查询 Asset Bundle start, progress: 0%
2026-5-20 14:10:07-debug: // ---- build task 查询 Asset Bundle ----
2026-5-20 14:10:07-debug: Init bundle root assets start..., progress: 0%
2026-5-20 14:10:07-debug: Query preload assets/scripts from cc.config.json: 60f7195c-ec2a-45eb-ba94-8955f60e81d0,1c02ae6f-4492-4915-b8f8-7492a3b1e4cd,810e96e4-e456-4468-9b59-f4e8f39732c0,efe8e2a3-eace-427b-b4f1-cb8a937ec77d,e9aa9a3e-5b2b-4ac7-a2c7-073de2b2b24f,8bbdbcdd-5cd4-4100-b6d5-b7c9625b6107,50f4348b-c883-4e2f-8f11-ce233b859fa1,fda095cb-831d-4601-ad94-846013963de8,f92806d7-1768-443f-afe8-12bcde84d0f0,dd3a144d-ab7f-41f0-82b8-2e43a090d496,f0416e68-0200-4b77-a926-4f9d16e494da,970b0598-bcb0-4714-91fb-2e81440dccd8,bcd64cc6-2dd9-43f6-abbe-66318d332032,d930590d-bb92-4cc8-8bd1-23cd027f9edf,a3cd009f-0ab0-420d-9278-b9fdab939bbc,6a2d0734-bd9e-4ddf-946e-caa52498cb75,c27215d8-6835-4b68-bfbb-bdeac6100c04,b5d6115f-0370-4d7c-aad3-c194cc71cf98,871c3b6c-7379-419d-bda3-794b239ab90d,ff9b0199-ce04-4cfe-86cc-6c719f08d6e4,de1c2107-70c8-4021-8459-6399f24d01c6,cbf30902-517f-40dc-af90-a550bac27cf1,5c601d96-e4c7-4698-991b-7ee674b11079
2026-5-20 14:10:07-debug: Init bundle root assets success..., progress: 0%
2026-5-20 14:10:07-debug:   Number of other assets: 338
2026-5-20 14:10:07-debug:   Number of all scripts: 11
2026-5-20 14:10:07-debug:   Number of all scenes: 2
2026-5-20 14:10:07-debug: // ---- build task 查询 Asset Bundle ---- (2ms)
2026-5-20 14:10:07-debug: [Build Memory track]: 查询 Asset Bundle start:230.70MB, end 230.42MB, increase: -284.27KB
2026-5-20 14:10:07-debug: 查询 Asset Bundle start, progress: 5%
2026-5-20 14:10:07-debug: // ---- build task 查询 Asset Bundle ----
2026-5-20 14:10:07-log: run build task 查询 Asset Bundle success in 2 ms√, progress: 5%
2026-5-20 14:10:07-debug: // ---- build task 查询 Asset Bundle ---- (1ms)
2026-5-20 14:10:07-debug: 整理部分构建选项内数据到 settings.json start, progress: 10%
2026-5-20 14:10:07-debug: // ---- build task 整理部分构建选项内数据到 settings.json ----
2026-5-20 14:10:07-debug: [Build Memory track]: 查询 Asset Bundle start:230.45MB, end 230.55MB, increase: 105.21KB
2026-5-20 14:10:07-log: run build task 查询 Asset Bundle success in 1 ms√, progress: 10%
2026-5-20 14:10:07-log: run build task 整理部分构建选项内数据到 settings.json success in √, progress: 12%
2026-5-20 14:10:07-debug: [Build Memory track]: 整理部分构建选项内数据到 settings.json start:230.58MB, end 230.59MB, increase: 16.32KB
2026-5-20 14:10:07-debug: 填充脚本数据到 settings.json start, progress: 12%
2026-5-20 14:10:07-debug: // ---- build task 填充脚本数据到 settings.json ----
2026-5-20 14:10:07-debug: // ---- build task 填充脚本数据到 settings.json ---- (1ms)
2026-5-20 14:10:07-log: run build task 填充脚本数据到 settings.json success in 1 ms√, progress: 13%
2026-5-20 14:10:07-debug: [Build Memory track]: 填充脚本数据到 settings.json start:230.62MB, end 230.64MB, increase: 23.90KB
2026-5-20 14:10:07-debug: 整理部分构建选项内数据到 settings.json start, progress: 13%
2026-5-20 14:10:07-debug: // ---- build task 整理部分构建选项内数据到 settings.json ----
2026-5-20 14:10:07-debug: // ---- build task 整理部分构建选项内数据到 settings.json ---- (3ms)
2026-5-20 14:10:07-log: run build task 整理部分构建选项内数据到 settings.json success in 3 ms√, progress: 15%
2026-5-20 14:10:07-debug: [Build Memory track]: 整理部分构建选项内数据到 settings.json start:230.67MB, end 230.05MB, increase: -628.82KB
2026-5-20 14:11:17-debug: refresh db internal success
2026-5-20 14:11:17-debug: %cImport%c: /Users/xiejianfeng/Downloads/Zuma/assets/Script/BallCollision.tsbackground: #aaff85; color: #000;color: #000;
2026-5-20 14:11:17-debug: refresh db assets success
2026-5-20 14:11:17-debug: Run asset db hook engine-extends:afterRefresh ...
2026-5-20 14:11:17-debug: Run asset db hook engine-extends:afterRefresh success!
2026-5-20 14:11:17-debug: asset-db:refresh-all-database (46ms)
2026-5-20 14:11:17-debug: asset-db:worker-effect-data-processing (2ms)
2026-5-20 14:11:17-debug: asset-db-hook-engine-extends-afterRefresh (2ms)
2026-5-20 14:11:21-debug: Query all assets info in project
2026-5-20 14:11:21-debug: init custom config: keepNodeUuid: false, useCache: true
2026-5-20 14:11:21-debug: Skip compress image, progress: 0%
2026-5-20 14:11:21-debug: Init all bundles start..., progress: 0%
2026-5-20 14:11:21-debug: Num of bundles: 2..., progress: 0%
2026-5-20 14:11:21-debug: 查询 Asset Bundle start, progress: 0%
2026-5-20 14:11:21-debug: // ---- build task 查询 Asset Bundle ----
2026-5-20 14:11:21-debug: Init bundle root assets start..., progress: 0%
2026-5-20 14:11:21-debug: Query preload assets/scripts from cc.config.json: 60f7195c-ec2a-45eb-ba94-8955f60e81d0,1c02ae6f-4492-4915-b8f8-7492a3b1e4cd,810e96e4-e456-4468-9b59-f4e8f39732c0,efe8e2a3-eace-427b-b4f1-cb8a937ec77d,e9aa9a3e-5b2b-4ac7-a2c7-073de2b2b24f,8bbdbcdd-5cd4-4100-b6d5-b7c9625b6107,50f4348b-c883-4e2f-8f11-ce233b859fa1,fda095cb-831d-4601-ad94-846013963de8,f92806d7-1768-443f-afe8-12bcde84d0f0,dd3a144d-ab7f-41f0-82b8-2e43a090d496,f0416e68-0200-4b77-a926-4f9d16e494da,970b0598-bcb0-4714-91fb-2e81440dccd8,bcd64cc6-2dd9-43f6-abbe-66318d332032,d930590d-bb92-4cc8-8bd1-23cd027f9edf,a3cd009f-0ab0-420d-9278-b9fdab939bbc,6a2d0734-bd9e-4ddf-946e-caa52498cb75,c27215d8-6835-4b68-bfbb-bdeac6100c04,b5d6115f-0370-4d7c-aad3-c194cc71cf98,871c3b6c-7379-419d-bda3-794b239ab90d,ff9b0199-ce04-4cfe-86cc-6c719f08d6e4,de1c2107-70c8-4021-8459-6399f24d01c6,cbf30902-517f-40dc-af90-a550bac27cf1,5c601d96-e4c7-4698-991b-7ee674b11079
2026-5-20 14:11:21-debug:   Number of all scenes: 2
2026-5-20 14:11:21-debug:   Number of other assets: 338
2026-5-20 14:11:21-debug:   Number of all scripts: 11
2026-5-20 14:11:21-debug: Init bundle root assets success..., progress: 0%
2026-5-20 14:11:21-debug: // ---- build task 查询 Asset Bundle ---- (8ms)
2026-5-20 14:11:21-debug: [Build Memory track]: 查询 Asset Bundle start:230.96MB, end 230.55MB, increase: -421.61KB
2026-5-20 14:11:21-debug: 查询 Asset Bundle start, progress: 5%
2026-5-20 14:11:21-debug: // ---- build task 查询 Asset Bundle ----
2026-5-20 14:11:21-log: run build task 查询 Asset Bundle success in 8 ms√, progress: 5%
2026-5-20 14:11:21-debug: // ---- build task 查询 Asset Bundle ---- (2ms)
2026-5-20 14:11:21-log: run build task 查询 Asset Bundle success in 2 ms√, progress: 10%
2026-5-20 14:11:21-debug: [Build Memory track]: 查询 Asset Bundle start:230.58MB, end 230.68MB, increase: 106.41KB
2026-5-20 14:11:21-debug: 整理部分构建选项内数据到 settings.json start, progress: 10%
2026-5-20 14:11:21-debug: // ---- build task 整理部分构建选项内数据到 settings.json ----
2026-5-20 14:11:21-log: run build task 整理部分构建选项内数据到 settings.json success in √, progress: 12%
2026-5-20 14:11:21-debug: [Build Memory track]: 整理部分构建选项内数据到 settings.json start:230.71MB, end 230.73MB, increase: 17.32KB
2026-5-20 14:11:21-debug: 填充脚本数据到 settings.json start, progress: 12%
2026-5-20 14:11:21-debug: // ---- build task 填充脚本数据到 settings.json ----
2026-5-20 14:11:21-debug: // ---- build task 填充脚本数据到 settings.json ---- (1ms)
2026-5-20 14:11:21-log: run build task 填充脚本数据到 settings.json success in 1 ms√, progress: 13%
2026-5-20 14:11:21-debug: [Build Memory track]: 填充脚本数据到 settings.json start:230.75MB, end 230.78MB, increase: 23.83KB
2026-5-20 14:11:21-debug: 整理部分构建选项内数据到 settings.json start, progress: 13%
2026-5-20 14:11:21-debug: // ---- build task 整理部分构建选项内数据到 settings.json ----
2026-5-20 14:11:21-debug: // ---- build task 整理部分构建选项内数据到 settings.json ---- (3ms)
2026-5-20 14:11:21-log: run build task 整理部分构建选项内数据到 settings.json success in 3 ms√, progress: 15%
2026-5-20 14:11:21-debug: [Build Memory track]: 整理部分构建选项内数据到 settings.json start:230.80MB, end 230.93MB, increase: 127.27KB
2026-5-20 14:11:41-debug: Query all assets info in project
2026-5-20 14:11:41-debug: init custom config: keepNodeUuid: false, useCache: true
2026-5-20 14:11:41-debug: Skip compress image, progress: 0%
2026-5-20 14:11:41-debug: Init all bundles start..., progress: 0%
2026-5-20 14:11:41-debug: Num of bundles: 2..., progress: 0%
2026-5-20 14:11:42-debug: 查询 Asset Bundle start, progress: 0%
2026-5-20 14:11:42-debug: // ---- build task 查询 Asset Bundle ----
2026-5-20 14:11:42-debug: Init bundle root assets start..., progress: 0%
2026-5-20 14:11:42-debug: Query preload assets/scripts from cc.config.json: 60f7195c-ec2a-45eb-ba94-8955f60e81d0,1c02ae6f-4492-4915-b8f8-7492a3b1e4cd,810e96e4-e456-4468-9b59-f4e8f39732c0,efe8e2a3-eace-427b-b4f1-cb8a937ec77d,e9aa9a3e-5b2b-4ac7-a2c7-073de2b2b24f,8bbdbcdd-5cd4-4100-b6d5-b7c9625b6107,50f4348b-c883-4e2f-8f11-ce233b859fa1,fda095cb-831d-4601-ad94-846013963de8,f92806d7-1768-443f-afe8-12bcde84d0f0,dd3a144d-ab7f-41f0-82b8-2e43a090d496,f0416e68-0200-4b77-a926-4f9d16e494da,970b0598-bcb0-4714-91fb-2e81440dccd8,bcd64cc6-2dd9-43f6-abbe-66318d332032,d930590d-bb92-4cc8-8bd1-23cd027f9edf,a3cd009f-0ab0-420d-9278-b9fdab939bbc,6a2d0734-bd9e-4ddf-946e-caa52498cb75,c27215d8-6835-4b68-bfbb-bdeac6100c04,b5d6115f-0370-4d7c-aad3-c194cc71cf98,871c3b6c-7379-419d-bda3-794b239ab90d,ff9b0199-ce04-4cfe-86cc-6c719f08d6e4,de1c2107-70c8-4021-8459-6399f24d01c6,cbf30902-517f-40dc-af90-a550bac27cf1,5c601d96-e4c7-4698-991b-7ee674b11079
2026-5-20 14:11:42-debug: Init bundle root assets success..., progress: 0%
2026-5-20 14:11:42-debug:   Number of all scripts: 11
2026-5-20 14:11:42-debug:   Number of other assets: 338
2026-5-20 14:11:42-debug:   Number of all scenes: 2
2026-5-20 14:11:42-debug: // ---- build task 查询 Asset Bundle ---- (5ms)
2026-5-20 14:11:42-log: run build task 查询 Asset Bundle success in 5 ms√, progress: 5%
2026-5-20 14:11:42-debug: [Build Memory track]: 查询 Asset Bundle start:231.26MB, end 230.83MB, increase: -437.32KB
2026-5-20 14:11:42-debug: 查询 Asset Bundle start, progress: 5%
2026-5-20 14:11:42-debug: // ---- build task 查询 Asset Bundle ----
2026-5-20 14:11:42-debug: // ---- build task 查询 Asset Bundle ---- (2ms)
2026-5-20 14:11:42-log: run build task 查询 Asset Bundle success in 2 ms√, progress: 10%
2026-5-20 14:11:42-debug: [Build Memory track]: 查询 Asset Bundle start:230.86MB, end 230.96MB, increase: 105.11KB
2026-5-20 14:11:42-debug: 整理部分构建选项内数据到 settings.json start, progress: 10%
2026-5-20 14:11:42-debug: // ---- build task 整理部分构建选项内数据到 settings.json ----
2026-5-20 14:11:42-debug: // ---- build task 整理部分构建选项内数据到 settings.json ---- (1ms)
2026-5-20 14:11:42-log: run build task 整理部分构建选项内数据到 settings.json success in 1 ms√, progress: 12%
2026-5-20 14:11:42-debug: [Build Memory track]: 整理部分构建选项内数据到 settings.json start:230.99MB, end 231.06MB, increase: 76.19KB
2026-5-20 14:11:42-debug: 填充脚本数据到 settings.json start, progress: 12%
2026-5-20 14:11:42-debug: // ---- build task 填充脚本数据到 settings.json ----
2026-5-20 14:11:42-debug: // ---- build task 填充脚本数据到 settings.json ---- (1ms)
2026-5-20 14:11:42-debug: [Build Memory track]: 填充脚本数据到 settings.json start:231.09MB, end 231.07MB, increase: -16.22KB
2026-5-20 14:11:42-debug: 整理部分构建选项内数据到 settings.json start, progress: 13%
2026-5-20 14:11:42-debug: // ---- build task 整理部分构建选项内数据到 settings.json ----
2026-5-20 14:11:42-log: run build task 填充脚本数据到 settings.json success in 1 ms√, progress: 13%
2026-5-20 14:11:42-debug: // ---- build task 整理部分构建选项内数据到 settings.json ---- (2ms)
2026-5-20 14:11:42-log: run build task 整理部分构建选项内数据到 settings.json success in 2 ms√, progress: 15%
2026-5-20 14:11:42-debug: [Build Memory track]: 整理部分构建选项内数据到 settings.json start:231.10MB, end 231.22MB, increase: 122.85KB
2026-5-20 14:11:57-debug: Query all assets info in project
2026-5-20 14:11:57-debug: init custom config: keepNodeUuid: false, useCache: true
2026-5-20 14:11:57-debug: Skip compress image, progress: 0%
2026-5-20 14:11:57-debug: Init all bundles start..., progress: 0%
2026-5-20 14:11:57-debug: Num of bundles: 2..., progress: 0%
2026-5-20 14:11:57-debug: 查询 Asset Bundle start, progress: 0%
2026-5-20 14:11:57-debug: // ---- build task 查询 Asset Bundle ----
2026-5-20 14:11:57-debug: Init bundle root assets start..., progress: 0%
2026-5-20 14:11:57-debug: Query preload assets/scripts from cc.config.json: 60f7195c-ec2a-45eb-ba94-8955f60e81d0,1c02ae6f-4492-4915-b8f8-7492a3b1e4cd,810e96e4-e456-4468-9b59-f4e8f39732c0,efe8e2a3-eace-427b-b4f1-cb8a937ec77d,e9aa9a3e-5b2b-4ac7-a2c7-073de2b2b24f,8bbdbcdd-5cd4-4100-b6d5-b7c9625b6107,50f4348b-c883-4e2f-8f11-ce233b859fa1,fda095cb-831d-4601-ad94-846013963de8,f92806d7-1768-443f-afe8-12bcde84d0f0,dd3a144d-ab7f-41f0-82b8-2e43a090d496,f0416e68-0200-4b77-a926-4f9d16e494da,970b0598-bcb0-4714-91fb-2e81440dccd8,bcd64cc6-2dd9-43f6-abbe-66318d332032,d930590d-bb92-4cc8-8bd1-23cd027f9edf,a3cd009f-0ab0-420d-9278-b9fdab939bbc,6a2d0734-bd9e-4ddf-946e-caa52498cb75,c27215d8-6835-4b68-bfbb-bdeac6100c04,b5d6115f-0370-4d7c-aad3-c194cc71cf98,871c3b6c-7379-419d-bda3-794b239ab90d,ff9b0199-ce04-4cfe-86cc-6c719f08d6e4,de1c2107-70c8-4021-8459-6399f24d01c6,cbf30902-517f-40dc-af90-a550bac27cf1,5c601d96-e4c7-4698-991b-7ee674b11079
2026-5-20 14:11:57-debug: Init bundle root assets success..., progress: 0%
2026-5-20 14:11:57-debug:   Number of all scripts: 11
2026-5-20 14:11:57-debug:   Number of other assets: 338
2026-5-20 14:11:57-debug:   Number of all scenes: 2
2026-5-20 14:11:57-debug: // ---- build task 查询 Asset Bundle ---- (4ms)
2026-5-20 14:11:57-debug: 查询 Asset Bundle start, progress: 5%
2026-5-20 14:11:57-log: run build task 查询 Asset Bundle success in 4 ms√, progress: 5%
2026-5-20 14:11:57-debug: [Build Memory track]: 查询 Asset Bundle start:230.75MB, end 231.28MB, increase: 540.09KB
2026-5-20 14:11:57-debug: // ---- build task 查询 Asset Bundle ----
2026-5-20 14:11:57-debug: // ---- build task 查询 Asset Bundle ---- (2ms)
2026-5-20 14:11:57-log: run build task 查询 Asset Bundle success in 2 ms√, progress: 10%
2026-5-20 14:11:57-debug: [Build Memory track]: 查询 Asset Bundle start:231.31MB, end 230.66MB, increase: -658.71KB
2026-5-20 14:11:57-debug: 整理部分构建选项内数据到 settings.json start, progress: 10%
2026-5-20 14:11:57-debug: // ---- build task 整理部分构建选项内数据到 settings.json ----
2026-5-20 14:11:57-log: run build task 整理部分构建选项内数据到 settings.json success in √, progress: 12%
2026-5-20 14:11:57-debug: [Build Memory track]: 整理部分构建选项内数据到 settings.json start:230.69MB, end 230.71MB, increase: 16.27KB
2026-5-20 14:11:57-debug: 填充脚本数据到 settings.json start, progress: 12%
2026-5-20 14:11:57-debug: // ---- build task 填充脚本数据到 settings.json ----
2026-5-20 14:11:57-log: run build task 填充脚本数据到 settings.json success in √, progress: 13%
2026-5-20 14:11:57-debug: [Build Memory track]: 填充脚本数据到 settings.json start:230.73MB, end 230.75MB, increase: 15.10KB
2026-5-20 14:11:57-debug: 整理部分构建选项内数据到 settings.json start, progress: 13%
2026-5-20 14:11:57-debug: // ---- build task 整理部分构建选项内数据到 settings.json ----
2026-5-20 14:11:57-debug: // ---- build task 整理部分构建选项内数据到 settings.json ---- (3ms)
2026-5-20 14:11:57-debug: [Build Memory track]: 整理部分构建选项内数据到 settings.json start:230.77MB, end 230.90MB, increase: 133.41KB
2026-5-20 14:11:57-log: run build task 整理部分构建选项内数据到 settings.json success in 3 ms√, progress: 15%
2026-5-20 14:12:06-debug: Query all assets info in project
2026-5-20 14:12:06-debug: init custom config: keepNodeUuid: false, useCache: true
2026-5-20 14:12:06-debug: Skip compress image, progress: 0%
2026-5-20 14:12:06-debug: Init all bundles start..., progress: 0%
2026-5-20 14:12:06-debug: Num of bundles: 2..., progress: 0%
2026-5-20 14:12:06-debug: 查询 Asset Bundle start, progress: 0%
2026-5-20 14:12:06-debug: // ---- build task 查询 Asset Bundle ----
2026-5-20 14:12:06-debug: Init bundle root assets start..., progress: 0%
2026-5-20 14:12:06-debug: Query preload assets/scripts from cc.config.json: 60f7195c-ec2a-45eb-ba94-8955f60e81d0,1c02ae6f-4492-4915-b8f8-7492a3b1e4cd,810e96e4-e456-4468-9b59-f4e8f39732c0,efe8e2a3-eace-427b-b4f1-cb8a937ec77d,e9aa9a3e-5b2b-4ac7-a2c7-073de2b2b24f,8bbdbcdd-5cd4-4100-b6d5-b7c9625b6107,50f4348b-c883-4e2f-8f11-ce233b859fa1,fda095cb-831d-4601-ad94-846013963de8,f92806d7-1768-443f-afe8-12bcde84d0f0,dd3a144d-ab7f-41f0-82b8-2e43a090d496,f0416e68-0200-4b77-a926-4f9d16e494da,970b0598-bcb0-4714-91fb-2e81440dccd8,bcd64cc6-2dd9-43f6-abbe-66318d332032,d930590d-bb92-4cc8-8bd1-23cd027f9edf,a3cd009f-0ab0-420d-9278-b9fdab939bbc,6a2d0734-bd9e-4ddf-946e-caa52498cb75,c27215d8-6835-4b68-bfbb-bdeac6100c04,b5d6115f-0370-4d7c-aad3-c194cc71cf98,871c3b6c-7379-419d-bda3-794b239ab90d,ff9b0199-ce04-4cfe-86cc-6c719f08d6e4,de1c2107-70c8-4021-8459-6399f24d01c6,cbf30902-517f-40dc-af90-a550bac27cf1,5c601d96-e4c7-4698-991b-7ee674b11079
2026-5-20 14:12:06-debug: Init bundle root assets success..., progress: 0%
2026-5-20 14:12:06-debug:   Number of all scripts: 11
2026-5-20 14:12:06-debug:   Number of other assets: 338
2026-5-20 14:12:06-debug:   Number of all scenes: 2
2026-5-20 14:12:06-debug: // ---- build task 查询 Asset Bundle ---- (3ms)
2026-5-20 14:12:06-log: run build task 查询 Asset Bundle success in 3 ms√, progress: 5%
2026-5-20 14:12:06-debug: 查询 Asset Bundle start, progress: 5%
2026-5-20 14:12:06-debug: // ---- build task 查询 Asset Bundle ----
2026-5-20 14:12:06-debug: [Build Memory track]: 查询 Asset Bundle start:231.18MB, end 230.78MB, increase: -412.45KB
2026-5-20 14:12:06-debug: // ---- build task 查询 Asset Bundle ---- (1ms)
2026-5-20 14:12:06-debug: // ---- build task 整理部分构建选项内数据到 settings.json ----
2026-5-20 14:12:06-log: run build task 查询 Asset Bundle success in 1 ms√, progress: 10%
2026-5-20 14:12:06-debug: 整理部分构建选项内数据到 settings.json start, progress: 10%
2026-5-20 14:12:06-debug: [Build Memory track]: 查询 Asset Bundle start:230.80MB, end 230.91MB, increase: 105.93KB
2026-5-20 14:12:06-log: run build task 整理部分构建选项内数据到 settings.json success in √, progress: 12%
2026-5-20 14:12:06-debug: [Build Memory track]: 整理部分构建选项内数据到 settings.json start:230.93MB, end 230.95MB, increase: 16.36KB
2026-5-20 14:12:06-debug: 填充脚本数据到 settings.json start, progress: 12%
2026-5-20 14:12:06-debug: // ---- build task 填充脚本数据到 settings.json ----
2026-5-20 14:12:06-debug: // ---- build task 填充脚本数据到 settings.json ---- (1ms)
2026-5-20 14:12:06-log: run build task 填充脚本数据到 settings.json success in 1 ms√, progress: 13%
2026-5-20 14:12:06-debug: // ---- build task 整理部分构建选项内数据到 settings.json ----
2026-5-20 14:12:06-debug: 整理部分构建选项内数据到 settings.json start, progress: 13%
2026-5-20 14:12:06-debug: [Build Memory track]: 填充脚本数据到 settings.json start:230.98MB, end 231.00MB, increase: 23.76KB
2026-5-20 14:12:06-debug: // ---- build task 整理部分构建选项内数据到 settings.json ---- (3ms)
2026-5-20 14:12:06-log: run build task 整理部分构建选项内数据到 settings.json success in 3 ms√, progress: 15%
2026-5-20 14:12:06-debug: [Build Memory track]: 整理部分构建选项内数据到 settings.json start:231.03MB, end 231.15MB, increase: 122.77KB
2026-5-20 14:13:26-debug: refresh db internal success
2026-5-20 14:13:26-debug: %cImport%c: /Users/xiejianfeng/Downloads/Zuma/assets/Script/ZumaCurvePath.tsbackground: #aaff85; color: #000;color: #000;
2026-5-20 14:13:26-debug: refresh db assets success
2026-5-20 14:13:26-debug: Run asset db hook engine-extends:afterRefresh ...
2026-5-20 14:13:26-debug: Run asset db hook engine-extends:afterRefresh success!
2026-5-20 14:13:26-debug: asset-db:refresh-all-database (42ms)
2026-5-20 14:13:26-debug: asset-db:worker-effect-data-processing (4ms)
2026-5-20 14:13:26-debug: asset-db-hook-engine-extends-afterRefresh (4ms)
2026-5-20 14:13:29-debug: Query all assets info in project
2026-5-20 14:13:29-debug: init custom config: keepNodeUuid: false, useCache: true
2026-5-20 14:13:29-debug: Skip compress image, progress: 0%
2026-5-20 14:13:29-debug: Init all bundles start..., progress: 0%
2026-5-20 14:13:29-debug: Init bundle root assets start..., progress: 0%
2026-5-20 14:13:29-debug: 查询 Asset Bundle start, progress: 0%
2026-5-20 14:13:29-debug: // ---- build task 查询 Asset Bundle ----
2026-5-20 14:13:29-debug: Num of bundles: 2..., progress: 0%
2026-5-20 14:13:29-debug: Query preload assets/scripts from cc.config.json: 60f7195c-ec2a-45eb-ba94-8955f60e81d0,1c02ae6f-4492-4915-b8f8-7492a3b1e4cd,810e96e4-e456-4468-9b59-f4e8f39732c0,efe8e2a3-eace-427b-b4f1-cb8a937ec77d,e9aa9a3e-5b2b-4ac7-a2c7-073de2b2b24f,8bbdbcdd-5cd4-4100-b6d5-b7c9625b6107,50f4348b-c883-4e2f-8f11-ce233b859fa1,fda095cb-831d-4601-ad94-846013963de8,f92806d7-1768-443f-afe8-12bcde84d0f0,dd3a144d-ab7f-41f0-82b8-2e43a090d496,f0416e68-0200-4b77-a926-4f9d16e494da,970b0598-bcb0-4714-91fb-2e81440dccd8,bcd64cc6-2dd9-43f6-abbe-66318d332032,d930590d-bb92-4cc8-8bd1-23cd027f9edf,a3cd009f-0ab0-420d-9278-b9fdab939bbc,6a2d0734-bd9e-4ddf-946e-caa52498cb75,c27215d8-6835-4b68-bfbb-bdeac6100c04,b5d6115f-0370-4d7c-aad3-c194cc71cf98,871c3b6c-7379-419d-bda3-794b239ab90d,ff9b0199-ce04-4cfe-86cc-6c719f08d6e4,de1c2107-70c8-4021-8459-6399f24d01c6,cbf30902-517f-40dc-af90-a550bac27cf1,5c601d96-e4c7-4698-991b-7ee674b11079
2026-5-20 14:13:29-debug: Init bundle root assets success..., progress: 0%
2026-5-20 14:13:29-debug:   Number of all scenes: 2
2026-5-20 14:13:29-debug:   Number of other assets: 338
2026-5-20 14:13:29-debug:   Number of all scripts: 11
2026-5-20 14:13:29-debug: // ---- build task 查询 Asset Bundle ---- (3ms)
2026-5-20 14:13:29-log: run build task 查询 Asset Bundle success in 3 ms√, progress: 5%
2026-5-20 14:13:29-debug: [Build Memory track]: 查询 Asset Bundle start:231.70MB, end 231.37MB, increase: -335.68KB
2026-5-20 14:13:29-debug: 查询 Asset Bundle start, progress: 5%
2026-5-20 14:13:29-debug: // ---- build task 查询 Asset Bundle ----
2026-5-20 14:13:29-debug: // ---- build task 查询 Asset Bundle ---- (2ms)
2026-5-20 14:13:29-log: run build task 查询 Asset Bundle success in 2 ms√, progress: 10%
2026-5-20 14:13:29-debug: [Build Memory track]: 查询 Asset Bundle start:231.40MB, end 231.50MB, increase: 106.30KB
2026-5-20 14:13:29-debug: 整理部分构建选项内数据到 settings.json start, progress: 10%
2026-5-20 14:13:29-debug: // ---- build task 整理部分构建选项内数据到 settings.json ----
2026-5-20 14:13:29-debug: // ---- build task 整理部分构建选项内数据到 settings.json ---- (1ms)
2026-5-20 14:13:29-log: run build task 整理部分构建选项内数据到 settings.json success in 1 ms√, progress: 12%
2026-5-20 14:13:29-debug: [Build Memory track]: 整理部分构建选项内数据到 settings.json start:231.53MB, end 231.55MB, increase: 25.10KB
2026-5-20 14:13:29-debug: 填充脚本数据到 settings.json start, progress: 12%
2026-5-20 14:13:29-debug: // ---- build task 填充脚本数据到 settings.json ----
2026-5-20 14:13:29-debug: // ---- build task 填充脚本数据到 settings.json ---- (1ms)
2026-5-20 14:13:29-log: run build task 填充脚本数据到 settings.json success in 1 ms√, progress: 13%
2026-5-20 14:13:29-debug: // ---- build task 整理部分构建选项内数据到 settings.json ----
2026-5-20 14:13:29-debug: [Build Memory track]: 填充脚本数据到 settings.json start:231.58MB, end 231.60MB, increase: 24.62KB
2026-5-20 14:13:29-debug: 整理部分构建选项内数据到 settings.json start, progress: 13%
2026-5-20 14:13:29-debug: // ---- build task 整理部分构建选项内数据到 settings.json ---- (2ms)
2026-5-20 14:13:29-log: run build task 整理部分构建选项内数据到 settings.json success in 2 ms√, progress: 15%
2026-5-20 14:13:29-debug: [Build Memory track]: 整理部分构建选项内数据到 settings.json start:231.63MB, end 231.75MB, increase: 122.75KB
2026-5-20 14:14:01-debug: refresh db internal success
2026-5-20 14:14:01-debug: refresh db assets success
2026-5-20 14:14:01-debug: Run asset db hook engine-extends:afterRefresh success!
2026-5-20 14:14:01-debug: Run asset db hook engine-extends:afterRefresh ...
2026-5-20 14:14:01-debug: asset-db:refresh-all-database (47ms)
2026-5-20 14:14:01-debug: asset-db:worker-effect-data-processing (2ms)
2026-5-20 14:14:01-debug: asset-db-hook-engine-extends-afterRefresh (2ms)
2026-5-20 14:14:09-debug: refresh db internal success
2026-5-20 14:14:09-debug: refresh db assets success
2026-5-20 14:14:09-debug: Run asset db hook engine-extends:afterRefresh ...
2026-5-20 14:14:09-debug: Run asset db hook engine-extends:afterRefresh success!
2026-5-20 14:14:09-debug: asset-db:refresh-all-database (40ms)
2026-5-20 14:14:09-debug: asset-db:worker-effect-data-processing (1ms)
2026-5-20 14:14:09-debug: asset-db-hook-engine-extends-afterRefresh (1ms)
2026-5-20 14:14:10-debug: Query all assets info in project
2026-5-20 14:14:10-debug: init custom config: keepNodeUuid: false, useCache: true
2026-5-20 14:14:10-debug: Skip compress image, progress: 0%
2026-5-20 14:14:10-debug: Init all bundles start..., progress: 0%
2026-5-20 14:14:10-debug: Num of bundles: 2..., progress: 0%
2026-5-20 14:14:10-debug: 查询 Asset Bundle start, progress: 0%
2026-5-20 14:14:10-debug: // ---- build task 查询 Asset Bundle ----
2026-5-20 14:14:10-debug: Init bundle root assets start..., progress: 0%
2026-5-20 14:14:10-debug: Query preload assets/scripts from cc.config.json: 60f7195c-ec2a-45eb-ba94-8955f60e81d0,1c02ae6f-4492-4915-b8f8-7492a3b1e4cd,810e96e4-e456-4468-9b59-f4e8f39732c0,efe8e2a3-eace-427b-b4f1-cb8a937ec77d,e9aa9a3e-5b2b-4ac7-a2c7-073de2b2b24f,8bbdbcdd-5cd4-4100-b6d5-b7c9625b6107,50f4348b-c883-4e2f-8f11-ce233b859fa1,fda095cb-831d-4601-ad94-846013963de8,f92806d7-1768-443f-afe8-12bcde84d0f0,dd3a144d-ab7f-41f0-82b8-2e43a090d496,f0416e68-0200-4b77-a926-4f9d16e494da,970b0598-bcb0-4714-91fb-2e81440dccd8,bcd64cc6-2dd9-43f6-abbe-66318d332032,d930590d-bb92-4cc8-8bd1-23cd027f9edf,a3cd009f-0ab0-420d-9278-b9fdab939bbc,6a2d0734-bd9e-4ddf-946e-caa52498cb75,c27215d8-6835-4b68-bfbb-bdeac6100c04,b5d6115f-0370-4d7c-aad3-c194cc71cf98,871c3b6c-7379-419d-bda3-794b239ab90d,ff9b0199-ce04-4cfe-86cc-6c719f08d6e4,de1c2107-70c8-4021-8459-6399f24d01c6,cbf30902-517f-40dc-af90-a550bac27cf1,5c601d96-e4c7-4698-991b-7ee674b11079
2026-5-20 14:14:10-debug: Init bundle root assets success..., progress: 0%
2026-5-20 14:14:10-debug:   Number of all scripts: 11
2026-5-20 14:14:10-debug:   Number of other assets: 338
2026-5-20 14:14:10-debug:   Number of all scenes: 2
2026-5-20 14:14:10-debug: // ---- build task 查询 Asset Bundle ---- (4ms)
2026-5-20 14:14:10-debug: [Build Memory track]: 查询 Asset Bundle start:233.09MB, end 232.80MB, increase: -297.69KB
2026-5-20 14:14:10-debug: 查询 Asset Bundle start, progress: 5%
2026-5-20 14:14:10-debug: // ---- build task 查询 Asset Bundle ----
2026-5-20 14:14:10-log: run build task 查询 Asset Bundle success in 4 ms√, progress: 5%
2026-5-20 14:14:10-debug: // ---- build task 查询 Asset Bundle ---- (1ms)
2026-5-20 14:14:10-log: run build task 查询 Asset Bundle success in 1 ms√, progress: 10%
2026-5-20 14:14:10-debug: [Build Memory track]: 查询 Asset Bundle start:232.83MB, end 232.93MB, increase: 105.09KB
2026-5-20 14:14:10-debug: 整理部分构建选项内数据到 settings.json start, progress: 10%
2026-5-20 14:14:10-debug: // ---- build task 整理部分构建选项内数据到 settings.json ----
2026-5-20 14:14:10-debug: // ---- build task 整理部分构建选项内数据到 settings.json ---- (1ms)
2026-5-20 14:14:10-log: run build task 整理部分构建选项内数据到 settings.json success in 1 ms√, progress: 12%
2026-5-20 14:14:10-debug: [Build Memory track]: 整理部分构建选项内数据到 settings.json start:232.96MB, end 232.98MB, increase: 25.03KB
2026-5-20 14:14:10-debug: 填充脚本数据到 settings.json start, progress: 12%
2026-5-20 14:14:10-debug: // ---- build task 填充脚本数据到 settings.json ----
2026-5-20 14:14:10-debug: // ---- build task 填充脚本数据到 settings.json ---- (1ms)
2026-5-20 14:14:10-log: run build task 填充脚本数据到 settings.json success in 1 ms√, progress: 13%
2026-5-20 14:14:10-debug: [Build Memory track]: 填充脚本数据到 settings.json start:233.01MB, end 233.03MB, increase: 25.84KB
2026-5-20 14:14:10-debug: // ---- build task 整理部分构建选项内数据到 settings.json ----
2026-5-20 14:14:10-debug: 整理部分构建选项内数据到 settings.json start, progress: 13%
2026-5-20 14:14:10-debug: // ---- build task 整理部分构建选项内数据到 settings.json ---- (2ms)
2026-5-20 14:14:10-log: run build task 整理部分构建选项内数据到 settings.json success in 2 ms√, progress: 15%
2026-5-20 14:14:10-debug: [Build Memory track]: 整理部分构建选项内数据到 settings.json start:233.06MB, end 232.43MB, increase: -646.09KB
2026-5-20 14:17:06-debug: refresh db internal success
2026-5-20 14:17:06-debug: %cImport%c: /Users/xiejianfeng/Downloads/Zuma/assets/Script/ZumaCurvePath.tsbackground: #aaff85; color: #000;color: #000;
2026-5-20 14:17:06-debug: refresh db assets success
2026-5-20 14:17:06-debug: Run asset db hook engine-extends:afterRefresh ...
2026-5-20 14:17:06-debug: Run asset db hook engine-extends:afterRefresh success!
2026-5-20 14:17:06-debug: asset-db:worker-effect-data-processing (2ms)
2026-5-20 14:17:06-debug: asset-db:refresh-all-database (62ms)
2026-5-20 14:17:06-debug: asset-db-hook-engine-extends-afterRefresh (2ms)
2026-5-20 14:17:09-debug: Query all assets info in project
2026-5-20 14:17:09-debug: init custom config: keepNodeUuid: false, useCache: true
2026-5-20 14:17:09-debug: Skip compress image, progress: 0%
2026-5-20 14:17:09-debug: Init all bundles start..., progress: 0%
2026-5-20 14:17:09-debug: Init bundle root assets start..., progress: 0%
2026-5-20 14:17:09-debug: 查询 Asset Bundle start, progress: 0%
2026-5-20 14:17:09-debug: // ---- build task 查询 Asset Bundle ----
2026-5-20 14:17:09-debug: Num of bundles: 2..., progress: 0%
2026-5-20 14:17:09-debug: Query preload assets/scripts from cc.config.json: 60f7195c-ec2a-45eb-ba94-8955f60e81d0,1c02ae6f-4492-4915-b8f8-7492a3b1e4cd,810e96e4-e456-4468-9b59-f4e8f39732c0,efe8e2a3-eace-427b-b4f1-cb8a937ec77d,e9aa9a3e-5b2b-4ac7-a2c7-073de2b2b24f,8bbdbcdd-5cd4-4100-b6d5-b7c9625b6107,50f4348b-c883-4e2f-8f11-ce233b859fa1,fda095cb-831d-4601-ad94-846013963de8,f92806d7-1768-443f-afe8-12bcde84d0f0,dd3a144d-ab7f-41f0-82b8-2e43a090d496,f0416e68-0200-4b77-a926-4f9d16e494da,970b0598-bcb0-4714-91fb-2e81440dccd8,bcd64cc6-2dd9-43f6-abbe-66318d332032,d930590d-bb92-4cc8-8bd1-23cd027f9edf,a3cd009f-0ab0-420d-9278-b9fdab939bbc,6a2d0734-bd9e-4ddf-946e-caa52498cb75,c27215d8-6835-4b68-bfbb-bdeac6100c04,b5d6115f-0370-4d7c-aad3-c194cc71cf98,871c3b6c-7379-419d-bda3-794b239ab90d,ff9b0199-ce04-4cfe-86cc-6c719f08d6e4,de1c2107-70c8-4021-8459-6399f24d01c6,cbf30902-517f-40dc-af90-a550bac27cf1,5c601d96-e4c7-4698-991b-7ee674b11079
2026-5-20 14:17:09-debug:   Number of other assets: 338
2026-5-20 14:17:09-debug:   Number of all scripts: 11
2026-5-20 14:17:09-debug:   Number of all scenes: 2
2026-5-20 14:17:09-debug: Init bundle root assets success..., progress: 0%
2026-5-20 14:17:09-debug: // ---- build task 查询 Asset Bundle ---- (3ms)
2026-5-20 14:17:09-debug: [Build Memory track]: 查询 Asset Bundle start:232.95MB, end 232.70MB, increase: -258.91KB
2026-5-20 14:17:09-debug: 查询 Asset Bundle start, progress: 5%
2026-5-20 14:17:09-log: run build task 查询 Asset Bundle success in 3 ms√, progress: 5%
2026-5-20 14:17:09-debug: // ---- build task 查询 Asset Bundle ----
2026-5-20 14:17:09-log: run build task 查询 Asset Bundle success in 2 ms√, progress: 10%
2026-5-20 14:17:09-debug: // ---- build task 整理部分构建选项内数据到 settings.json ----
2026-5-20 14:17:09-debug: 整理部分构建选项内数据到 settings.json start, progress: 10%
2026-5-20 14:17:09-debug: // ---- build task 查询 Asset Bundle ---- (2ms)
2026-5-20 14:17:09-debug: [Build Memory track]: 查询 Asset Bundle start:232.72MB, end 232.83MB, increase: 105.07KB
2026-5-20 14:17:09-log: run build task 整理部分构建选项内数据到 settings.json success in √, progress: 12%
2026-5-20 14:17:09-debug: [Build Memory track]: 整理部分构建选项内数据到 settings.json start:232.85MB, end 232.87MB, increase: 16.10KB
2026-5-20 14:17:09-debug: // ---- build task 填充脚本数据到 settings.json ----
2026-5-20 14:17:09-debug: 填充脚本数据到 settings.json start, progress: 12%
2026-5-20 14:17:09-log: run build task 填充脚本数据到 settings.json success in √, progress: 13%
2026-5-20 14:17:09-debug: [Build Memory track]: 填充脚本数据到 settings.json start:232.90MB, end 232.91MB, increase: 14.96KB
2026-5-20 14:17:09-debug: // ---- build task 整理部分构建选项内数据到 settings.json ----
2026-5-20 14:17:09-debug: 整理部分构建选项内数据到 settings.json start, progress: 13%
2026-5-20 14:17:09-debug: // ---- build task 整理部分构建选项内数据到 settings.json ---- (3ms)
2026-5-20 14:17:09-log: run build task 整理部分构建选项内数据到 settings.json success in 3 ms√, progress: 15%
2026-5-20 14:17:09-debug: [Build Memory track]: 整理部分构建选项内数据到 settings.json start:232.94MB, end 233.06MB, increase: 121.78KB
2026-5-20 14:17:17-debug: Query all assets info in project
2026-5-20 14:17:17-debug: init custom config: keepNodeUuid: false, useCache: true
2026-5-20 14:17:17-debug: Skip compress image, progress: 0%
2026-5-20 14:17:17-debug: Init all bundles start..., progress: 0%
2026-5-20 14:17:17-debug: Num of bundles: 2..., progress: 0%
2026-5-20 14:17:17-debug: 查询 Asset Bundle start, progress: 0%
2026-5-20 14:17:17-debug: // ---- build task 查询 Asset Bundle ----
2026-5-20 14:17:17-debug: Init bundle root assets start..., progress: 0%
2026-5-20 14:17:17-debug: Query preload assets/scripts from cc.config.json: 60f7195c-ec2a-45eb-ba94-8955f60e81d0,1c02ae6f-4492-4915-b8f8-7492a3b1e4cd,810e96e4-e456-4468-9b59-f4e8f39732c0,efe8e2a3-eace-427b-b4f1-cb8a937ec77d,e9aa9a3e-5b2b-4ac7-a2c7-073de2b2b24f,8bbdbcdd-5cd4-4100-b6d5-b7c9625b6107,50f4348b-c883-4e2f-8f11-ce233b859fa1,fda095cb-831d-4601-ad94-846013963de8,f92806d7-1768-443f-afe8-12bcde84d0f0,dd3a144d-ab7f-41f0-82b8-2e43a090d496,f0416e68-0200-4b77-a926-4f9d16e494da,970b0598-bcb0-4714-91fb-2e81440dccd8,bcd64cc6-2dd9-43f6-abbe-66318d332032,d930590d-bb92-4cc8-8bd1-23cd027f9edf,a3cd009f-0ab0-420d-9278-b9fdab939bbc,6a2d0734-bd9e-4ddf-946e-caa52498cb75,c27215d8-6835-4b68-bfbb-bdeac6100c04,b5d6115f-0370-4d7c-aad3-c194cc71cf98,871c3b6c-7379-419d-bda3-794b239ab90d,ff9b0199-ce04-4cfe-86cc-6c719f08d6e4,de1c2107-70c8-4021-8459-6399f24d01c6,cbf30902-517f-40dc-af90-a550bac27cf1,5c601d96-e4c7-4698-991b-7ee674b11079
2026-5-20 14:17:17-debug:   Number of all scenes: 2
2026-5-20 14:17:17-debug:   Number of all scripts: 11
2026-5-20 14:17:17-debug:   Number of other assets: 338
2026-5-20 14:17:17-debug: Init bundle root assets success..., progress: 0%
2026-5-20 14:17:17-debug: // ---- build task 查询 Asset Bundle ---- (8ms)
2026-5-20 14:17:17-debug: // ---- build task 查询 Asset Bundle ----
2026-5-20 14:17:17-log: run build task 查询 Asset Bundle success in 8 ms√, progress: 5%
2026-5-20 14:17:17-debug: 查询 Asset Bundle start, progress: 5%
2026-5-20 14:17:17-debug: [Build Memory track]: 查询 Asset Bundle start:233.31MB, end 232.89MB, increase: -432.32KB
2026-5-20 14:17:17-debug: // ---- build task 查询 Asset Bundle ---- (2ms)
2026-5-20 14:17:17-log: run build task 查询 Asset Bundle success in 2 ms√, progress: 10%
2026-5-20 14:17:17-debug: [Build Memory track]: 查询 Asset Bundle start:232.91MB, end 233.02MB, increase: 104.99KB
2026-5-20 14:17:17-debug: 整理部分构建选项内数据到 settings.json start, progress: 10%
2026-5-20 14:17:17-debug: // ---- build task 整理部分构建选项内数据到 settings.json ----
2026-5-20 14:17:17-log: run build task 整理部分构建选项内数据到 settings.json success in √, progress: 12%
2026-5-20 14:17:17-debug: 填充脚本数据到 settings.json start, progress: 12%
2026-5-20 14:17:17-debug: // ---- build task 填充脚本数据到 settings.json ----
2026-5-20 14:17:17-debug: [Build Memory track]: 整理部分构建选项内数据到 settings.json start:233.04MB, end 233.06MB, increase: 18.03KB
2026-5-20 14:17:17-debug: // ---- build task 填充脚本数据到 settings.json ---- (1ms)
2026-5-20 14:17:17-debug: // ---- build task 整理部分构建选项内数据到 settings.json ----
2026-5-20 14:17:17-debug: [Build Memory track]: 填充脚本数据到 settings.json start:233.09MB, end 233.11MB, increase: 23.55KB
2026-5-20 14:17:17-debug: 整理部分构建选项内数据到 settings.json start, progress: 13%
2026-5-20 14:17:17-log: run build task 填充脚本数据到 settings.json success in 1 ms√, progress: 13%
2026-5-20 14:17:17-debug: // ---- build task 整理部分构建选项内数据到 settings.json ---- (3ms)
2026-5-20 14:17:17-log: run build task 整理部分构建选项内数据到 settings.json success in 3 ms√, progress: 15%
2026-5-20 14:17:17-debug: [Build Memory track]: 整理部分构建选项内数据到 settings.json start:233.14MB, end 233.27MB, increase: 130.49KB
2026-5-20 14:17:34-debug: Query all assets info in project
2026-5-20 14:17:34-debug: init custom config: keepNodeUuid: false, useCache: true
2026-5-20 14:17:34-debug: Skip compress image, progress: 0%
2026-5-20 14:17:34-debug: Init all bundles start..., progress: 0%
2026-5-20 14:17:34-debug: // ---- build task 查询 Asset Bundle ----
2026-5-20 14:17:34-debug: 查询 Asset Bundle start, progress: 0%
2026-5-20 14:17:34-debug: Init bundle root assets start..., progress: 0%
2026-5-20 14:17:34-debug: Num of bundles: 2..., progress: 0%
2026-5-20 14:17:34-debug: Query preload assets/scripts from cc.config.json: 60f7195c-ec2a-45eb-ba94-8955f60e81d0,1c02ae6f-4492-4915-b8f8-7492a3b1e4cd,810e96e4-e456-4468-9b59-f4e8f39732c0,efe8e2a3-eace-427b-b4f1-cb8a937ec77d,e9aa9a3e-5b2b-4ac7-a2c7-073de2b2b24f,8bbdbcdd-5cd4-4100-b6d5-b7c9625b6107,50f4348b-c883-4e2f-8f11-ce233b859fa1,fda095cb-831d-4601-ad94-846013963de8,f92806d7-1768-443f-afe8-12bcde84d0f0,dd3a144d-ab7f-41f0-82b8-2e43a090d496,f0416e68-0200-4b77-a926-4f9d16e494da,970b0598-bcb0-4714-91fb-2e81440dccd8,bcd64cc6-2dd9-43f6-abbe-66318d332032,d930590d-bb92-4cc8-8bd1-23cd027f9edf,a3cd009f-0ab0-420d-9278-b9fdab939bbc,6a2d0734-bd9e-4ddf-946e-caa52498cb75,c27215d8-6835-4b68-bfbb-bdeac6100c04,b5d6115f-0370-4d7c-aad3-c194cc71cf98,871c3b6c-7379-419d-bda3-794b239ab90d,ff9b0199-ce04-4cfe-86cc-6c719f08d6e4,de1c2107-70c8-4021-8459-6399f24d01c6,cbf30902-517f-40dc-af90-a550bac27cf1,5c601d96-e4c7-4698-991b-7ee674b11079
2026-5-20 14:17:34-debug:   Number of other assets: 338
2026-5-20 14:17:34-debug: Init bundle root assets success..., progress: 0%
2026-5-20 14:17:34-debug:   Number of all scenes: 2
2026-5-20 14:17:34-debug:   Number of all scripts: 11
2026-5-20 14:17:34-debug: // ---- build task 查询 Asset Bundle ---- (7ms)
2026-5-20 14:17:34-log: run build task 查询 Asset Bundle success in 7 ms√, progress: 5%
2026-5-20 14:17:34-debug: // ---- build task 查询 Asset Bundle ----
2026-5-20 14:17:34-debug: [Build Memory track]: 查询 Asset Bundle start:233.59MB, end 233.25MB, increase: -344.08KB
2026-5-20 14:17:34-debug: 查询 Asset Bundle start, progress: 5%
2026-5-20 14:17:34-debug: // ---- build task 查询 Asset Bundle ---- (2ms)
2026-5-20 14:17:34-debug: [Build Memory track]: 查询 Asset Bundle start:233.28MB, end 233.38MB, increase: 104.84KB
2026-5-20 14:17:34-debug: 整理部分构建选项内数据到 settings.json start, progress: 10%
2026-5-20 14:17:34-log: run build task 查询 Asset Bundle success in 2 ms√, progress: 10%
2026-5-20 14:17:34-debug: // ---- build task 整理部分构建选项内数据到 settings.json ----
2026-5-20 14:17:34-log: run build task 整理部分构建选项内数据到 settings.json success in √, progress: 12%
2026-5-20 14:17:34-debug: [Build Memory track]: 整理部分构建选项内数据到 settings.json start:233.41MB, end 233.42MB, increase: 16.05KB
2026-5-20 14:17:34-debug: 填充脚本数据到 settings.json start, progress: 12%
2026-5-20 14:17:34-debug: // ---- build task 填充脚本数据到 settings.json ----
2026-5-20 14:17:34-debug: // ---- build task 填充脚本数据到 settings.json ---- (1ms)
2026-5-20 14:17:34-debug: 整理部分构建选项内数据到 settings.json start, progress: 13%
2026-5-20 14:17:34-debug: [Build Memory track]: 填充脚本数据到 settings.json start:233.45MB, end 233.47MB, increase: 23.76KB
2026-5-20 14:17:34-debug: // ---- build task 整理部分构建选项内数据到 settings.json ----
2026-5-20 14:17:34-log: run build task 填充脚本数据到 settings.json success in 1 ms√, progress: 13%
2026-5-20 14:17:34-debug: // ---- build task 整理部分构建选项内数据到 settings.json ---- (3ms)
2026-5-20 14:17:34-log: run build task 整理部分构建选项内数据到 settings.json success in 3 ms√, progress: 15%
2026-5-20 14:17:34-debug: [Build Memory track]: 整理部分构建选项内数据到 settings.json start:233.50MB, end 232.88MB, increase: -633.04KB
2026-5-20 14:18:18-debug: refresh db internal success
2026-5-20 14:18:18-debug: %cImport%c: /Users/xiejianfeng/Downloads/Zuma/assets/Script/ZumaCurvePath.tsbackground: #aaff85; color: #000;color: #000;
2026-5-20 14:18:18-debug: refresh db assets success
2026-5-20 14:18:18-debug: Run asset db hook engine-extends:afterRefresh ...
2026-5-20 14:18:18-debug: Run asset db hook engine-extends:afterRefresh success!
2026-5-20 14:18:18-debug: asset-db:refresh-all-database (44ms)
2026-5-20 14:18:18-debug: asset-db:worker-effect-data-processing (2ms)
2026-5-20 14:18:18-debug: asset-db-hook-engine-extends-afterRefresh (2ms)
2026-5-20 14:18:20-debug: Query all assets info in project
2026-5-20 14:18:20-debug: init custom config: keepNodeUuid: false, useCache: true
2026-5-20 14:18:20-debug: Skip compress image, progress: 0%
2026-5-20 14:18:20-debug: Init all bundles start..., progress: 0%
2026-5-20 14:18:20-debug: // ---- build task 查询 Asset Bundle ----
2026-5-20 14:18:20-debug: 查询 Asset Bundle start, progress: 0%
2026-5-20 14:18:20-debug: Num of bundles: 2..., progress: 0%
2026-5-20 14:18:20-debug: Init bundle root assets start..., progress: 0%
2026-5-20 14:18:20-debug: Query preload assets/scripts from cc.config.json: 60f7195c-ec2a-45eb-ba94-8955f60e81d0,1c02ae6f-4492-4915-b8f8-7492a3b1e4cd,810e96e4-e456-4468-9b59-f4e8f39732c0,efe8e2a3-eace-427b-b4f1-cb8a937ec77d,e9aa9a3e-5b2b-4ac7-a2c7-073de2b2b24f,8bbdbcdd-5cd4-4100-b6d5-b7c9625b6107,50f4348b-c883-4e2f-8f11-ce233b859fa1,fda095cb-831d-4601-ad94-846013963de8,f92806d7-1768-443f-afe8-12bcde84d0f0,dd3a144d-ab7f-41f0-82b8-2e43a090d496,f0416e68-0200-4b77-a926-4f9d16e494da,970b0598-bcb0-4714-91fb-2e81440dccd8,bcd64cc6-2dd9-43f6-abbe-66318d332032,d930590d-bb92-4cc8-8bd1-23cd027f9edf,a3cd009f-0ab0-420d-9278-b9fdab939bbc,6a2d0734-bd9e-4ddf-946e-caa52498cb75,c27215d8-6835-4b68-bfbb-bdeac6100c04,b5d6115f-0370-4d7c-aad3-c194cc71cf98,871c3b6c-7379-419d-bda3-794b239ab90d,ff9b0199-ce04-4cfe-86cc-6c719f08d6e4,de1c2107-70c8-4021-8459-6399f24d01c6,cbf30902-517f-40dc-af90-a550bac27cf1,5c601d96-e4c7-4698-991b-7ee674b11079
2026-5-20 14:18:20-debug: Init bundle root assets success..., progress: 0%
2026-5-20 14:18:20-debug:   Number of other assets: 338
2026-5-20 14:18:20-debug:   Number of all scripts: 11
2026-5-20 14:18:20-debug:   Number of all scenes: 2
2026-5-20 14:18:20-debug: // ---- build task 查询 Asset Bundle ---- (4ms)
2026-5-20 14:18:20-log: run build task 查询 Asset Bundle success in 4 ms√, progress: 5%
2026-5-20 14:18:20-debug: 查询 Asset Bundle start, progress: 5%
2026-5-20 14:18:20-debug: [Build Memory track]: 查询 Asset Bundle start:233.45MB, end 233.20MB, increase: -258.96KB
2026-5-20 14:18:20-debug: // ---- build task 查询 Asset Bundle ----
2026-5-20 14:18:20-debug: // ---- build task 查询 Asset Bundle ---- (2ms)
2026-5-20 14:18:20-debug: 整理部分构建选项内数据到 settings.json start, progress: 10%
2026-5-20 14:18:20-debug: [Build Memory track]: 查询 Asset Bundle start:233.22MB, end 233.32MB, increase: 104.90KB
2026-5-20 14:18:20-log: run build task 查询 Asset Bundle success in 2 ms√, progress: 10%
2026-5-20 14:18:20-debug: // ---- build task 整理部分构建选项内数据到 settings.json ----
2026-5-20 14:18:20-log: run build task 整理部分构建选项内数据到 settings.json success in √, progress: 12%
2026-5-20 14:18:20-debug: 填充脚本数据到 settings.json start, progress: 12%
2026-5-20 14:18:20-debug: [Build Memory track]: 整理部分构建选项内数据到 settings.json start:233.35MB, end 233.37MB, increase: 16.05KB
2026-5-20 14:18:20-debug: // ---- build task 填充脚本数据到 settings.json ----
2026-5-20 14:18:20-debug: // ---- build task 填充脚本数据到 settings.json ---- (1ms)
2026-5-20 14:18:20-debug: [Build Memory track]: 填充脚本数据到 settings.json start:233.39MB, end 233.42MB, increase: 23.68KB
2026-5-20 14:18:20-log: run build task 填充脚本数据到 settings.json success in 1 ms√, progress: 13%
2026-5-20 14:18:20-debug: // ---- build task 整理部分构建选项内数据到 settings.json ----
2026-5-20 14:18:20-debug: 整理部分构建选项内数据到 settings.json start, progress: 13%
2026-5-20 14:18:20-debug: // ---- build task 整理部分构建选项内数据到 settings.json ---- (4ms)
2026-5-20 14:18:20-log: run build task 整理部分构建选项内数据到 settings.json success in 4 ms√, progress: 15%
2026-5-20 14:18:20-debug: [Build Memory track]: 整理部分构建选项内数据到 settings.json start:233.44MB, end 233.57MB, increase: 123.95KB
2026-5-20 14:18:29-debug: %cImport%c: /Users/xiejianfeng/Downloads/Zuma/assets/Scene/Map1.scenebackground: #aaff85; color: #000;color: #000;
2026-5-20 14:18:29-debug: asset-db:reimport-assetba60efc0-dcd1-4d9b-a1fc-495b102b261d (7ms)
2026-5-20 14:18:30-debug: Query all assets info in project
2026-5-20 14:18:30-debug: init custom config: keepNodeUuid: false, useCache: true
2026-5-20 14:18:30-debug: Skip compress image, progress: 0%
2026-5-20 14:18:30-debug: Init all bundles start..., progress: 0%
2026-5-20 14:18:30-debug: Num of bundles: 2..., progress: 0%
2026-5-20 14:18:30-debug: 查询 Asset Bundle start, progress: 0%
2026-5-20 14:18:30-debug: // ---- build task 查询 Asset Bundle ----
2026-5-20 14:18:30-debug: Init bundle root assets start..., progress: 0%
2026-5-20 14:18:30-debug: Query preload assets/scripts from cc.config.json: 60f7195c-ec2a-45eb-ba94-8955f60e81d0,1c02ae6f-4492-4915-b8f8-7492a3b1e4cd,810e96e4-e456-4468-9b59-f4e8f39732c0,efe8e2a3-eace-427b-b4f1-cb8a937ec77d,e9aa9a3e-5b2b-4ac7-a2c7-073de2b2b24f,8bbdbcdd-5cd4-4100-b6d5-b7c9625b6107,50f4348b-c883-4e2f-8f11-ce233b859fa1,fda095cb-831d-4601-ad94-846013963de8,f92806d7-1768-443f-afe8-12bcde84d0f0,dd3a144d-ab7f-41f0-82b8-2e43a090d496,f0416e68-0200-4b77-a926-4f9d16e494da,970b0598-bcb0-4714-91fb-2e81440dccd8,bcd64cc6-2dd9-43f6-abbe-66318d332032,d930590d-bb92-4cc8-8bd1-23cd027f9edf,a3cd009f-0ab0-420d-9278-b9fdab939bbc,6a2d0734-bd9e-4ddf-946e-caa52498cb75,c27215d8-6835-4b68-bfbb-bdeac6100c04,b5d6115f-0370-4d7c-aad3-c194cc71cf98,871c3b6c-7379-419d-bda3-794b239ab90d,ff9b0199-ce04-4cfe-86cc-6c719f08d6e4,de1c2107-70c8-4021-8459-6399f24d01c6,cbf30902-517f-40dc-af90-a550bac27cf1,5c601d96-e4c7-4698-991b-7ee674b11079
2026-5-20 14:18:30-debug: Init bundle root assets success..., progress: 0%
2026-5-20 14:18:30-debug:   Number of all scenes: 2
2026-5-20 14:18:30-debug:   Number of other assets: 338
2026-5-20 14:18:30-debug:   Number of all scripts: 11
2026-5-20 14:18:30-debug: // ---- build task 查询 Asset Bundle ---- (3ms)
2026-5-20 14:18:30-debug: 查询 Asset Bundle start, progress: 5%
2026-5-20 14:18:30-debug: // ---- build task 查询 Asset Bundle ----
2026-5-20 14:18:30-log: run build task 查询 Asset Bundle success in 3 ms√, progress: 5%
2026-5-20 14:18:30-debug: [Build Memory track]: 查询 Asset Bundle start:233.48MB, end 233.24MB, increase: -250.32KB
2026-5-20 14:18:30-debug: // ---- build task 查询 Asset Bundle ---- (3ms)
2026-5-20 14:18:30-debug: // ---- build task 整理部分构建选项内数据到 settings.json ----
2026-5-20 14:18:30-debug: [Build Memory track]: 查询 Asset Bundle start:233.27MB, end 233.37MB, increase: 104.93KB
2026-5-20 14:18:30-debug: 整理部分构建选项内数据到 settings.json start, progress: 10%
2026-5-20 14:18:30-log: run build task 查询 Asset Bundle success in 3 ms√, progress: 10%
2026-5-20 14:18:30-log: run build task 整理部分构建选项内数据到 settings.json success in √, progress: 12%
2026-5-20 14:18:30-debug: [Build Memory track]: 整理部分构建选项内数据到 settings.json start:233.40MB, end 233.41MB, increase: 16.06KB
2026-5-20 14:18:30-debug: 填充脚本数据到 settings.json start, progress: 12%
2026-5-20 14:18:30-debug: // ---- build task 填充脚本数据到 settings.json ----
2026-5-20 14:18:30-log: run build task 填充脚本数据到 settings.json success in √, progress: 13%
2026-5-20 14:18:30-debug: [Build Memory track]: 填充脚本数据到 settings.json start:233.44MB, end 233.45MB, increase: 14.92KB
2026-5-20 14:18:30-debug: 整理部分构建选项内数据到 settings.json start, progress: 13%
2026-5-20 14:18:30-debug: // ---- build task 整理部分构建选项内数据到 settings.json ----
2026-5-20 14:18:30-log: run build task 整理部分构建选项内数据到 settings.json success in 3 ms√, progress: 15%
2026-5-20 14:18:30-debug: // ---- build task 整理部分构建选项内数据到 settings.json ---- (3ms)
2026-5-20 14:18:30-debug: [Build Memory track]: 整理部分构建选项内数据到 settings.json start:233.48MB, end 233.74MB, increase: 265.45KB
2026-5-20 14:18:42-debug: Query all assets info in project
2026-5-20 14:18:42-debug: init custom config: keepNodeUuid: false, useCache: true
2026-5-20 14:18:42-debug: Skip compress image, progress: 0%
2026-5-20 14:18:42-debug: Init all bundles start..., progress: 0%
2026-5-20 14:18:42-debug: Num of bundles: 2..., progress: 0%
2026-5-20 14:18:42-debug: // ---- build task 查询 Asset Bundle ----
2026-5-20 14:18:42-debug: Init bundle root assets start..., progress: 0%
2026-5-20 14:18:42-debug: 查询 Asset Bundle start, progress: 0%
2026-5-20 14:18:42-debug: Query preload assets/scripts from cc.config.json: 60f7195c-ec2a-45eb-ba94-8955f60e81d0,1c02ae6f-4492-4915-b8f8-7492a3b1e4cd,810e96e4-e456-4468-9b59-f4e8f39732c0,efe8e2a3-eace-427b-b4f1-cb8a937ec77d,e9aa9a3e-5b2b-4ac7-a2c7-073de2b2b24f,8bbdbcdd-5cd4-4100-b6d5-b7c9625b6107,50f4348b-c883-4e2f-8f11-ce233b859fa1,fda095cb-831d-4601-ad94-846013963de8,f92806d7-1768-443f-afe8-12bcde84d0f0,dd3a144d-ab7f-41f0-82b8-2e43a090d496,f0416e68-0200-4b77-a926-4f9d16e494da,970b0598-bcb0-4714-91fb-2e81440dccd8,bcd64cc6-2dd9-43f6-abbe-66318d332032,d930590d-bb92-4cc8-8bd1-23cd027f9edf,a3cd009f-0ab0-420d-9278-b9fdab939bbc,6a2d0734-bd9e-4ddf-946e-caa52498cb75,c27215d8-6835-4b68-bfbb-bdeac6100c04,b5d6115f-0370-4d7c-aad3-c194cc71cf98,871c3b6c-7379-419d-bda3-794b239ab90d,ff9b0199-ce04-4cfe-86cc-6c719f08d6e4,de1c2107-70c8-4021-8459-6399f24d01c6,cbf30902-517f-40dc-af90-a550bac27cf1,5c601d96-e4c7-4698-991b-7ee674b11079
2026-5-20 14:18:42-debug: Init bundle root assets success..., progress: 0%
2026-5-20 14:18:42-debug:   Number of all scripts: 11
2026-5-20 14:18:42-debug:   Number of other assets: 338
2026-5-20 14:18:42-debug:   Number of all scenes: 2
2026-5-20 14:18:42-debug: // ---- build task 查询 Asset Bundle ---- (5ms)
2026-5-20 14:18:42-log: run build task 查询 Asset Bundle success in 5 ms√, progress: 5%
2026-5-20 14:18:42-debug: [Build Memory track]: 查询 Asset Bundle start:233.87MB, end 233.47MB, increase: -418.07KB
2026-5-20 14:18:42-debug: 查询 Asset Bundle start, progress: 5%
2026-5-20 14:18:42-debug: // ---- build task 查询 Asset Bundle ----
2026-5-20 14:18:42-debug: // ---- build task 查询 Asset Bundle ---- (1ms)
2026-5-20 14:18:42-debug: // ---- build task 整理部分构建选项内数据到 settings.json ----
2026-5-20 14:18:42-debug: [Build Memory track]: 查询 Asset Bundle start:233.49MB, end 233.59MB, increase: 104.98KB
2026-5-20 14:18:42-debug: 整理部分构建选项内数据到 settings.json start, progress: 10%
2026-5-20 14:18:42-log: run build task 查询 Asset Bundle success in 1 ms√, progress: 10%
2026-5-20 14:18:42-log: run build task 整理部分构建选项内数据到 settings.json success in √, progress: 12%
2026-5-20 14:18:42-debug: [Build Memory track]: 整理部分构建选项内数据到 settings.json start:233.62MB, end 233.64MB, increase: 16.09KB
2026-5-20 14:18:42-debug: 填充脚本数据到 settings.json start, progress: 12%
2026-5-20 14:18:42-debug: // ---- build task 填充脚本数据到 settings.json ----
2026-5-20 14:18:42-debug: // ---- build task 填充脚本数据到 settings.json ---- (1ms)
2026-5-20 14:18:42-log: run build task 填充脚本数据到 settings.json success in 1 ms√, progress: 13%
2026-5-20 14:18:42-debug: [Build Memory track]: 填充脚本数据到 settings.json start:233.66MB, end 233.69MB, increase: 23.55KB
2026-5-20 14:18:42-debug: 整理部分构建选项内数据到 settings.json start, progress: 13%
2026-5-20 14:18:42-debug: // ---- build task 整理部分构建选项内数据到 settings.json ----
2026-5-20 14:18:42-debug: // ---- build task 整理部分构建选项内数据到 settings.json ---- (3ms)
2026-5-20 14:18:42-log: run build task 整理部分构建选项内数据到 settings.json success in 3 ms√, progress: 15%
2026-5-20 14:18:42-debug: [Build Memory track]: 整理部分构建选项内数据到 settings.json start:233.71MB, end 233.83MB, increase: 122.51KB
2026-5-20 14:19:18-debug: refresh db internal success
2026-5-20 14:19:18-debug: %cImport%c: /Users/xiejianfeng/Downloads/Zuma/assets/Script/ZumaCurvePath.tsbackground: #aaff85; color: #000;color: #000;
2026-5-20 14:19:18-debug: refresh db assets success
2026-5-20 14:19:18-debug: Run asset db hook engine-extends:afterRefresh ...
2026-5-20 14:19:18-debug: Run asset db hook engine-extends:afterRefresh success!
2026-5-20 14:19:18-debug: asset-db:refresh-all-database (41ms)
2026-5-20 14:19:18-debug: asset-db-hook-engine-extends-afterRefresh (1ms)
2026-5-20 14:19:18-debug: asset-db:worker-effect-data-processing (1ms)
2026-5-20 14:19:19-debug: Query all assets info in project
2026-5-20 14:19:19-debug: init custom config: keepNodeUuid: false, useCache: true
2026-5-20 14:19:19-debug: Skip compress image, progress: 0%
2026-5-20 14:19:19-debug: Init all bundles start..., progress: 0%
2026-5-20 14:19:19-debug: 查询 Asset Bundle start, progress: 0%
2026-5-20 14:19:19-debug: Num of bundles: 2..., progress: 0%
2026-5-20 14:19:19-debug: Init bundle root assets start..., progress: 0%
2026-5-20 14:19:19-debug: // ---- build task 查询 Asset Bundle ----
2026-5-20 14:19:19-debug: Query preload assets/scripts from cc.config.json: 60f7195c-ec2a-45eb-ba94-8955f60e81d0,1c02ae6f-4492-4915-b8f8-7492a3b1e4cd,810e96e4-e456-4468-9b59-f4e8f39732c0,efe8e2a3-eace-427b-b4f1-cb8a937ec77d,e9aa9a3e-5b2b-4ac7-a2c7-073de2b2b24f,8bbdbcdd-5cd4-4100-b6d5-b7c9625b6107,50f4348b-c883-4e2f-8f11-ce233b859fa1,fda095cb-831d-4601-ad94-846013963de8,f92806d7-1768-443f-afe8-12bcde84d0f0,dd3a144d-ab7f-41f0-82b8-2e43a090d496,f0416e68-0200-4b77-a926-4f9d16e494da,970b0598-bcb0-4714-91fb-2e81440dccd8,bcd64cc6-2dd9-43f6-abbe-66318d332032,d930590d-bb92-4cc8-8bd1-23cd027f9edf,a3cd009f-0ab0-420d-9278-b9fdab939bbc,6a2d0734-bd9e-4ddf-946e-caa52498cb75,c27215d8-6835-4b68-bfbb-bdeac6100c04,b5d6115f-0370-4d7c-aad3-c194cc71cf98,871c3b6c-7379-419d-bda3-794b239ab90d,ff9b0199-ce04-4cfe-86cc-6c719f08d6e4,de1c2107-70c8-4021-8459-6399f24d01c6,cbf30902-517f-40dc-af90-a550bac27cf1,5c601d96-e4c7-4698-991b-7ee674b11079
2026-5-20 14:19:19-debug: Init bundle root assets success..., progress: 0%
2026-5-20 14:19:19-debug:   Number of all scripts: 11
2026-5-20 14:19:19-debug:   Number of other assets: 338
2026-5-20 14:19:19-debug:   Number of all scenes: 2
2026-5-20 14:19:19-debug: // ---- build task 查询 Asset Bundle ---- (3ms)
2026-5-20 14:19:19-debug: [Build Memory track]: 查询 Asset Bundle start:234.01MB, end 233.75MB, increase: -260.68KB
2026-5-20 14:19:19-debug: 查询 Asset Bundle start, progress: 5%
2026-5-20 14:19:19-debug: // ---- build task 查询 Asset Bundle ----
2026-5-20 14:19:19-log: run build task 查询 Asset Bundle success in 3 ms√, progress: 5%
2026-5-20 14:19:19-debug: // ---- build task 查询 Asset Bundle ---- (1ms)
2026-5-20 14:19:19-debug: // ---- build task 整理部分构建选项内数据到 settings.json ----
2026-5-20 14:19:19-debug: [Build Memory track]: 查询 Asset Bundle start:233.78MB, end 233.88MB, increase: 104.87KB
2026-5-20 14:19:19-debug: 整理部分构建选项内数据到 settings.json start, progress: 10%
2026-5-20 14:19:19-log: run build task 查询 Asset Bundle success in 1 ms√, progress: 10%
2026-5-20 14:19:19-debug: // ---- build task 整理部分构建选项内数据到 settings.json ---- (1ms)
2026-5-20 14:19:19-log: run build task 整理部分构建选项内数据到 settings.json success in 1 ms√, progress: 12%
2026-5-20 14:19:19-debug: [Build Memory track]: 整理部分构建选项内数据到 settings.json start:233.91MB, end 233.93MB, increase: 24.80KB
2026-5-20 14:19:19-debug: 填充脚本数据到 settings.json start, progress: 12%
2026-5-20 14:19:19-debug: // ---- build task 填充脚本数据到 settings.json ----
2026-5-20 14:19:19-log: run build task 填充脚本数据到 settings.json success in √, progress: 13%
2026-5-20 14:19:19-debug: [Build Memory track]: 填充脚本数据到 settings.json start:233.96MB, end 233.98MB, increase: 15.64KB
2026-5-20 14:19:19-debug: 整理部分构建选项内数据到 settings.json start, progress: 13%
2026-5-20 14:19:19-debug: // ---- build task 整理部分构建选项内数据到 settings.json ----
2026-5-20 14:19:19-debug: // ---- build task 整理部分构建选项内数据到 settings.json ---- (2ms)
2026-5-20 14:19:19-debug: [Build Memory track]: 整理部分构建选项内数据到 settings.json start:234.00MB, end 234.12MB, increase: 121.66KB
2026-5-20 14:19:19-log: run build task 整理部分构建选项内数据到 settings.json success in 2 ms√, progress: 15%
2026-5-20 14:20:05-debug: refresh db internal success
2026-5-20 14:20:05-debug: refresh db assets success
2026-5-20 14:20:05-debug: Run asset db hook engine-extends:afterRefresh ...
2026-5-20 14:20:05-debug: Run asset db hook engine-extends:afterRefresh success!
2026-5-20 14:20:05-debug: asset-db:refresh-all-database (60ms)
2026-5-20 14:20:05-debug: asset-db:worker-effect-data-processing (1ms)
2026-5-20 14:20:05-debug: asset-db-hook-engine-extends-afterRefresh (2ms)
2026-5-20 14:20:06-debug: Query all assets info in project
2026-5-20 14:20:06-debug: init custom config: keepNodeUuid: false, useCache: true
2026-5-20 14:20:06-debug: Skip compress image, progress: 0%
2026-5-20 14:20:06-debug: Init all bundles start..., progress: 0%
2026-5-20 14:20:06-debug: Num of bundles: 2..., progress: 0%
2026-5-20 14:20:06-debug: 查询 Asset Bundle start, progress: 0%
2026-5-20 14:20:06-debug: // ---- build task 查询 Asset Bundle ----
2026-5-20 14:20:06-debug: Init bundle root assets start..., progress: 0%
2026-5-20 14:20:06-debug: Query preload assets/scripts from cc.config.json: 60f7195c-ec2a-45eb-ba94-8955f60e81d0,1c02ae6f-4492-4915-b8f8-7492a3b1e4cd,810e96e4-e456-4468-9b59-f4e8f39732c0,efe8e2a3-eace-427b-b4f1-cb8a937ec77d,e9aa9a3e-5b2b-4ac7-a2c7-073de2b2b24f,8bbdbcdd-5cd4-4100-b6d5-b7c9625b6107,50f4348b-c883-4e2f-8f11-ce233b859fa1,fda095cb-831d-4601-ad94-846013963de8,f92806d7-1768-443f-afe8-12bcde84d0f0,dd3a144d-ab7f-41f0-82b8-2e43a090d496,f0416e68-0200-4b77-a926-4f9d16e494da,970b0598-bcb0-4714-91fb-2e81440dccd8,bcd64cc6-2dd9-43f6-abbe-66318d332032,d930590d-bb92-4cc8-8bd1-23cd027f9edf,a3cd009f-0ab0-420d-9278-b9fdab939bbc,6a2d0734-bd9e-4ddf-946e-caa52498cb75,c27215d8-6835-4b68-bfbb-bdeac6100c04,b5d6115f-0370-4d7c-aad3-c194cc71cf98,871c3b6c-7379-419d-bda3-794b239ab90d,ff9b0199-ce04-4cfe-86cc-6c719f08d6e4,de1c2107-70c8-4021-8459-6399f24d01c6,cbf30902-517f-40dc-af90-a550bac27cf1,5c601d96-e4c7-4698-991b-7ee674b11079
2026-5-20 14:20:06-debug: Init bundle root assets success..., progress: 0%
2026-5-20 14:20:06-debug:   Number of all scripts: 11
2026-5-20 14:20:06-debug:   Number of other assets: 338
2026-5-20 14:20:06-debug:   Number of all scenes: 2
2026-5-20 14:20:06-debug: // ---- build task 查询 Asset Bundle ---- (6ms)
2026-5-20 14:20:06-debug: // ---- build task 查询 Asset Bundle ----
2026-5-20 14:20:06-debug: [Build Memory track]: 查询 Asset Bundle start:234.39MB, end 234.15MB, increase: -250.36KB
2026-5-20 14:20:06-debug: 查询 Asset Bundle start, progress: 5%
2026-5-20 14:20:06-log: run build task 查询 Asset Bundle success in 6 ms√, progress: 5%
2026-5-20 14:20:06-debug: // ---- build task 查询 Asset Bundle ---- (2ms)
2026-5-20 14:20:06-debug: [Build Memory track]: 查询 Asset Bundle start:234.17MB, end 234.28MB, increase: 106.50KB
2026-5-20 14:20:06-debug: 整理部分构建选项内数据到 settings.json start, progress: 10%
2026-5-20 14:20:06-log: run build task 查询 Asset Bundle success in 2 ms√, progress: 10%
2026-5-20 14:20:06-debug: // ---- build task 整理部分构建选项内数据到 settings.json ----
2026-5-20 14:20:06-log: run build task 整理部分构建选项内数据到 settings.json success in √, progress: 12%
2026-5-20 14:20:06-debug: [Build Memory track]: 整理部分构建选项内数据到 settings.json start:234.31MB, end 234.32MB, increase: 16.08KB
2026-5-20 14:20:06-debug: 填充脚本数据到 settings.json start, progress: 12%
2026-5-20 14:20:06-debug: // ---- build task 填充脚本数据到 settings.json ----
2026-5-20 14:20:06-debug: // ---- build task 填充脚本数据到 settings.json ---- (1ms)
2026-5-20 14:20:06-debug: [Build Memory track]: 填充脚本数据到 settings.json start:234.35MB, end 234.37MB, increase: 23.78KB
2026-5-20 14:20:06-log: run build task 填充脚本数据到 settings.json success in 1 ms√, progress: 13%
2026-5-20 14:20:06-debug: 整理部分构建选项内数据到 settings.json start, progress: 13%
2026-5-20 14:20:06-debug: // ---- build task 整理部分构建选项内数据到 settings.json ----
2026-5-20 14:20:06-debug: // ---- build task 整理部分构建选项内数据到 settings.json ---- (3ms)
2026-5-20 14:20:06-log: run build task 整理部分构建选项内数据到 settings.json success in 3 ms√, progress: 15%
2026-5-20 14:20:06-debug: [Build Memory track]: 整理部分构建选项内数据到 settings.json start:234.40MB, end 234.52MB, increase: 122.44KB
2026-5-20 14:21:41-debug: refresh db internal success
2026-5-20 14:21:41-debug: %cImport%c: /Users/xiejianfeng/Downloads/Zuma/assets/Script/ZumaCurvePath.tsbackground: #aaff85; color: #000;color: #000;
2026-5-20 14:21:41-debug: refresh db assets success
2026-5-20 14:21:41-debug: Run asset db hook engine-extends:afterRefresh ...
2026-5-20 14:21:41-debug: Run asset db hook engine-extends:afterRefresh success!
2026-5-20 14:21:41-debug: asset-db:worker-effect-data-processing (2ms)
2026-5-20 14:21:41-debug: asset-db:refresh-all-database (60ms)
2026-5-20 14:21:41-debug: asset-db-hook-engine-extends-afterRefresh (3ms)
2026-5-20 14:21:45-debug: refresh db internal success
2026-5-20 14:21:45-debug: refresh db assets success
2026-5-20 14:21:45-debug: Run asset db hook engine-extends:afterRefresh ...
2026-5-20 14:21:45-debug: asset-db:refresh-all-database (44ms)
2026-5-20 14:21:45-debug: asset-db-hook-engine-extends-afterRefresh (2ms)
2026-5-20 14:21:45-debug: Run asset db hook engine-extends:afterRefresh success!
2026-5-20 14:21:45-debug: asset-db:worker-effect-data-processing (1ms)
2026-5-20 14:21:55-debug: refresh db internal success
2026-5-20 14:21:55-debug: refresh db assets success
2026-5-20 14:21:55-debug: Run asset db hook engine-extends:afterRefresh ...
2026-5-20 14:21:55-debug: Run asset db hook engine-extends:afterRefresh success!
2026-5-20 14:21:55-debug: asset-db:refresh-all-database (37ms)
2026-5-20 14:21:55-debug: asset-db:worker-effect-data-processing (1ms)
2026-5-20 14:21:55-debug: asset-db-hook-engine-extends-afterRefresh (1ms)
2026-5-20 14:21:57-debug: %cImport%c: /Users/xiejianfeng/Downloads/Zuma/assets/Scene/Map1.scenebackground: #aaff85; color: #000;color: #000;
2026-5-20 14:21:57-debug: asset-db:reimport-assetba60efc0-dcd1-4d9b-a1fc-495b102b261d (6ms)
2026-5-20 14:22:04-debug: %cImport%c: /Users/xiejianfeng/Downloads/Zuma/assets/Scene/Map1.scenebackground: #aaff85; color: #000;color: #000;
2026-5-20 14:22:04-debug: asset-db:reimport-assetba60efc0-dcd1-4d9b-a1fc-495b102b261d (6ms)
2026-5-20 14:22:06-debug: Query all assets info in project
2026-5-20 14:22:06-debug: init custom config: keepNodeUuid: false, useCache: true
2026-5-20 14:22:06-debug: Skip compress image, progress: 0%
2026-5-20 14:22:06-debug: Init all bundles start..., progress: 0%
2026-5-20 14:22:06-debug: Num of bundles: 2..., progress: 0%
2026-5-20 14:22:06-debug: 查询 Asset Bundle start, progress: 0%
2026-5-20 14:22:06-debug: // ---- build task 查询 Asset Bundle ----
2026-5-20 14:22:06-debug: Init bundle root assets start..., progress: 0%
2026-5-20 14:22:06-debug: Query preload assets/scripts from cc.config.json: 60f7195c-ec2a-45eb-ba94-8955f60e81d0,1c02ae6f-4492-4915-b8f8-7492a3b1e4cd,810e96e4-e456-4468-9b59-f4e8f39732c0,efe8e2a3-eace-427b-b4f1-cb8a937ec77d,e9aa9a3e-5b2b-4ac7-a2c7-073de2b2b24f,8bbdbcdd-5cd4-4100-b6d5-b7c9625b6107,50f4348b-c883-4e2f-8f11-ce233b859fa1,fda095cb-831d-4601-ad94-846013963de8,f92806d7-1768-443f-afe8-12bcde84d0f0,dd3a144d-ab7f-41f0-82b8-2e43a090d496,f0416e68-0200-4b77-a926-4f9d16e494da,970b0598-bcb0-4714-91fb-2e81440dccd8,bcd64cc6-2dd9-43f6-abbe-66318d332032,d930590d-bb92-4cc8-8bd1-23cd027f9edf,a3cd009f-0ab0-420d-9278-b9fdab939bbc,6a2d0734-bd9e-4ddf-946e-caa52498cb75,c27215d8-6835-4b68-bfbb-bdeac6100c04,b5d6115f-0370-4d7c-aad3-c194cc71cf98,871c3b6c-7379-419d-bda3-794b239ab90d,ff9b0199-ce04-4cfe-86cc-6c719f08d6e4,de1c2107-70c8-4021-8459-6399f24d01c6,cbf30902-517f-40dc-af90-a550bac27cf1,5c601d96-e4c7-4698-991b-7ee674b11079
2026-5-20 14:22:06-debug:   Number of all scenes: 2
2026-5-20 14:22:06-debug:   Number of all scripts: 11
2026-5-20 14:22:06-debug:   Number of other assets: 338
2026-5-20 14:22:06-debug: Init bundle root assets success..., progress: 0%
2026-5-20 14:22:06-debug: // ---- build task 查询 Asset Bundle ---- (8ms)
2026-5-20 14:22:06-log: run build task 查询 Asset Bundle success in 8 ms√, progress: 5%
2026-5-20 14:22:06-debug: [Build Memory track]: 查询 Asset Bundle start:236.26MB, end 235.87MB, increase: -395.68KB
2026-5-20 14:22:06-debug: // ---- build task 查询 Asset Bundle ----
2026-5-20 14:22:06-debug: 查询 Asset Bundle start, progress: 5%
2026-5-20 14:22:06-debug: // ---- build task 查询 Asset Bundle ---- (2ms)
2026-5-20 14:22:06-debug: [Build Memory track]: 查询 Asset Bundle start:235.90MB, end 236.00MB, increase: 104.67KB
2026-5-20 14:22:06-debug: // ---- build task 整理部分构建选项内数据到 settings.json ----
2026-5-20 14:22:06-log: run build task 查询 Asset Bundle success in 2 ms√, progress: 10%
2026-5-20 14:22:06-debug: 整理部分构建选项内数据到 settings.json start, progress: 10%
2026-5-20 14:22:06-debug: // ---- build task 整理部分构建选项内数据到 settings.json ---- (1ms)
2026-5-20 14:22:06-log: run build task 整理部分构建选项内数据到 settings.json success in 1 ms√, progress: 12%
2026-5-20 14:22:06-debug: 填充脚本数据到 settings.json start, progress: 12%
2026-5-20 14:22:06-debug: [Build Memory track]: 整理部分构建选项内数据到 settings.json start:236.03MB, end 236.05MB, increase: 24.87KB
2026-5-20 14:22:06-debug: // ---- build task 填充脚本数据到 settings.json ----
2026-5-20 14:22:06-debug: // ---- build task 填充脚本数据到 settings.json ---- (1ms)
2026-5-20 14:22:06-debug: [Build Memory track]: 填充脚本数据到 settings.json start:236.08MB, end 236.10MB, increase: 24.46KB
2026-5-20 14:22:06-log: run build task 填充脚本数据到 settings.json success in 1 ms√, progress: 13%
2026-5-20 14:22:06-debug: 整理部分构建选项内数据到 settings.json start, progress: 13%
2026-5-20 14:22:06-debug: // ---- build task 整理部分构建选项内数据到 settings.json ----
2026-5-20 14:22:06-debug: // ---- build task 整理部分构建选项内数据到 settings.json ---- (2ms)
2026-5-20 14:22:06-log: run build task 整理部分构建选项内数据到 settings.json success in 2 ms√, progress: 15%
2026-5-20 14:22:06-debug: [Build Memory track]: 整理部分构建选项内数据到 settings.json start:236.13MB, end 235.51MB, increase: -631.96KB
2026-5-20 14:22:55-debug: Query all assets info in project
2026-5-20 14:22:55-debug: init custom config: keepNodeUuid: false, useCache: true
2026-5-20 14:22:55-debug: Skip compress image, progress: 0%
2026-5-20 14:22:55-debug: Init all bundles start..., progress: 0%
2026-5-20 14:22:55-debug: Init bundle root assets start..., progress: 0%
2026-5-20 14:22:55-debug: 查询 Asset Bundle start, progress: 0%
2026-5-20 14:22:55-debug: // ---- build task 查询 Asset Bundle ----
2026-5-20 14:22:55-debug: Num of bundles: 2..., progress: 0%
2026-5-20 14:22:55-debug: Query preload assets/scripts from cc.config.json: 60f7195c-ec2a-45eb-ba94-8955f60e81d0,1c02ae6f-4492-4915-b8f8-7492a3b1e4cd,810e96e4-e456-4468-9b59-f4e8f39732c0,efe8e2a3-eace-427b-b4f1-cb8a937ec77d,e9aa9a3e-5b2b-4ac7-a2c7-073de2b2b24f,8bbdbcdd-5cd4-4100-b6d5-b7c9625b6107,50f4348b-c883-4e2f-8f11-ce233b859fa1,fda095cb-831d-4601-ad94-846013963de8,f92806d7-1768-443f-afe8-12bcde84d0f0,dd3a144d-ab7f-41f0-82b8-2e43a090d496,f0416e68-0200-4b77-a926-4f9d16e494da,970b0598-bcb0-4714-91fb-2e81440dccd8,bcd64cc6-2dd9-43f6-abbe-66318d332032,d930590d-bb92-4cc8-8bd1-23cd027f9edf,a3cd009f-0ab0-420d-9278-b9fdab939bbc,6a2d0734-bd9e-4ddf-946e-caa52498cb75,c27215d8-6835-4b68-bfbb-bdeac6100c04,b5d6115f-0370-4d7c-aad3-c194cc71cf98,871c3b6c-7379-419d-bda3-794b239ab90d,ff9b0199-ce04-4cfe-86cc-6c719f08d6e4,de1c2107-70c8-4021-8459-6399f24d01c6,cbf30902-517f-40dc-af90-a550bac27cf1,5c601d96-e4c7-4698-991b-7ee674b11079
2026-5-20 14:22:55-debug:   Number of all scenes: 2
2026-5-20 14:22:55-debug:   Number of all scripts: 11
2026-5-20 14:22:55-debug:   Number of other assets: 338
2026-5-20 14:22:55-debug: Init bundle root assets success..., progress: 0%
2026-5-20 14:22:55-debug: // ---- build task 查询 Asset Bundle ---- (4ms)
2026-5-20 14:22:55-debug: 查询 Asset Bundle start, progress: 5%
2026-5-20 14:22:55-log: run build task 查询 Asset Bundle success in 4 ms√, progress: 5%
2026-5-20 14:22:55-debug: // ---- build task 查询 Asset Bundle ----
2026-5-20 14:22:55-debug: [Build Memory track]: 查询 Asset Bundle start:235.99MB, end 235.58MB, increase: -418.86KB
2026-5-20 14:22:55-debug: // ---- build task 查询 Asset Bundle ---- (1ms)
2026-5-20 14:22:55-debug: [Build Memory track]: 查询 Asset Bundle start:235.61MB, end 235.71MB, increase: 105.89KB
2026-5-20 14:22:55-debug: // ---- build task 整理部分构建选项内数据到 settings.json ----
2026-5-20 14:22:55-debug: 整理部分构建选项内数据到 settings.json start, progress: 10%
2026-5-20 14:22:55-log: run build task 查询 Asset Bundle success in 1 ms√, progress: 10%
2026-5-20 14:22:55-log: run build task 整理部分构建选项内数据到 settings.json success in √, progress: 12%
2026-5-20 14:22:55-debug: [Build Memory track]: 整理部分构建选项内数据到 settings.json start:235.74MB, end 235.75MB, increase: 15.77KB
2026-5-20 14:22:55-debug: 填充脚本数据到 settings.json start, progress: 12%
2026-5-20 14:22:55-debug: // ---- build task 填充脚本数据到 settings.json ----
2026-5-20 14:22:55-debug: // ---- build task 填充脚本数据到 settings.json ---- (1ms)
2026-5-20 14:22:55-debug: [Build Memory track]: 填充脚本数据到 settings.json start:235.78MB, end 235.80MB, increase: 23.32KB
2026-5-20 14:22:55-log: run build task 填充脚本数据到 settings.json success in 1 ms√, progress: 13%
2026-5-20 14:22:55-debug: 整理部分构建选项内数据到 settings.json start, progress: 13%
2026-5-20 14:22:55-debug: // ---- build task 整理部分构建选项内数据到 settings.json ----
2026-5-20 14:22:55-debug: // ---- build task 整理部分构建选项内数据到 settings.json ---- (4ms)
2026-5-20 14:22:55-log: run build task 整理部分构建选项内数据到 settings.json success in 4 ms√, progress: 15%
2026-5-20 14:22:55-debug: [Build Memory track]: 整理部分构建选项内数据到 settings.json start:235.83MB, end 235.96MB, increase: 137.31KB
2026-5-20 14:23:09-debug: %cImport%c: /Users/xiejianfeng/Downloads/Zuma/assets/Scene/Map1.scenebackground: #aaff85; color: #000;color: #000;
2026-5-20 14:23:09-debug: asset-db:reimport-assetba60efc0-dcd1-4d9b-a1fc-495b102b261d (18ms)
2026-5-20 14:23:10-debug: Query all assets info in project
2026-5-20 14:23:10-debug: init custom config: keepNodeUuid: false, useCache: true
2026-5-20 14:23:10-debug: Skip compress image, progress: 0%
2026-5-20 14:23:10-debug: Init all bundles start..., progress: 0%
2026-5-20 14:23:10-debug: 查询 Asset Bundle start, progress: 0%
2026-5-20 14:23:10-debug: // ---- build task 查询 Asset Bundle ----
2026-5-20 14:23:10-debug: Init bundle root assets start..., progress: 0%
2026-5-20 14:23:10-debug: Num of bundles: 2..., progress: 0%
2026-5-20 14:23:10-debug: Query preload assets/scripts from cc.config.json: 60f7195c-ec2a-45eb-ba94-8955f60e81d0,1c02ae6f-4492-4915-b8f8-7492a3b1e4cd,810e96e4-e456-4468-9b59-f4e8f39732c0,efe8e2a3-eace-427b-b4f1-cb8a937ec77d,e9aa9a3e-5b2b-4ac7-a2c7-073de2b2b24f,8bbdbcdd-5cd4-4100-b6d5-b7c9625b6107,50f4348b-c883-4e2f-8f11-ce233b859fa1,fda095cb-831d-4601-ad94-846013963de8,f92806d7-1768-443f-afe8-12bcde84d0f0,dd3a144d-ab7f-41f0-82b8-2e43a090d496,f0416e68-0200-4b77-a926-4f9d16e494da,970b0598-bcb0-4714-91fb-2e81440dccd8,bcd64cc6-2dd9-43f6-abbe-66318d332032,d930590d-bb92-4cc8-8bd1-23cd027f9edf,a3cd009f-0ab0-420d-9278-b9fdab939bbc,6a2d0734-bd9e-4ddf-946e-caa52498cb75,c27215d8-6835-4b68-bfbb-bdeac6100c04,b5d6115f-0370-4d7c-aad3-c194cc71cf98,871c3b6c-7379-419d-bda3-794b239ab90d,ff9b0199-ce04-4cfe-86cc-6c719f08d6e4,de1c2107-70c8-4021-8459-6399f24d01c6,cbf30902-517f-40dc-af90-a550bac27cf1,5c601d96-e4c7-4698-991b-7ee674b11079
2026-5-20 14:23:10-debug:   Number of all scenes: 2
2026-5-20 14:23:10-debug:   Number of all scripts: 11
2026-5-20 14:23:10-debug: Init bundle root assets success..., progress: 0%
2026-5-20 14:23:10-debug:   Number of other assets: 338
2026-5-20 14:23:10-debug: // ---- build task 查询 Asset Bundle ---- (4ms)
2026-5-20 14:23:10-log: run build task 查询 Asset Bundle success in 4 ms√, progress: 5%
2026-5-20 14:23:10-debug: 查询 Asset Bundle start, progress: 5%
2026-5-20 14:23:10-debug: [Build Memory track]: 查询 Asset Bundle start:235.90MB, end 235.56MB, increase: -350.35KB
2026-5-20 14:23:10-debug: // ---- build task 查询 Asset Bundle ----
2026-5-20 14:23:10-debug: // ---- build task 查询 Asset Bundle ---- (1ms)
2026-5-20 14:23:10-log: run build task 查询 Asset Bundle success in 1 ms√, progress: 10%
2026-5-20 14:23:10-debug: 整理部分构建选项内数据到 settings.json start, progress: 10%
2026-5-20 14:23:10-debug: // ---- build task 整理部分构建选项内数据到 settings.json ----
2026-5-20 14:23:10-debug: [Build Memory track]: 查询 Asset Bundle start:235.58MB, end 235.69MB, increase: 105.43KB
2026-5-20 14:23:10-debug: // ---- build task 整理部分构建选项内数据到 settings.json ---- (1ms)
2026-5-20 14:23:10-debug: 填充脚本数据到 settings.json start, progress: 12%
2026-5-20 14:23:10-debug: // ---- build task 填充脚本数据到 settings.json ----
2026-5-20 14:23:10-log: run build task 整理部分构建选项内数据到 settings.json success in 1 ms√, progress: 12%
2026-5-20 14:23:10-debug: [Build Memory track]: 整理部分构建选项内数据到 settings.json start:235.71MB, end 235.74MB, increase: 24.67KB
2026-5-20 14:23:10-log: run build task 填充脚本数据到 settings.json success in √, progress: 13%
2026-5-20 14:23:10-debug: [Build Memory track]: 填充脚本数据到 settings.json start:235.76MB, end 235.78MB, increase: 15.27KB
2026-5-20 14:23:10-debug: 整理部分构建选项内数据到 settings.json start, progress: 13%
2026-5-20 14:23:10-debug: // ---- build task 整理部分构建选项内数据到 settings.json ----
2026-5-20 14:23:10-debug: // ---- build task 整理部分构建选项内数据到 settings.json ---- (2ms)
2026-5-20 14:23:10-log: run build task 整理部分构建选项内数据到 settings.json success in 2 ms√, progress: 15%
2026-5-20 14:23:10-debug: [Build Memory track]: 整理部分构建选项内数据到 settings.json start:235.81MB, end 235.92MB, increase: 121.47KB
2026-5-20 14:23:42-debug: Query all assets info in project
2026-5-20 14:23:42-debug: init custom config: keepNodeUuid: false, useCache: true
2026-5-20 14:23:42-debug: Skip compress image, progress: 0%
2026-5-20 14:23:42-debug: Init all bundles start..., progress: 0%
2026-5-20 14:23:42-debug: Num of bundles: 2..., progress: 0%
2026-5-20 14:23:42-debug: 查询 Asset Bundle start, progress: 0%
2026-5-20 14:23:42-debug: // ---- build task 查询 Asset Bundle ----
2026-5-20 14:23:42-debug: Init bundle root assets start..., progress: 0%
2026-5-20 14:23:42-debug: Query preload assets/scripts from cc.config.json: 60f7195c-ec2a-45eb-ba94-8955f60e81d0,1c02ae6f-4492-4915-b8f8-7492a3b1e4cd,810e96e4-e456-4468-9b59-f4e8f39732c0,efe8e2a3-eace-427b-b4f1-cb8a937ec77d,e9aa9a3e-5b2b-4ac7-a2c7-073de2b2b24f,8bbdbcdd-5cd4-4100-b6d5-b7c9625b6107,50f4348b-c883-4e2f-8f11-ce233b859fa1,fda095cb-831d-4601-ad94-846013963de8,f92806d7-1768-443f-afe8-12bcde84d0f0,dd3a144d-ab7f-41f0-82b8-2e43a090d496,f0416e68-0200-4b77-a926-4f9d16e494da,970b0598-bcb0-4714-91fb-2e81440dccd8,bcd64cc6-2dd9-43f6-abbe-66318d332032,d930590d-bb92-4cc8-8bd1-23cd027f9edf,a3cd009f-0ab0-420d-9278-b9fdab939bbc,6a2d0734-bd9e-4ddf-946e-caa52498cb75,c27215d8-6835-4b68-bfbb-bdeac6100c04,b5d6115f-0370-4d7c-aad3-c194cc71cf98,871c3b6c-7379-419d-bda3-794b239ab90d,ff9b0199-ce04-4cfe-86cc-6c719f08d6e4,de1c2107-70c8-4021-8459-6399f24d01c6,cbf30902-517f-40dc-af90-a550bac27cf1,5c601d96-e4c7-4698-991b-7ee674b11079
2026-5-20 14:23:42-debug:   Number of all scenes: 2
2026-5-20 14:23:42-debug:   Number of all scripts: 11
2026-5-20 14:23:42-debug: Init bundle root assets success..., progress: 0%
2026-5-20 14:23:42-debug:   Number of other assets: 338
2026-5-20 14:23:42-debug: // ---- build task 查询 Asset Bundle ---- (6ms)
2026-5-20 14:23:42-debug: 查询 Asset Bundle start, progress: 5%
2026-5-20 14:23:42-debug: [Build Memory track]: 查询 Asset Bundle start:236.37MB, end 236.07MB, increase: -306.95KB
2026-5-20 14:23:42-debug: // ---- build task 查询 Asset Bundle ----
2026-5-20 14:23:42-log: run build task 查询 Asset Bundle success in 6 ms√, progress: 5%
2026-5-20 14:23:42-debug: // ---- build task 查询 Asset Bundle ---- (2ms)
2026-5-20 14:23:42-debug: 整理部分构建选项内数据到 settings.json start, progress: 10%
2026-5-20 14:23:42-debug: [Build Memory track]: 查询 Asset Bundle start:236.10MB, end 236.20MB, increase: 104.38KB
2026-5-20 14:23:42-debug: // ---- build task 整理部分构建选项内数据到 settings.json ----
2026-5-20 14:23:42-log: run build task 查询 Asset Bundle success in 2 ms√, progress: 10%
2026-5-20 14:23:42-debug: // ---- build task 整理部分构建选项内数据到 settings.json ---- (1ms)
2026-5-20 14:23:42-log: run build task 整理部分构建选项内数据到 settings.json success in 1 ms√, progress: 12%
2026-5-20 14:23:42-debug: [Build Memory track]: 整理部分构建选项内数据到 settings.json start:236.23MB, end 236.25MB, increase: 24.51KB
2026-5-20 14:23:42-debug: 填充脚本数据到 settings.json start, progress: 12%
2026-5-20 14:23:42-debug: // ---- build task 填充脚本数据到 settings.json ----
2026-5-20 14:23:42-debug: // ---- build task 填充脚本数据到 settings.json ---- (1ms)
2026-5-20 14:23:42-log: run build task 填充脚本数据到 settings.json success in 1 ms√, progress: 13%
2026-5-20 14:23:42-debug: // ---- build task 整理部分构建选项内数据到 settings.json ----
2026-5-20 14:23:42-debug: [Build Memory track]: 填充脚本数据到 settings.json start:236.28MB, end 236.30MB, increase: 25.62KB
2026-5-20 14:23:42-debug: 整理部分构建选项内数据到 settings.json start, progress: 13%
2026-5-20 14:23:42-debug: // ---- build task 整理部分构建选项内数据到 settings.json ---- (3ms)
2026-5-20 14:23:42-log: run build task 整理部分构建选项内数据到 settings.json success in 3 ms√, progress: 15%
2026-5-20 14:23:42-debug: [Build Memory track]: 整理部分构建选项内数据到 settings.json start:236.33MB, end 235.70MB, increase: -645.56KB
2026-5-20 14:24:44-debug: refresh db internal success
2026-5-20 14:24:44-debug: refresh db assets success
2026-5-20 14:24:44-debug: Run asset db hook engine-extends:afterRefresh ...
2026-5-20 14:24:44-debug: Run asset db hook engine-extends:afterRefresh success!
2026-5-20 14:24:44-debug: asset-db:refresh-all-database (48ms)
2026-5-20 14:24:44-debug: asset-db-hook-engine-extends-afterRefresh (2ms)
2026-5-20 14:24:44-debug: asset-db:worker-effect-data-processing (2ms)
2026-5-20 14:24:45-debug: Query all assets info in project
2026-5-20 14:24:45-debug: init custom config: keepNodeUuid: false, useCache: true
2026-5-20 14:24:45-debug: Skip compress image, progress: 0%
2026-5-20 14:24:45-debug: Init all bundles start..., progress: 0%
2026-5-20 14:24:45-debug: Init bundle root assets start..., progress: 0%
2026-5-20 14:24:45-debug: 查询 Asset Bundle start, progress: 0%
2026-5-20 14:24:45-debug: // ---- build task 查询 Asset Bundle ----
2026-5-20 14:24:45-debug: Num of bundles: 2..., progress: 0%
2026-5-20 14:24:45-debug: Query preload assets/scripts from cc.config.json: 60f7195c-ec2a-45eb-ba94-8955f60e81d0,1c02ae6f-4492-4915-b8f8-7492a3b1e4cd,810e96e4-e456-4468-9b59-f4e8f39732c0,efe8e2a3-eace-427b-b4f1-cb8a937ec77d,e9aa9a3e-5b2b-4ac7-a2c7-073de2b2b24f,8bbdbcdd-5cd4-4100-b6d5-b7c9625b6107,50f4348b-c883-4e2f-8f11-ce233b859fa1,fda095cb-831d-4601-ad94-846013963de8,f92806d7-1768-443f-afe8-12bcde84d0f0,dd3a144d-ab7f-41f0-82b8-2e43a090d496,f0416e68-0200-4b77-a926-4f9d16e494da,970b0598-bcb0-4714-91fb-2e81440dccd8,bcd64cc6-2dd9-43f6-abbe-66318d332032,d930590d-bb92-4cc8-8bd1-23cd027f9edf,a3cd009f-0ab0-420d-9278-b9fdab939bbc,6a2d0734-bd9e-4ddf-946e-caa52498cb75,c27215d8-6835-4b68-bfbb-bdeac6100c04,b5d6115f-0370-4d7c-aad3-c194cc71cf98,871c3b6c-7379-419d-bda3-794b239ab90d,ff9b0199-ce04-4cfe-86cc-6c719f08d6e4,de1c2107-70c8-4021-8459-6399f24d01c6,cbf30902-517f-40dc-af90-a550bac27cf1,5c601d96-e4c7-4698-991b-7ee674b11079
2026-5-20 14:24:45-debug: Init bundle root assets success..., progress: 0%
2026-5-20 14:24:45-debug:   Number of other assets: 338
2026-5-20 14:24:45-debug:   Number of all scenes: 2
2026-5-20 14:24:45-debug:   Number of all scripts: 11
2026-5-20 14:24:45-debug: // ---- build task 查询 Asset Bundle ---- (3ms)
2026-5-20 14:24:45-debug: // ---- build task 查询 Asset Bundle ----
2026-5-20 14:24:45-debug: [Build Memory track]: 查询 Asset Bundle start:236.98MB, end 236.74MB, increase: -249.18KB
2026-5-20 14:24:45-debug: 查询 Asset Bundle start, progress: 5%
2026-5-20 14:24:45-log: run build task 查询 Asset Bundle success in 3 ms√, progress: 5%
2026-5-20 14:24:45-debug: // ---- build task 查询 Asset Bundle ---- (2ms)
2026-5-20 14:24:45-log: run build task 查询 Asset Bundle success in 2 ms√, progress: 10%
2026-5-20 14:24:45-debug: [Build Memory track]: 查询 Asset Bundle start:236.76MB, end 236.86MB, increase: 104.28KB
2026-5-20 14:24:45-debug: 整理部分构建选项内数据到 settings.json start, progress: 10%
2026-5-20 14:24:45-debug: // ---- build task 整理部分构建选项内数据到 settings.json ----
2026-5-20 14:24:45-log: run build task 整理部分构建选项内数据到 settings.json success in √, progress: 12%
2026-5-20 14:24:45-debug: [Build Memory track]: 整理部分构建选项内数据到 settings.json start:236.89MB, end 237.18MB, increase: 294.51KB
2026-5-20 14:24:45-debug: 填充脚本数据到 settings.json start, progress: 12%
2026-5-20 14:24:45-debug: // ---- build task 填充脚本数据到 settings.json ----
2026-5-20 14:24:45-debug: // ---- build task 填充脚本数据到 settings.json ---- (1ms)
2026-5-20 14:24:45-debug: 整理部分构建选项内数据到 settings.json start, progress: 13%
2026-5-20 14:24:45-debug: [Build Memory track]: 填充脚本数据到 settings.json start:236.94MB, end 236.96MB, increase: 24.34KB
2026-5-20 14:24:45-debug: // ---- build task 整理部分构建选项内数据到 settings.json ----
2026-5-20 14:24:45-log: run build task 填充脚本数据到 settings.json success in 1 ms√, progress: 13%
2026-5-20 14:24:45-debug: // ---- build task 整理部分构建选项内数据到 settings.json ---- (3ms)
2026-5-20 14:24:45-log: run build task 整理部分构建选项内数据到 settings.json success in 3 ms√, progress: 15%
2026-5-20 14:24:45-debug: [Build Memory track]: 整理部分构建选项内数据到 settings.json start:236.99MB, end 236.37MB, increase: -631.82KB
2026-5-20 14:25:01-debug: Query all assets info in project
2026-5-20 14:25:01-debug: init custom config: keepNodeUuid: false, useCache: true
2026-5-20 14:25:01-debug: Skip compress image, progress: 0%
2026-5-20 14:25:01-debug: Init all bundles start..., progress: 0%
2026-5-20 14:25:01-debug: Init bundle root assets start..., progress: 0%
2026-5-20 14:25:01-debug: 查询 Asset Bundle start, progress: 0%
2026-5-20 14:25:01-debug: // ---- build task 查询 Asset Bundle ----
2026-5-20 14:25:01-debug: Num of bundles: 2..., progress: 0%
2026-5-20 14:25:01-debug: Query preload assets/scripts from cc.config.json: 60f7195c-ec2a-45eb-ba94-8955f60e81d0,1c02ae6f-4492-4915-b8f8-7492a3b1e4cd,810e96e4-e456-4468-9b59-f4e8f39732c0,efe8e2a3-eace-427b-b4f1-cb8a937ec77d,e9aa9a3e-5b2b-4ac7-a2c7-073de2b2b24f,8bbdbcdd-5cd4-4100-b6d5-b7c9625b6107,50f4348b-c883-4e2f-8f11-ce233b859fa1,fda095cb-831d-4601-ad94-846013963de8,f92806d7-1768-443f-afe8-12bcde84d0f0,dd3a144d-ab7f-41f0-82b8-2e43a090d496,f0416e68-0200-4b77-a926-4f9d16e494da,970b0598-bcb0-4714-91fb-2e81440dccd8,bcd64cc6-2dd9-43f6-abbe-66318d332032,d930590d-bb92-4cc8-8bd1-23cd027f9edf,a3cd009f-0ab0-420d-9278-b9fdab939bbc,6a2d0734-bd9e-4ddf-946e-caa52498cb75,c27215d8-6835-4b68-bfbb-bdeac6100c04,b5d6115f-0370-4d7c-aad3-c194cc71cf98,871c3b6c-7379-419d-bda3-794b239ab90d,ff9b0199-ce04-4cfe-86cc-6c719f08d6e4,de1c2107-70c8-4021-8459-6399f24d01c6,cbf30902-517f-40dc-af90-a550bac27cf1,5c601d96-e4c7-4698-991b-7ee674b11079
2026-5-20 14:25:01-debug: Init bundle root assets success..., progress: 0%
2026-5-20 14:25:01-debug:   Number of all scripts: 11
2026-5-20 14:25:01-debug:   Number of other assets: 338
2026-5-20 14:25:01-debug:   Number of all scenes: 2
2026-5-20 14:25:01-debug: // ---- build task 查询 Asset Bundle ---- (4ms)
2026-5-20 14:25:01-debug: [Build Memory track]: 查询 Asset Bundle start:236.61MB, end 236.36MB, increase: -249.08KB
2026-5-20 14:25:01-debug: 查询 Asset Bundle start, progress: 5%
2026-5-20 14:25:01-debug: // ---- build task 查询 Asset Bundle ----
2026-5-20 14:25:01-log: run build task 查询 Asset Bundle success in 4 ms√, progress: 5%
2026-5-20 14:25:01-debug: // ---- build task 查询 Asset Bundle ---- (1ms)
2026-5-20 14:25:01-debug: [Build Memory track]: 查询 Asset Bundle start:236.39MB, end 236.49MB, increase: 104.23KB
2026-5-20 14:25:01-debug: 整理部分构建选项内数据到 settings.json start, progress: 10%
2026-5-20 14:25:01-log: run build task 查询 Asset Bundle success in 1 ms√, progress: 10%
2026-5-20 14:25:01-debug: // ---- build task 整理部分构建选项内数据到 settings.json ----
2026-5-20 14:25:01-debug: // ---- build task 整理部分构建选项内数据到 settings.json ---- (2ms)
2026-5-20 14:25:01-debug: // ---- build task 填充脚本数据到 settings.json ----
2026-5-20 14:25:01-debug: [Build Memory track]: 整理部分构建选项内数据到 settings.json start:236.52MB, end 236.54MB, increase: 24.52KB
2026-5-20 14:25:01-debug: 填充脚本数据到 settings.json start, progress: 12%
2026-5-20 14:25:01-log: run build task 整理部分构建选项内数据到 settings.json success in 2 ms√, progress: 12%
2026-5-20 14:25:01-debug: // ---- build task 填充脚本数据到 settings.json ---- (1ms)
2026-5-20 14:25:01-debug: // ---- build task 整理部分构建选项内数据到 settings.json ----
2026-5-20 14:25:01-log: run build task 填充脚本数据到 settings.json success in 1 ms√, progress: 13%
2026-5-20 14:25:01-debug: 整理部分构建选项内数据到 settings.json start, progress: 13%
2026-5-20 14:25:01-debug: [Build Memory track]: 填充脚本数据到 settings.json start:236.57MB, end 236.59MB, increase: 23.93KB
2026-5-20 14:25:01-debug: [Build Memory track]: 整理部分构建选项内数据到 settings.json start:236.62MB, end 236.74MB, increase: 122.13KB
2026-5-20 14:25:01-debug: // ---- build task 整理部分构建选项内数据到 settings.json ---- (3ms)
2026-5-20 14:25:01-log: run build task 整理部分构建选项内数据到 settings.json success in 3 ms√, progress: 15%
2026-5-20 14:27:19-debug: refresh db internal success
2026-5-20 14:27:19-debug: refresh db assets success
2026-5-20 14:27:19-debug: Run asset db hook engine-extends:afterRefresh ...
2026-5-20 14:27:19-debug: Run asset db hook engine-extends:afterRefresh success!
2026-5-20 14:27:19-debug: asset-db:refresh-all-database (44ms)
2026-5-20 14:27:19-debug: asset-db:worker-effect-data-processing (2ms)
2026-5-20 14:27:19-debug: asset-db-hook-engine-extends-afterRefresh (2ms)
2026-5-20 14:27:23-debug: Query all assets info in project
2026-5-20 14:27:23-debug: init custom config: keepNodeUuid: false, useCache: true
2026-5-20 14:27:23-debug: Skip compress image, progress: 0%
2026-5-20 14:27:23-debug: Init all bundles start..., progress: 0%
2026-5-20 14:27:23-debug: Num of bundles: 2..., progress: 0%
2026-5-20 14:27:23-debug: 查询 Asset Bundle start, progress: 0%
2026-5-20 14:27:23-debug: // ---- build task 查询 Asset Bundle ----
2026-5-20 14:27:23-debug: Init bundle root assets start..., progress: 0%
2026-5-20 14:27:23-debug: Query preload assets/scripts from cc.config.json: 60f7195c-ec2a-45eb-ba94-8955f60e81d0,1c02ae6f-4492-4915-b8f8-7492a3b1e4cd,810e96e4-e456-4468-9b59-f4e8f39732c0,efe8e2a3-eace-427b-b4f1-cb8a937ec77d,e9aa9a3e-5b2b-4ac7-a2c7-073de2b2b24f,8bbdbcdd-5cd4-4100-b6d5-b7c9625b6107,50f4348b-c883-4e2f-8f11-ce233b859fa1,fda095cb-831d-4601-ad94-846013963de8,f92806d7-1768-443f-afe8-12bcde84d0f0,dd3a144d-ab7f-41f0-82b8-2e43a090d496,f0416e68-0200-4b77-a926-4f9d16e494da,970b0598-bcb0-4714-91fb-2e81440dccd8,bcd64cc6-2dd9-43f6-abbe-66318d332032,d930590d-bb92-4cc8-8bd1-23cd027f9edf,a3cd009f-0ab0-420d-9278-b9fdab939bbc,6a2d0734-bd9e-4ddf-946e-caa52498cb75,c27215d8-6835-4b68-bfbb-bdeac6100c04,b5d6115f-0370-4d7c-aad3-c194cc71cf98,871c3b6c-7379-419d-bda3-794b239ab90d,ff9b0199-ce04-4cfe-86cc-6c719f08d6e4,de1c2107-70c8-4021-8459-6399f24d01c6,cbf30902-517f-40dc-af90-a550bac27cf1,5c601d96-e4c7-4698-991b-7ee674b11079
2026-5-20 14:27:23-debug:   Number of all scripts: 11
2026-5-20 14:27:23-debug:   Number of other assets: 338
2026-5-20 14:27:23-debug: Init bundle root assets success..., progress: 0%
2026-5-20 14:27:23-debug:   Number of all scenes: 2
2026-5-20 14:27:23-debug: // ---- build task 查询 Asset Bundle ---- (3ms)
2026-5-20 14:27:23-debug: // ---- build task 查询 Asset Bundle ----
2026-5-20 14:27:23-debug: [Build Memory track]: 查询 Asset Bundle start:237.53MB, end 237.29MB, increase: -249.24KB
2026-5-20 14:27:23-debug: 查询 Asset Bundle start, progress: 5%
2026-5-20 14:27:23-log: run build task 查询 Asset Bundle success in 3 ms√, progress: 5%
2026-5-20 14:27:23-debug: // ---- build task 查询 Asset Bundle ---- (1ms)
2026-5-20 14:27:23-log: run build task 查询 Asset Bundle success in 1 ms√, progress: 10%
2026-5-20 14:27:23-debug: [Build Memory track]: 查询 Asset Bundle start:237.32MB, end 237.42MB, increase: 104.25KB
2026-5-20 14:27:23-debug: 整理部分构建选项内数据到 settings.json start, progress: 10%
2026-5-20 14:27:23-debug: // ---- build task 整理部分构建选项内数据到 settings.json ----
2026-5-20 14:27:23-log: run build task 整理部分构建选项内数据到 settings.json success in √, progress: 12%
2026-5-20 14:27:23-debug: 填充脚本数据到 settings.json start, progress: 12%
2026-5-20 14:27:23-debug: [Build Memory track]: 整理部分构建选项内数据到 settings.json start:237.45MB, end 237.46MB, increase: 15.66KB
2026-5-20 14:27:23-debug: // ---- build task 填充脚本数据到 settings.json ----
2026-5-20 14:27:23-log: run build task 填充脚本数据到 settings.json success in √, progress: 13%
2026-5-20 14:27:23-debug: // ---- build task 整理部分构建选项内数据到 settings.json ----
2026-5-20 14:27:23-debug: 整理部分构建选项内数据到 settings.json start, progress: 13%
2026-5-20 14:27:23-debug: [Build Memory track]: 填充脚本数据到 settings.json start:237.49MB, end 237.51MB, increase: 14.68KB
2026-5-20 14:27:23-debug: // ---- build task 整理部分构建选项内数据到 settings.json ---- (4ms)
2026-5-20 14:27:23-log: run build task 整理部分构建选项内数据到 settings.json success in 4 ms√, progress: 15%
2026-5-20 14:27:23-debug: [Build Memory track]: 整理部分构建选项内数据到 settings.json start:237.53MB, end 236.92MB, increase: -629.18KB
2026-5-20 14:28:53-debug: refresh db internal success
2026-5-20 14:28:53-debug: refresh db assets success
2026-5-20 14:28:53-debug: Run asset db hook engine-extends:afterRefresh success!
2026-5-20 14:28:53-debug: Run asset db hook engine-extends:afterRefresh ...
2026-5-20 14:28:53-debug: asset-db:refresh-all-database (40ms)
2026-5-20 14:28:53-debug: asset-db-hook-engine-extends-afterRefresh (1ms)
2026-5-20 14:28:53-debug: asset-db:worker-effect-data-processing (1ms)
2026-5-20 14:29:47-debug: refresh db internal success
2026-5-20 14:29:47-debug: refresh db assets success
2026-5-20 14:29:47-debug: Run asset db hook engine-extends:afterRefresh ...
2026-5-20 14:29:47-debug: Run asset db hook engine-extends:afterRefresh success!
2026-5-20 14:29:47-debug: asset-db:refresh-all-database (46ms)
2026-5-20 14:29:47-debug: asset-db:worker-effect-data-processing (2ms)
2026-5-20 14:29:47-debug: asset-db-hook-engine-extends-afterRefresh (3ms)
2026-5-20 14:30:18-debug: refresh db internal success
2026-5-20 14:30:18-debug: refresh db assets success
2026-5-20 14:30:18-debug: Run asset db hook engine-extends:afterRefresh success!
2026-5-20 14:30:18-debug: Run asset db hook engine-extends:afterRefresh ...
2026-5-20 14:30:18-debug: asset-db:refresh-all-database (43ms)
2026-5-20 14:30:18-debug: asset-db-hook-engine-extends-afterRefresh (1ms)
2026-5-20 14:30:18-debug: asset-db:worker-effect-data-processing (1ms)
2026-5-20 14:30:41-debug: start refresh asset from /Users/xiejianfeng/Downloads/Zuma/assets/Script/GameManager.ts...
2026-5-20 14:30:41-debug: %cImport%c: /Users/xiejianfeng/Downloads/Zuma/assets/Script/GameManager.tsbackground: #aaff85; color: #000;color: #000;
2026-5-20 14:30:41-debug: refresh asset /Users/xiejianfeng/Downloads/Zuma/assets/Script success
2026-5-20 14:30:41-debug: %cImport%c: /Users/xiejianfeng/Downloads/Zuma/assets/Scriptbackground: #aaff85; color: #000;color: #000;
2026-5-20 14:30:48-debug: refresh db internal success
2026-5-20 14:30:48-debug: refresh db assets success
2026-5-20 14:30:48-debug: Run asset db hook engine-extends:afterRefresh ...
2026-5-20 14:30:48-debug: Run asset db hook engine-extends:afterRefresh success!
2026-5-20 14:30:48-debug: asset-db:refresh-all-database (41ms)
2026-5-20 14:30:48-debug: asset-db:worker-effect-data-processing (1ms)
2026-5-20 14:30:48-debug: asset-db-hook-engine-extends-afterRefresh (2ms)
2026-5-20 14:32:38-debug: refresh db internal success
2026-5-20 14:32:38-debug: %cImport%c: /Users/xiejianfeng/Downloads/Zuma/assets/Script/GameManager.tsbackground: #aaff85; color: #000;color: #000;
2026-5-20 14:32:38-debug: refresh db assets success
2026-5-20 14:32:38-debug: Run asset db hook engine-extends:afterRefresh ...
2026-5-20 14:32:38-debug: Run asset db hook engine-extends:afterRefresh success!
2026-5-20 14:32:38-debug: asset-db:refresh-all-database (57ms)
2026-5-20 14:32:38-debug: asset-db:worker-effect-data-processing (3ms)
2026-5-20 14:32:38-debug: asset-db-hook-engine-extends-afterRefresh (4ms)
2026-5-20 14:32:49-debug: refresh db internal success
2026-5-20 14:32:49-debug: refresh db assets success
2026-5-20 14:32:49-debug: Run asset db hook engine-extends:afterRefresh ...
2026-5-20 14:32:49-debug: Run asset db hook engine-extends:afterRefresh success!
2026-5-20 14:32:49-debug: asset-db:refresh-all-database (33ms)
2026-5-20 14:32:49-debug: asset-db:worker-effect-data-processing (1ms)
2026-5-20 14:32:49-debug: asset-db-hook-engine-extends-afterRefresh (1ms)
2026-5-20 14:33:03-debug: refresh db internal success
2026-5-20 14:33:03-debug: refresh db assets success
2026-5-20 14:33:03-debug: Run asset db hook engine-extends:afterRefresh ...
2026-5-20 14:33:03-debug: Run asset db hook engine-extends:afterRefresh success!
2026-5-20 14:33:03-debug: asset-db:refresh-all-database (36ms)
2026-5-20 14:33:03-debug: asset-db-hook-engine-extends-afterRefresh (2ms)
2026-5-20 14:33:09-debug: refresh db internal success
2026-5-20 14:33:09-debug: Run asset db hook engine-extends:afterRefresh ...
2026-5-20 14:33:09-debug: Run asset db hook engine-extends:afterRefresh success!
2026-5-20 14:33:09-debug: refresh db assets success
2026-5-20 14:33:09-debug: asset-db:refresh-all-database (22ms)
2026-5-20 14:33:09-debug: asset-db:worker-effect-data-processing (1ms)
2026-5-20 14:33:09-debug: asset-db-hook-engine-extends-afterRefresh (1ms)
2026-5-20 14:33:52-debug: refresh db internal success
2026-5-20 14:33:52-debug: refresh db assets success
2026-5-20 14:33:52-debug: Run asset db hook engine-extends:afterRefresh ...
2026-5-20 14:33:52-debug: Run asset db hook engine-extends:afterRefresh success!
2026-5-20 14:33:52-debug: asset-db:refresh-all-database (49ms)
2026-5-20 14:33:52-debug: asset-db:worker-effect-data-processing (1ms)
2026-5-20 14:33:52-debug: asset-db-hook-engine-extends-afterRefresh (1ms)
2026-5-20 14:34:06-debug: refresh db internal success
2026-5-20 14:34:06-debug: %cImport%c: /Users/xiejianfeng/Downloads/Zuma/assets/Script/GameManager.tsbackground: #aaff85; color: #000;color: #000;
2026-5-20 14:34:06-debug: refresh db assets success
2026-5-20 14:34:06-debug: Run asset db hook engine-extends:afterRefresh ...
2026-5-20 14:34:06-debug: Run asset db hook engine-extends:afterRefresh success!
2026-5-20 14:34:06-debug: asset-db:refresh-all-database (44ms)
2026-5-20 14:34:06-debug: asset-db:worker-effect-data-processing (3ms)
2026-5-20 14:34:06-debug: asset-db-hook-engine-extends-afterRefresh (4ms)
2026-5-20 14:35:27-debug: refresh db internal success
2026-5-20 14:35:27-debug: refresh db assets success
2026-5-20 14:35:27-debug: Run asset db hook engine-extends:afterRefresh ...
2026-5-20 14:35:27-debug: Run asset db hook engine-extends:afterRefresh success!
2026-5-20 14:35:27-debug: asset-db:refresh-all-database (49ms)
2026-5-20 14:35:27-debug: asset-db:worker-effect-data-processing (1ms)
2026-5-20 14:35:27-debug: asset-db-hook-engine-extends-afterRefresh (2ms)
2026-5-20 14:35:56-debug: refresh db internal success
2026-5-20 14:35:56-debug: refresh db assets success
2026-5-20 14:35:56-debug: Run asset db hook engine-extends:afterRefresh success!
2026-5-20 14:35:56-debug: Run asset db hook engine-extends:afterRefresh ...
2026-5-20 14:35:56-debug: asset-db:refresh-all-database (36ms)
2026-5-20 14:35:56-debug: asset-db:worker-effect-data-processing (1ms)
2026-5-20 14:35:56-debug: asset-db-hook-engine-extends-afterRefresh (1ms)
2026-5-20 14:36:11-debug: refresh db internal success
2026-5-20 14:36:11-debug: refresh db assets success
2026-5-20 14:36:11-debug: Run asset db hook engine-extends:afterRefresh ...
2026-5-20 14:36:11-debug: Run asset db hook engine-extends:afterRefresh success!
2026-5-20 14:36:11-debug: asset-db:refresh-all-database (48ms)
2026-5-20 14:36:11-debug: asset-db:worker-effect-data-processing (1ms)
2026-5-20 14:36:11-debug: asset-db-hook-engine-extends-afterRefresh (1ms)
2026-5-20 14:36:14-debug: refresh db internal success
2026-5-20 14:36:14-debug: refresh db assets success
2026-5-20 14:36:14-debug: Run asset db hook engine-extends:afterRefresh success!
2026-5-20 14:36:14-debug: Run asset db hook engine-extends:afterRefresh ...
2026-5-20 14:36:14-debug: asset-db:refresh-all-database (33ms)
2026-5-20 14:36:18-debug: refresh db internal success
2026-5-20 14:36:18-debug: refresh db assets success
2026-5-20 14:36:18-debug: Run asset db hook engine-extends:afterRefresh ...
2026-5-20 14:36:18-debug: Run asset db hook engine-extends:afterRefresh success!
2026-5-20 14:36:18-debug: asset-db:refresh-all-database (28ms)
2026-5-20 14:36:18-debug: asset-db-hook-engine-extends-afterRefresh (1ms)
2026-5-20 14:36:24-debug: refresh db internal success
2026-5-20 14:36:24-debug: refresh db assets success
2026-5-20 14:36:24-debug: Run asset db hook engine-extends:afterRefresh ...
2026-5-20 14:36:24-debug: Run asset db hook engine-extends:afterRefresh success!
2026-5-20 14:36:24-debug: asset-db:refresh-all-database (35ms)
2026-5-20 14:36:24-debug: asset-db-hook-engine-extends-afterRefresh (1ms)
2026-5-20 14:36:29-debug: refresh db internal success
2026-5-20 14:36:29-debug: refresh db assets success
2026-5-20 14:36:29-debug: Run asset db hook engine-extends:afterRefresh success!
2026-5-20 14:36:29-debug: Run asset db hook engine-extends:afterRefresh ...
2026-5-20 14:36:29-debug: asset-db:refresh-all-database (32ms)
2026-5-20 14:36:33-debug: refresh db internal success
2026-5-20 14:36:33-debug: refresh db assets success
2026-5-20 14:36:33-debug: Run asset db hook engine-extends:afterRefresh ...
2026-5-20 14:36:33-debug: Run asset db hook engine-extends:afterRefresh success!
2026-5-20 14:36:33-debug: asset-db:refresh-all-database (27ms)
2026-5-20 14:36:33-debug: asset-db-hook-engine-extends-afterRefresh (1ms)
2026-5-20 14:36:33-debug: asset-db:worker-effect-data-processing (1ms)
2026-5-20 14:36:46-debug: refresh db internal success
2026-5-20 14:36:46-debug: refresh db assets success
2026-5-20 14:36:46-debug: Run asset db hook engine-extends:afterRefresh ...
2026-5-20 14:36:46-debug: Run asset db hook engine-extends:afterRefresh success!
2026-5-20 14:36:46-debug: asset-db:refresh-all-database (38ms)
2026-5-20 14:36:46-debug: asset-db:worker-effect-data-processing (1ms)
2026-5-20 14:36:46-debug: asset-db-hook-engine-extends-afterRefresh (1ms)
2026-5-20 14:36:51-debug: refresh db internal success
2026-5-20 14:36:51-debug: refresh db assets success
2026-5-20 14:36:51-debug: Run asset db hook engine-extends:afterRefresh success!
2026-5-20 14:36:51-debug: Run asset db hook engine-extends:afterRefresh ...
2026-5-20 14:36:51-debug: asset-db:refresh-all-database (25ms)
2026-5-20 14:36:51-debug: asset-db:worker-effect-data-processing (2ms)
2026-5-20 14:36:51-debug: asset-db-hook-engine-extends-afterRefresh (2ms)
2026-5-20 14:36:54-debug: refresh db internal success
2026-5-20 14:36:54-debug: refresh db assets success
2026-5-20 14:36:54-debug: Run asset db hook engine-extends:afterRefresh ...
2026-5-20 14:36:54-debug: Run asset db hook engine-extends:afterRefresh success!
2026-5-20 14:36:54-debug: asset-db:refresh-all-database (26ms)
2026-5-20 14:36:57-debug: refresh db internal success
2026-5-20 14:36:57-debug: refresh db assets success
2026-5-20 14:36:57-debug: Run asset db hook engine-extends:afterRefresh ...
2026-5-20 14:36:57-debug: Run asset db hook engine-extends:afterRefresh success!
2026-5-20 14:36:57-debug: asset-db:refresh-all-database (25ms)
2026-5-20 14:36:57-debug: asset-db:worker-effect-data-processing (1ms)
2026-5-20 14:36:57-debug: asset-db-hook-engine-extends-afterRefresh (1ms)
2026-5-20 14:37:02-debug: refresh db internal success
2026-5-20 14:37:02-debug: refresh db assets success
2026-5-20 14:37:02-debug: Run asset db hook engine-extends:afterRefresh ...
2026-5-20 14:37:02-debug: Run asset db hook engine-extends:afterRefresh success!
2026-5-20 14:37:02-debug: asset-db:refresh-all-database (25ms)
2026-5-20 14:37:02-debug: asset-db:worker-effect-data-processing (1ms)
2026-5-20 14:37:02-debug: asset-db-hook-engine-extends-afterRefresh (1ms)
2026-5-20 14:37:22-debug: refresh db internal success
2026-5-20 14:37:22-debug: refresh db assets success
2026-5-20 14:37:22-debug: Run asset db hook engine-extends:afterRefresh ...
2026-5-20 14:37:22-debug: Run asset db hook engine-extends:afterRefresh success!
2026-5-20 14:37:22-debug: asset-db:refresh-all-database (37ms)
2026-5-20 14:37:22-debug: asset-db:worker-effect-data-processing (1ms)
2026-5-20 14:37:22-debug: asset-db-hook-engine-extends-afterRefresh (2ms)
2026-5-20 14:37:57-debug: refresh db internal success
2026-5-20 14:37:57-debug: refresh db assets success
2026-5-20 14:37:57-debug: Run asset db hook engine-extends:afterRefresh success!
2026-5-20 14:37:57-debug: Run asset db hook engine-extends:afterRefresh ...
2026-5-20 14:37:57-debug: asset-db:refresh-all-database (43ms)
2026-5-20 14:37:57-debug: asset-db:worker-effect-data-processing (1ms)
2026-5-20 14:37:57-debug: asset-db-hook-engine-extends-afterRefresh (2ms)
2026-5-20 14:38:38-debug: refresh db internal success
2026-5-20 14:38:38-debug: refresh db assets success
2026-5-20 14:38:38-debug: Run asset db hook engine-extends:afterRefresh success!
2026-5-20 14:38:38-debug: Run asset db hook engine-extends:afterRefresh ...
2026-5-20 14:38:38-debug: asset-db:refresh-all-database (42ms)
2026-5-20 14:38:38-debug: asset-db:worker-effect-data-processing (2ms)
2026-5-20 14:38:38-debug: asset-db-hook-engine-extends-afterRefresh (3ms)
2026-5-20 14:39:02-debug: refresh db internal success
2026-5-20 14:39:02-debug: refresh db assets success
2026-5-20 14:39:02-debug: Run asset db hook engine-extends:afterRefresh ...
2026-5-20 14:39:02-debug: Run asset db hook engine-extends:afterRefresh success!
2026-5-20 14:39:02-debug: asset-db:refresh-all-database (42ms)
2026-5-20 14:39:02-debug: asset-db-hook-engine-extends-afterRefresh (4ms)
2026-5-20 14:39:02-debug: asset-db:worker-effect-data-processing (3ms)
2026-5-20 14:39:21-debug: Query all assets info in project
2026-5-20 14:39:21-debug: init custom config: keepNodeUuid: false, useCache: true
2026-5-20 14:39:21-debug: Skip compress image, progress: 0%
2026-5-20 14:39:21-debug: Init all bundles start..., progress: 0%
2026-5-20 14:39:21-debug: // ---- build task 查询 Asset Bundle ----
2026-5-20 14:39:21-debug: Num of bundles: 2..., progress: 0%
2026-5-20 14:39:21-debug: 查询 Asset Bundle start, progress: 0%
2026-5-20 14:39:21-debug: Init bundle root assets start..., progress: 0%
2026-5-20 14:39:21-debug: Query preload assets/scripts from cc.config.json: 60f7195c-ec2a-45eb-ba94-8955f60e81d0,1c02ae6f-4492-4915-b8f8-7492a3b1e4cd,810e96e4-e456-4468-9b59-f4e8f39732c0,efe8e2a3-eace-427b-b4f1-cb8a937ec77d,e9aa9a3e-5b2b-4ac7-a2c7-073de2b2b24f,8bbdbcdd-5cd4-4100-b6d5-b7c9625b6107,50f4348b-c883-4e2f-8f11-ce233b859fa1,fda095cb-831d-4601-ad94-846013963de8,f92806d7-1768-443f-afe8-12bcde84d0f0,dd3a144d-ab7f-41f0-82b8-2e43a090d496,f0416e68-0200-4b77-a926-4f9d16e494da,970b0598-bcb0-4714-91fb-2e81440dccd8,bcd64cc6-2dd9-43f6-abbe-66318d332032,d930590d-bb92-4cc8-8bd1-23cd027f9edf,a3cd009f-0ab0-420d-9278-b9fdab939bbc,6a2d0734-bd9e-4ddf-946e-caa52498cb75,c27215d8-6835-4b68-bfbb-bdeac6100c04,b5d6115f-0370-4d7c-aad3-c194cc71cf98,871c3b6c-7379-419d-bda3-794b239ab90d,ff9b0199-ce04-4cfe-86cc-6c719f08d6e4,de1c2107-70c8-4021-8459-6399f24d01c6,cbf30902-517f-40dc-af90-a550bac27cf1,5c601d96-e4c7-4698-991b-7ee674b11079
2026-5-20 14:39:21-debug:   Number of all scenes: 2
2026-5-20 14:39:21-debug:   Number of other assets: 338
2026-5-20 14:39:21-debug: Init bundle root assets success..., progress: 0%
2026-5-20 14:39:21-debug:   Number of all scripts: 12
2026-5-20 14:39:21-debug: // ---- build task 查询 Asset Bundle ---- (5ms)
2026-5-20 14:39:21-log: run build task 查询 Asset Bundle success in 5 ms√, progress: 5%
2026-5-20 14:39:21-debug: // ---- build task 查询 Asset Bundle ----
2026-5-20 14:39:21-debug: 查询 Asset Bundle start, progress: 5%
2026-5-20 14:39:21-debug: [Build Memory track]: 查询 Asset Bundle start:227.21MB, end 227.02MB, increase: -190.02KB
2026-5-20 14:39:21-debug: // ---- build task 查询 Asset Bundle ---- (2ms)
2026-5-20 14:39:21-debug: [Build Memory track]: 查询 Asset Bundle start:227.05MB, end 227.16MB, increase: 108.01KB
2026-5-20 14:39:21-log: run build task 查询 Asset Bundle success in 2 ms√, progress: 10%
2026-5-20 14:39:21-debug: 整理部分构建选项内数据到 settings.json start, progress: 10%
2026-5-20 14:39:21-debug: // ---- build task 整理部分构建选项内数据到 settings.json ----
2026-5-20 14:39:21-log: run build task 整理部分构建选项内数据到 settings.json success in √, progress: 12%
2026-5-20 14:39:21-debug: [Build Memory track]: 整理部分构建选项内数据到 settings.json start:227.18MB, end 227.20MB, increase: 15.88KB
2026-5-20 14:39:21-debug: 填充脚本数据到 settings.json start, progress: 12%
2026-5-20 14:39:21-debug: // ---- build task 填充脚本数据到 settings.json ----
2026-5-20 14:39:21-debug: // ---- build task 填充脚本数据到 settings.json ---- (1ms)
2026-5-20 14:39:21-debug: [Build Memory track]: 填充脚本数据到 settings.json start:227.23MB, end 227.25MB, increase: 23.53KB
2026-5-20 14:39:21-debug: // ---- build task 整理部分构建选项内数据到 settings.json ----
2026-5-20 14:39:21-debug: 整理部分构建选项内数据到 settings.json start, progress: 13%
2026-5-20 14:39:21-log: run build task 填充脚本数据到 settings.json success in 1 ms√, progress: 13%
2026-5-20 14:39:21-debug: // ---- build task 整理部分构建选项内数据到 settings.json ---- (4ms)
2026-5-20 14:39:21-log: run build task 整理部分构建选项内数据到 settings.json success in 4 ms√, progress: 15%
2026-5-20 14:39:21-debug: [Build Memory track]: 整理部分构建选项内数据到 settings.json start:227.27MB, end 227.40MB, increase: 126.66KB
2026-5-20 14:41:07-debug: refresh db internal success
2026-5-20 14:41:07-debug: %cImport%c: /Users/xiejianfeng/Downloads/Zuma/assets/Script/ZumaCurvePath.tsbackground: #aaff85; color: #000;color: #000;
2026-5-20 14:41:07-debug: refresh db assets success
2026-5-20 14:41:07-debug: Run asset db hook engine-extends:afterRefresh ...
2026-5-20 14:41:07-debug: Run asset db hook engine-extends:afterRefresh success!
2026-5-20 14:41:07-debug: asset-db:refresh-all-database (101ms)
2026-5-20 14:41:07-debug: asset-db:worker-effect-data-processing (2ms)
2026-5-20 14:41:07-debug: asset-db-hook-engine-extends-afterRefresh (3ms)
2026-5-20 14:41:08-debug: %cImport%c: /Users/xiejianfeng/Downloads/Zuma/assets/Scene/Map1.scenebackground: #aaff85; color: #000;color: #000;
2026-5-20 14:41:08-debug: asset-db:reimport-assetba60efc0-dcd1-4d9b-a1fc-495b102b261d (15ms)
2026-5-20 14:41:09-debug: Query all assets info in project
2026-5-20 14:41:09-debug: init custom config: keepNodeUuid: false, useCache: true
2026-5-20 14:41:09-debug: Skip compress image, progress: 0%
2026-5-20 14:41:09-debug: Init all bundles start..., progress: 0%
2026-5-20 14:41:09-debug: // ---- build task 查询 Asset Bundle ----
2026-5-20 14:41:09-debug: 查询 Asset Bundle start, progress: 0%
2026-5-20 14:41:09-debug: Num of bundles: 2..., progress: 0%
2026-5-20 14:41:09-debug: Init bundle root assets start..., progress: 0%
2026-5-20 14:41:09-debug: Query preload assets/scripts from cc.config.json: 60f7195c-ec2a-45eb-ba94-8955f60e81d0,1c02ae6f-4492-4915-b8f8-7492a3b1e4cd,810e96e4-e456-4468-9b59-f4e8f39732c0,efe8e2a3-eace-427b-b4f1-cb8a937ec77d,e9aa9a3e-5b2b-4ac7-a2c7-073de2b2b24f,8bbdbcdd-5cd4-4100-b6d5-b7c9625b6107,50f4348b-c883-4e2f-8f11-ce233b859fa1,fda095cb-831d-4601-ad94-846013963de8,f92806d7-1768-443f-afe8-12bcde84d0f0,dd3a144d-ab7f-41f0-82b8-2e43a090d496,f0416e68-0200-4b77-a926-4f9d16e494da,970b0598-bcb0-4714-91fb-2e81440dccd8,bcd64cc6-2dd9-43f6-abbe-66318d332032,d930590d-bb92-4cc8-8bd1-23cd027f9edf,a3cd009f-0ab0-420d-9278-b9fdab939bbc,6a2d0734-bd9e-4ddf-946e-caa52498cb75,c27215d8-6835-4b68-bfbb-bdeac6100c04,b5d6115f-0370-4d7c-aad3-c194cc71cf98,871c3b6c-7379-419d-bda3-794b239ab90d,ff9b0199-ce04-4cfe-86cc-6c719f08d6e4,de1c2107-70c8-4021-8459-6399f24d01c6,cbf30902-517f-40dc-af90-a550bac27cf1,5c601d96-e4c7-4698-991b-7ee674b11079
2026-5-20 14:41:09-debug: Init bundle root assets success..., progress: 0%
2026-5-20 14:41:09-debug:   Number of all scenes: 2
2026-5-20 14:41:09-debug:   Number of all scripts: 12
2026-5-20 14:41:09-debug:   Number of other assets: 338
2026-5-20 14:41:09-debug: [Build Memory track]: 查询 Asset Bundle start:228.37MB, end 228.09MB, increase: -286.75KB
2026-5-20 14:41:09-debug: 查询 Asset Bundle start, progress: 5%
2026-5-20 14:41:09-log: run build task 查询 Asset Bundle success in 5 ms√, progress: 5%
2026-5-20 14:41:09-debug: // ---- build task 查询 Asset Bundle ---- (5ms)
2026-5-20 14:41:09-debug: // ---- build task 查询 Asset Bundle ----
2026-5-20 14:41:09-debug: // ---- build task 查询 Asset Bundle ---- (2ms)
2026-5-20 14:41:09-log: run build task 查询 Asset Bundle success in 2 ms√, progress: 10%
2026-5-20 14:41:09-debug: [Build Memory track]: 查询 Asset Bundle start:228.12MB, end 228.22MB, increase: 106.63KB
2026-5-20 14:41:09-debug: 整理部分构建选项内数据到 settings.json start, progress: 10%
2026-5-20 14:41:09-debug: // ---- build task 整理部分构建选项内数据到 settings.json ----
2026-5-20 14:41:10-debug: // ---- build task 整理部分构建选项内数据到 settings.json ---- (1ms)
2026-5-20 14:41:10-debug: 填充脚本数据到 settings.json start, progress: 12%
2026-5-20 14:41:10-log: run build task 整理部分构建选项内数据到 settings.json success in 1 ms√, progress: 12%
2026-5-20 14:41:10-debug: [Build Memory track]: 整理部分构建选项内数据到 settings.json start:228.25MB, end 228.27MB, increase: 24.77KB
2026-5-20 14:41:10-debug: // ---- build task 填充脚本数据到 settings.json ----
2026-5-20 14:41:10-debug: 整理部分构建选项内数据到 settings.json start, progress: 13%
2026-5-20 14:41:10-log: run build task 填充脚本数据到 settings.json success in √, progress: 13%
2026-5-20 14:41:10-debug: // ---- build task 整理部分构建选项内数据到 settings.json ----
2026-5-20 14:41:10-debug: [Build Memory track]: 填充脚本数据到 settings.json start:228.30MB, end 228.31MB, increase: 13.05KB
2026-5-20 14:41:10-debug: // ---- build task 整理部分构建选项内数据到 settings.json ---- (3ms)
2026-5-20 14:41:10-log: run build task 整理部分构建选项内数据到 settings.json success in 3 ms√, progress: 15%
2026-5-20 14:41:10-debug: [Build Memory track]: 整理部分构建选项内数据到 settings.json start:228.34MB, end 227.71MB, increase: -645.59KB
2026-5-20 14:41:45-debug: refresh db internal success
2026-5-20 14:41:45-debug: %cImport%c: /Users/xiejianfeng/Downloads/Zuma/assets/Script/ZumaCurvePath.tsbackground: #aaff85; color: #000;color: #000;
2026-5-20 14:41:45-debug: refresh db assets success
2026-5-20 14:41:45-debug: Run asset db hook engine-extends:afterRefresh ...
2026-5-20 14:41:45-debug: Run asset db hook engine-extends:afterRefresh success!
2026-5-20 14:41:45-debug: asset-db:refresh-all-database (59ms)
2026-5-20 14:41:45-debug: asset-db:worker-effect-data-processing (1ms)
2026-5-20 14:41:45-debug: asset-db-hook-engine-extends-afterRefresh (2ms)
2026-5-20 14:41:47-debug: Query all assets info in project
2026-5-20 14:41:47-debug: init custom config: keepNodeUuid: false, useCache: true
2026-5-20 14:41:47-debug: Skip compress image, progress: 0%
2026-5-20 14:41:47-debug: Init all bundles start..., progress: 0%
2026-5-20 14:41:47-debug: Num of bundles: 2..., progress: 0%
2026-5-20 14:41:47-debug: 查询 Asset Bundle start, progress: 0%
2026-5-20 14:41:47-debug: // ---- build task 查询 Asset Bundle ----
2026-5-20 14:41:47-debug: Init bundle root assets start..., progress: 0%
2026-5-20 14:41:47-debug: Query preload assets/scripts from cc.config.json: 60f7195c-ec2a-45eb-ba94-8955f60e81d0,1c02ae6f-4492-4915-b8f8-7492a3b1e4cd,810e96e4-e456-4468-9b59-f4e8f39732c0,efe8e2a3-eace-427b-b4f1-cb8a937ec77d,e9aa9a3e-5b2b-4ac7-a2c7-073de2b2b24f,8bbdbcdd-5cd4-4100-b6d5-b7c9625b6107,50f4348b-c883-4e2f-8f11-ce233b859fa1,fda095cb-831d-4601-ad94-846013963de8,f92806d7-1768-443f-afe8-12bcde84d0f0,dd3a144d-ab7f-41f0-82b8-2e43a090d496,f0416e68-0200-4b77-a926-4f9d16e494da,970b0598-bcb0-4714-91fb-2e81440dccd8,bcd64cc6-2dd9-43f6-abbe-66318d332032,d930590d-bb92-4cc8-8bd1-23cd027f9edf,a3cd009f-0ab0-420d-9278-b9fdab939bbc,6a2d0734-bd9e-4ddf-946e-caa52498cb75,c27215d8-6835-4b68-bfbb-bdeac6100c04,b5d6115f-0370-4d7c-aad3-c194cc71cf98,871c3b6c-7379-419d-bda3-794b239ab90d,ff9b0199-ce04-4cfe-86cc-6c719f08d6e4,de1c2107-70c8-4021-8459-6399f24d01c6,cbf30902-517f-40dc-af90-a550bac27cf1,5c601d96-e4c7-4698-991b-7ee674b11079
2026-5-20 14:41:47-debug:   Number of other assets: 338
2026-5-20 14:41:47-debug:   Number of all scenes: 2
2026-5-20 14:41:47-debug: Init bundle root assets success..., progress: 0%
2026-5-20 14:41:47-debug:   Number of all scripts: 12
2026-5-20 14:41:47-debug: // ---- build task 查询 Asset Bundle ---- (5ms)
2026-5-20 14:41:47-log: run build task 查询 Asset Bundle success in 5 ms√, progress: 5%
2026-5-20 14:41:47-debug: 查询 Asset Bundle start, progress: 5%
2026-5-20 14:41:47-debug: // ---- build task 查询 Asset Bundle ----
2026-5-20 14:41:47-debug: [Build Memory track]: 查询 Asset Bundle start:228.37MB, end 228.05MB, increase: -328.57KB
2026-5-20 14:41:47-debug: // ---- build task 查询 Asset Bundle ---- (1ms)
2026-5-20 14:41:47-debug: [Build Memory track]: 查询 Asset Bundle start:228.08MB, end 228.18MB, increase: 104.70KB
2026-5-20 14:41:47-debug: 整理部分构建选项内数据到 settings.json start, progress: 10%
2026-5-20 14:41:47-log: run build task 查询 Asset Bundle success in 1 ms√, progress: 10%
2026-5-20 14:41:47-debug: // ---- build task 整理部分构建选项内数据到 settings.json ----
2026-5-20 14:41:47-debug: // ---- build task 整理部分构建选项内数据到 settings.json ---- (1ms)
2026-5-20 14:41:47-debug: [Build Memory track]: 整理部分构建选项内数据到 settings.json start:228.21MB, end 228.23MB, increase: 25.55KB
2026-5-20 14:41:47-debug: 填充脚本数据到 settings.json start, progress: 12%
2026-5-20 14:41:47-log: run build task 整理部分构建选项内数据到 settings.json success in 1 ms√, progress: 12%
2026-5-20 14:41:47-debug: // ---- build task 填充脚本数据到 settings.json ----
2026-5-20 14:41:47-debug: // ---- build task 填充脚本数据到 settings.json ---- (1ms)
2026-5-20 14:41:47-debug: 整理部分构建选项内数据到 settings.json start, progress: 13%
2026-5-20 14:41:47-log: run build task 填充脚本数据到 settings.json success in 1 ms√, progress: 13%
2026-5-20 14:41:47-debug: [Build Memory track]: 填充脚本数据到 settings.json start:228.26MB, end 228.28MB, increase: 24.16KB
2026-5-20 14:41:47-debug: // ---- build task 整理部分构建选项内数据到 settings.json ----
2026-5-20 14:41:47-debug: // ---- build task 整理部分构建选项内数据到 settings.json ---- (3ms)
2026-5-20 14:41:47-log: run build task 整理部分构建选项内数据到 settings.json success in 3 ms√, progress: 15%
2026-5-20 14:41:47-debug: [Build Memory track]: 整理部分构建选项内数据到 settings.json start:228.31MB, end 228.43MB, increase: 122.21KB
2026-5-20 14:41:54-debug: Query all assets info in project
2026-5-20 14:41:54-debug: init custom config: keepNodeUuid: false, useCache: true
2026-5-20 14:41:54-debug: Skip compress image, progress: 0%
2026-5-20 14:41:54-debug: Init all bundles start..., progress: 0%
2026-5-20 14:41:54-debug: Num of bundles: 2..., progress: 0%
2026-5-20 14:41:54-debug: 查询 Asset Bundle start, progress: 0%
2026-5-20 14:41:54-debug: // ---- build task 查询 Asset Bundle ----
2026-5-20 14:41:54-debug: Init bundle root assets start..., progress: 0%
2026-5-20 14:41:54-debug: Query preload assets/scripts from cc.config.json: 60f7195c-ec2a-45eb-ba94-8955f60e81d0,1c02ae6f-4492-4915-b8f8-7492a3b1e4cd,810e96e4-e456-4468-9b59-f4e8f39732c0,efe8e2a3-eace-427b-b4f1-cb8a937ec77d,e9aa9a3e-5b2b-4ac7-a2c7-073de2b2b24f,8bbdbcdd-5cd4-4100-b6d5-b7c9625b6107,50f4348b-c883-4e2f-8f11-ce233b859fa1,fda095cb-831d-4601-ad94-846013963de8,f92806d7-1768-443f-afe8-12bcde84d0f0,dd3a144d-ab7f-41f0-82b8-2e43a090d496,f0416e68-0200-4b77-a926-4f9d16e494da,970b0598-bcb0-4714-91fb-2e81440dccd8,bcd64cc6-2dd9-43f6-abbe-66318d332032,d930590d-bb92-4cc8-8bd1-23cd027f9edf,a3cd009f-0ab0-420d-9278-b9fdab939bbc,6a2d0734-bd9e-4ddf-946e-caa52498cb75,c27215d8-6835-4b68-bfbb-bdeac6100c04,b5d6115f-0370-4d7c-aad3-c194cc71cf98,871c3b6c-7379-419d-bda3-794b239ab90d,ff9b0199-ce04-4cfe-86cc-6c719f08d6e4,de1c2107-70c8-4021-8459-6399f24d01c6,cbf30902-517f-40dc-af90-a550bac27cf1,5c601d96-e4c7-4698-991b-7ee674b11079
2026-5-20 14:41:54-debug:   Number of all scenes: 2
2026-5-20 14:41:54-debug: Init bundle root assets success..., progress: 0%
2026-5-20 14:41:54-debug:   Number of all scripts: 12
2026-5-20 14:41:54-debug:   Number of other assets: 338
2026-5-20 14:41:54-debug: // ---- build task 查询 Asset Bundle ---- (7ms)
2026-5-20 14:41:54-log: run build task 查询 Asset Bundle success in 7 ms√, progress: 5%
2026-5-20 14:41:54-debug: [Build Memory track]: 查询 Asset Bundle start:228.73MB, end 228.30MB, increase: -434.48KB
2026-5-20 14:41:54-debug: 查询 Asset Bundle start, progress: 5%
2026-5-20 14:41:54-debug: // ---- build task 查询 Asset Bundle ----
2026-5-20 14:41:54-debug: // ---- build task 查询 Asset Bundle ---- (1ms)
2026-5-20 14:41:54-debug: [Build Memory track]: 查询 Asset Bundle start:228.33MB, end 228.43MB, increase: 104.56KB
2026-5-20 14:41:54-log: run build task 查询 Asset Bundle success in 1 ms√, progress: 10%
2026-5-20 14:41:54-debug: 整理部分构建选项内数据到 settings.json start, progress: 10%
2026-5-20 14:41:54-debug: // ---- build task 整理部分构建选项内数据到 settings.json ----
2026-5-20 14:41:54-log: run build task 整理部分构建选项内数据到 settings.json success in √, progress: 12%
2026-5-20 14:41:54-debug: [Build Memory track]: 整理部分构建选项内数据到 settings.json start:228.46MB, end 228.47MB, increase: 15.90KB
2026-5-20 14:41:54-debug: 填充脚本数据到 settings.json start, progress: 12%
2026-5-20 14:41:54-debug: // ---- build task 填充脚本数据到 settings.json ----
2026-5-20 14:41:54-log: run build task 填充脚本数据到 settings.json success in √, progress: 13%
2026-5-20 14:41:54-debug: [Build Memory track]: 填充脚本数据到 settings.json start:228.50MB, end 228.51MB, increase: 14.66KB
2026-5-20 14:41:54-debug: 整理部分构建选项内数据到 settings.json start, progress: 13%
2026-5-20 14:41:54-debug: // ---- build task 整理部分构建选项内数据到 settings.json ----
2026-5-20 14:41:54-debug: // ---- build task 整理部分构建选项内数据到 settings.json ---- (3ms)
2026-5-20 14:41:54-log: run build task 整理部分构建选项内数据到 settings.json success in 3 ms√, progress: 15%
2026-5-20 14:41:54-debug: [Build Memory track]: 整理部分构建选项内数据到 settings.json start:228.54MB, end 228.66MB, increase: 121.45KB
2026-5-20 14:42:16-debug: %cImport%c: /Users/xiejianfeng/Downloads/Zuma/assets/Scene/Map1.scenebackground: #aaff85; color: #000;color: #000;
2026-5-20 14:42:16-debug: asset-db:reimport-assetba60efc0-dcd1-4d9b-a1fc-495b102b261d (8ms)
2026-5-20 14:42:31-debug: refresh db internal success
2026-5-20 14:42:31-debug: %cImport%c: /Users/xiejianfeng/Downloads/Zuma/assets/Script/ZumaCurvePath.tsbackground: #aaff85; color: #000;color: #000;
2026-5-20 14:42:31-debug: refresh db assets success
2026-5-20 14:42:31-debug: Run asset db hook engine-extends:afterRefresh ...
2026-5-20 14:42:31-debug: Run asset db hook engine-extends:afterRefresh success!
2026-5-20 14:42:31-debug: asset-db:refresh-all-database (32ms)
2026-5-20 14:42:31-debug: asset-db:worker-effect-data-processing (1ms)
2026-5-20 14:42:31-debug: asset-db-hook-engine-extends-afterRefresh (1ms)
