2026-5-19 22:53:16-log: Cannot access game frame or container.
2026-5-19 22:53:17-debug: asset-db:require-engine-code (615ms)
2026-5-19 22:53:17-log: meshopt wasm decoder initialized
2026-5-19 22:53:17-log: [box2d]:box2d wasm lib loaded.
2026-5-19 22:53:17-log: [bullet]:bullet wasm lib loaded.
2026-5-19 22:53:17-log: Cocos Creator v3.8.8
2026-5-19 22:53:17-log: Using legacy pipeline
2026-5-19 22:53:17-log: Forward render pipeline initialized.
2026-5-19 22:53:17-debug: [Assets Memory track]: asset-db:worker-init: initEngine start:30.13MB, end 79.13MB, increase: 49.00MB
2026-5-19 22:53:18-debug: [Assets Memory track]: asset-db:worker-init: initPlugin start:79.21MB, end 274.05MB, increase: 194.84MB
2026-5-19 22:53:18-debug: run package(linux) handler(enable) start
2026-5-19 22:53:18-debug: run package(linux) handler(enable) success!
2026-5-19 22:53:18-debug: run package(mac) handler(enable) start
2026-5-19 22:53:18-debug: run package(migu-mini-game) handler(enable) start
2026-5-19 22:53:18-debug: run package(migu-mini-game) handler(enable) success!
2026-5-19 22:53:18-debug: run package(ohos) handler(enable) start
2026-5-19 22:53:18-debug: run package(ohos) handler(enable) success!
2026-5-19 22:53:18-debug: run package(oppo-mini-game) handler(enable) start
2026-5-19 22:53:18-debug: run package(oppo-mini-game) handler(enable) success!
2026-5-19 22:53:18-debug: run package(runtime-dev-tools) handler(enable) start
2026-5-19 22:53:18-debug: run package(runtime-dev-tools) handler(enable) success!
2026-5-19 22:53:18-debug: run package(taobao-mini-game) handler(enable) start
2026-5-19 22:53:18-debug: run package(taobao-mini-game) handler(enable) success!
2026-5-19 22:53:18-debug: run package(vivo-mini-game) handler(enable) start
2026-5-19 22:53:18-debug: run package(vivo-mini-game) handler(enable) success!
2026-5-19 22:53:18-debug: run package(web-desktop) handler(enable) start
2026-5-19 22:53:18-debug: run package(web-desktop) handler(enable) success!
2026-5-19 22:53:18-debug: run package(web-mobile) handler(enable) start
2026-5-19 22:53:18-debug: run package(web-mobile) handler(enable) success!
2026-5-19 22:53:18-debug: run package(wechatgame) handler(enable) start
2026-5-19 22:53:18-debug: run package(wechatgame) handler(enable) success!
2026-5-19 22:53:18-debug: run package(wechatprogram) handler(enable) start
2026-5-19 22:53:18-debug: run package(wechatprogram) handler(enable) success!
2026-5-19 22:53:18-debug: run package(windows) handler(enable) start
2026-5-19 22:53:18-debug: run package(windows) handler(enable) success!
2026-5-19 22:53:18-debug: run package(xiaomi-quick-game) handler(enable) start
2026-5-19 22:53:18-debug: run package(xiaomi-quick-game) handler(enable) success!
2026-5-19 22:53:18-debug: run package(cocos-service) handler(enable) start
2026-5-19 22:53:18-debug: run package(cocos-service) handler(enable) success!
2026-5-19 22:53:18-debug: run package(im-plugin) handler(enable) success!
2026-5-19 22:53:18-debug: run package(im-plugin) handler(enable) start
2026-5-19 22:53:18-debug: run package(placeholder) handler(enable) start
2026-5-19 22:53:18-debug: run package(placeholder) handler(enable) success!
2026-5-19 22:53:18-debug: run package(native) handler(enable) success!
2026-5-19 22:53:18-debug: run package(mac) handler(enable) success!
2026-5-19 22:53:18-debug: run package(native) handler(enable) start
2026-5-19 22:53:18-debug: asset-db:worker-init: initPlugin (1242ms)
2026-5-19 22:53:18-debug: [Assets Memory track]: asset-db:worker-init start:30.12MB, end 275.34MB, increase: 245.22MB
2026-5-19 22:53:18-debug: Run asset db hook engine-extends:beforePreStart success!
2026-5-19 22:53:18-debug: Run asset db hook programming:beforePreStart ...
2026-5-19 22:53:18-debug: Run asset db hook programming:beforePreStart success!
2026-5-19 22:53:18-debug: Run asset db hook engine-extends:beforePreStart ...
2026-5-19 22:53:18-debug: asset-db:worker-init (1996ms)
2026-5-19 22:53:18-debug: asset-db-hook-programming-beforePreStart (73ms)
2026-5-19 22:53:18-debug: asset-db-hook-engine-extends-beforePreStart (73ms)
2026-5-19 22:53:18-debug: Preimport db internal success
2026-5-19 22:53:18-debug: Preimport db assets success
2026-5-19 22:53:18-debug: Run asset db hook programming:afterPreStart ...
2026-5-19 22:53:18-debug: starting packer-driver...
2026-5-19 22:53:18-debug: initialize scripting environment...
2026-5-19 22:53:18-debug: [[Executor]] prepare before lock
2026-5-19 22:53:18-debug: Set detail map pack:///resolution-detail-map.json: {}
2026-5-19 22:53:18-debug: Run asset db hook programming:afterPreStart success!
2026-5-19 22:53:18-debug: [[Executor]] prepare after unlock
2026-5-19 22:53:18-debug: Start up the 'internal' database...
2026-5-19 22:53:19-debug: asset-db-hook-programming-afterPreStart (554ms)
2026-5-19 22:53:19-debug: asset-db:worker-effect-data-processing (369ms)
2026-5-19 22:53:19-debug: asset-db-hook-engine-extends-afterPreStart (370ms)
2026-5-19 22:53:18-debug: Run asset db hook engine-extends:afterPreStart success!
2026-5-19 22:53:18-debug: Run asset db hook engine-extends:afterPreStart ...
2026-5-19 22:53:18-debug: [Assets Memory track]: asset-db:worker-init: preStart start:275.35MB, end 279.86MB, increase: 4.51MB
2026-5-19 22:53:19-debug: Run asset db hook engine-extends:afterStartDB ...
2026-5-19 22:53:19-debug: recompile effect.bin success
2026-5-19 22:53:19-debug: Run asset db hook engine-extends:afterStartDB success!
2026-5-19 22:53:19-debug: Start up the 'assets' database...
2026-5-19 22:53:19-debug: asset-db:worker-effect-data-processing (475ms)
2026-5-19 22:53:19-debug: asset-db-hook-engine-extends-afterStartDB (476ms)
2026-5-19 22:53:19-debug: Run asset db hook engine-extends:afterStartDB ...
2026-5-19 22:53:19-debug: recompile effect.bin success
2026-5-19 22:53:19-debug: lazy register asset handler directory
2026-5-19 22:53:19-debug: lazy register asset handler text
2026-5-19 22:53:19-debug: lazy register asset handler json
2026-5-19 22:53:19-debug: [Assets Memory track]: asset-db:worker-init: startup start:279.87MB, end 302.49MB, increase: 22.61MB
2026-5-19 22:53:19-debug: lazy register asset handler dragonbones
2026-5-19 22:53:19-debug: lazy register asset handler dragonbones-atlas
2026-5-19 22:53:19-debug: lazy register asset handler terrain
2026-5-19 22:53:19-debug: lazy register asset handler javascript
2026-5-19 22:53:19-debug: lazy register asset handler typescript
2026-5-19 22:53:19-debug: lazy register asset handler scene
2026-5-19 22:53:19-debug: lazy register asset handler *
2026-5-19 22:53:19-debug: lazy register asset handler sprite-frame
2026-5-19 22:53:19-debug: lazy register asset handler tiled-map
2026-5-19 22:53:19-debug: lazy register asset handler buffer
2026-5-19 22:53:19-debug: lazy register asset handler image
2026-5-19 22:53:19-debug: lazy register asset handler sign-image
2026-5-19 22:53:19-debug: lazy register asset handler alpha-image
2026-5-19 22:53:19-debug: lazy register asset handler texture
2026-5-19 22:53:19-debug: lazy register asset handler texture-cube
2026-5-19 22:53:19-debug: lazy register asset handler erp-texture-cube
2026-5-19 22:53:19-debug: lazy register asset handler render-texture
2026-5-19 22:53:19-debug: lazy register asset handler prefab
2026-5-19 22:53:19-debug: lazy register asset handler texture-cube-face
2026-5-19 22:53:19-debug: lazy register asset handler gltf
2026-5-19 22:53:19-debug: lazy register asset handler gltf-mesh
2026-5-19 22:53:19-debug: lazy register asset handler gltf-animation
2026-5-19 22:53:19-debug: lazy register asset handler gltf-skeleton
2026-5-19 22:53:19-debug: lazy register asset handler gltf-material
2026-5-19 22:53:19-debug: lazy register asset handler gltf-scene
2026-5-19 22:53:19-debug: lazy register asset handler gltf-embeded-image
2026-5-19 22:53:19-debug: lazy register asset handler fbx
2026-5-19 22:53:19-debug: lazy register asset handler material
2026-5-19 22:53:19-debug: lazy register asset handler physics-material
2026-5-19 22:53:19-debug: lazy register asset handler effect
2026-5-19 22:53:19-debug: lazy register asset handler effect-header
2026-5-19 22:53:19-debug: lazy register asset handler audio-clip
2026-5-19 22:53:19-debug: lazy register asset handler animation-clip
2026-5-19 22:53:19-debug: lazy register asset handler animation-graph
2026-5-19 22:53:19-debug: lazy register asset handler animation-graph-variant
2026-5-19 22:53:19-debug: lazy register asset handler animation-mask
2026-5-19 22:53:19-debug: lazy register asset handler ttf-font
2026-5-19 22:53:19-debug: lazy register asset handler bitmap-font
2026-5-19 22:53:19-debug: lazy register asset handler particle
2026-5-19 22:53:19-debug: lazy register asset handler sprite-atlas
2026-5-19 22:53:19-debug: lazy register asset handler auto-atlas
2026-5-19 22:53:19-debug: lazy register asset handler label-atlas
2026-5-19 22:53:19-debug: lazy register asset handler render-pipeline
2026-5-19 22:53:19-debug: lazy register asset handler render-stage
2026-5-19 22:53:19-debug: lazy register asset handler render-flow
2026-5-19 22:53:19-debug: lazy register asset handler instantiation-material
2026-5-19 22:53:19-debug: lazy register asset handler instantiation-mesh
2026-5-19 22:53:19-debug: lazy register asset handler instantiation-skeleton
2026-5-19 22:53:19-debug: lazy register asset handler rt-sprite-frame
2026-5-19 22:53:19-debug: lazy register asset handler video-clip
2026-5-19 22:53:19-debug: lazy register asset handler spine-data
2026-5-19 22:53:19-debug: lazy register asset handler instantiation-animation
2026-5-19 22:53:19-debug: Run asset db hook engine-extends:afterStartDB success!
2026-5-19 22:53:20-debug: asset-db:worker-effect-data-processing (243ms)
2026-5-19 22:53:20-debug: asset-db-hook-engine-extends-afterStartDB (243ms)
2026-5-19 22:53:20-debug: asset-db:start-database (1468ms)
2026-5-19 22:53:20-debug: asset-db:ready (4892ms)
2026-5-19 22:53:20-debug: init worker message success
2026-5-19 22:53:20-debug: programming:execute-script (7ms)
2026-5-19 22:53:20-debug: [Build Memory track]: builder:worker-init start:300.15MB, end 310.83MB, increase: 10.69MB
2026-5-19 22:53:20-debug: builder:worker-init (345ms)
2026-5-19 22:53:32-debug: refresh db internal success
2026-5-19 22:53:32-debug: refresh db assets success
2026-5-19 22:53:32-debug: Run asset db hook engine-extends:afterRefresh ...
2026-5-19 22:53:32-debug: Run asset db hook engine-extends:afterRefresh success!
2026-5-19 22:53:32-debug: asset-db:refresh-all-database (72ms)
2026-5-19 22:53:32-debug: asset-db:worker-effect-data-processing (1ms)
2026-5-19 22:53:32-debug: asset-db-hook-engine-extends-afterRefresh (2ms)
2026-5-19 22:53:44-debug: Query all assets info in project
2026-5-19 22:53:44-debug: init custom config: keepNodeUuid: false, useCache: true
2026-5-19 22:53:44-debug: Skip compress image, progress: 0%
2026-5-19 22:53:44-debug: Init all bundles start..., progress: 0%
2026-5-19 22:53:44-debug: Num of bundles: 2..., progress: 0%
2026-5-19 22:53:44-debug: 查询 Asset Bundle start, progress: 0%
2026-5-19 22:53:44-debug: // ---- build task 查询 Asset Bundle ----
2026-5-19 22:53:44-debug: Init bundle root assets start..., progress: 0%
2026-5-19 22:53:44-debug: Query preload assets/scripts from cc.config.json: 60f7195c-ec2a-45eb-ba94-8955f60e81d0,1c02ae6f-4492-4915-b8f8-7492a3b1e4cd,810e96e4-e456-4468-9b59-f4e8f39732c0,efe8e2a3-eace-427b-b4f1-cb8a937ec77d,e9aa9a3e-5b2b-4ac7-a2c7-073de2b2b24f,8bbdbcdd-5cd4-4100-b6d5-b7c9625b6107,50f4348b-c883-4e2f-8f11-ce233b859fa1,fda095cb-831d-4601-ad94-846013963de8,f92806d7-1768-443f-afe8-12bcde84d0f0,dd3a144d-ab7f-41f0-82b8-2e43a090d496,f0416e68-0200-4b77-a926-4f9d16e494da,970b0598-bcb0-4714-91fb-2e81440dccd8,bcd64cc6-2dd9-43f6-abbe-66318d332032,d930590d-bb92-4cc8-8bd1-23cd027f9edf,a3cd009f-0ab0-420d-9278-b9fdab939bbc,6a2d0734-bd9e-4ddf-946e-caa52498cb75,c27215d8-6835-4b68-bfbb-bdeac6100c04,b5d6115f-0370-4d7c-aad3-c194cc71cf98,871c3b6c-7379-419d-bda3-794b239ab90d,ff9b0199-ce04-4cfe-86cc-6c719f08d6e4,de1c2107-70c8-4021-8459-6399f24d01c6,cbf30902-517f-40dc-af90-a550bac27cf1,5c601d96-e4c7-4698-991b-7ee674b11079
2026-5-19 22:53:44-debug:   Number of all scenes: 2
2026-5-19 22:53:44-debug:   Number of all scripts: 9
2026-5-19 22:53:44-debug:   Number of other assets: 338
2026-5-19 22:53:44-debug: Init bundle root assets success..., progress: 0%
2026-5-19 22:53:44-debug: // ---- build task 查询 Asset Bundle ---- (8ms)
2026-5-19 22:53:44-debug: [Build Memory track]: 查询 Asset Bundle start:223.67MB, end 223.53MB, increase: -137.09KB
2026-5-19 22:53:44-debug: // ---- build task 查询 Asset Bundle ----
2026-5-19 22:53:44-log: run build task 查询 Asset Bundle success in 8 ms√, progress: 5%
2026-5-19 22:53:44-debug: 查询 Asset Bundle start, progress: 5%
2026-5-19 22:53:44-debug: // ---- build task 查询 Asset Bundle ---- (2ms)
2026-5-19 22:53:44-debug: [Build Memory track]: 查询 Asset Bundle start:223.59MB, end 223.69MB, increase: 103.39KB
2026-5-19 22:53:44-debug: 整理部分构建选项内数据到 settings.json start, progress: 10%
2026-5-19 22:53:44-debug: // ---- build task 整理部分构建选项内数据到 settings.json ----
2026-5-19 22:53:44-log: run build task 查询 Asset Bundle success in 2 ms√, progress: 10%
2026-5-19 22:53:44-log: run build task 整理部分构建选项内数据到 settings.json success in √, progress: 12%
2026-5-19 22:53:44-debug: [Build Memory track]: 整理部分构建选项内数据到 settings.json start:223.73MB, end 223.75MB, increase: 19.59KB
2026-5-19 22:53:44-debug: 填充脚本数据到 settings.json start, progress: 12%
2026-5-19 22:53:44-debug: // ---- build task 填充脚本数据到 settings.json ----
2026-5-19 22:53:44-debug: // ---- build task 填充脚本数据到 settings.json ---- (1ms)
2026-5-19 22:53:44-debug: [Build Memory track]: 填充脚本数据到 settings.json start:223.80MB, end 223.82MB, increase: 26.44KB
2026-5-19 22:53:44-debug: 整理部分构建选项内数据到 settings.json start, progress: 13%
2026-5-19 22:53:44-debug: // ---- build task 整理部分构建选项内数据到 settings.json ----
2026-5-19 22:53:44-log: run build task 填充脚本数据到 settings.json success in 1 ms√, progress: 13%
2026-5-19 22:53:44-debug: // ---- build task 整理部分构建选项内数据到 settings.json ---- (4ms)
2026-5-19 22:53:44-log: run build task 整理部分构建选项内数据到 settings.json success in 4 ms√, progress: 15%
2026-5-19 22:53:44-debug: [Build Memory track]: 整理部分构建选项内数据到 settings.json start:223.86MB, end 224.00MB, increase: 146.15KB
2026-5-19 22:53:51-debug: %cImport%c: /Users/xiejianfeng/Downloads/Zuma/assets/Scene/Map1.scenebackground: #aaff85; color: #000;color: #000;
2026-5-19 22:53:51-debug: asset-db:reimport-assetba60efc0-dcd1-4d9b-a1fc-495b102b261d (11ms)
2026-5-19 22:53:53-debug: Query all assets info in project
2026-5-19 22:53:53-debug: init custom config: keepNodeUuid: false, useCache: true
2026-5-19 22:53:53-debug: Skip compress image, progress: 0%
2026-5-19 22:53:53-debug: Init all bundles start..., progress: 0%
2026-5-19 22:53:53-debug: Init bundle root assets start..., progress: 0%
2026-5-19 22:53:53-debug: Num of bundles: 2..., progress: 0%
2026-5-19 22:53:53-debug: // ---- build task 查询 Asset Bundle ----
2026-5-19 22:53:53-debug: 查询 Asset Bundle start, progress: 0%
2026-5-19 22:53:53-debug: Query preload assets/scripts from cc.config.json: 60f7195c-ec2a-45eb-ba94-8955f60e81d0,1c02ae6f-4492-4915-b8f8-7492a3b1e4cd,810e96e4-e456-4468-9b59-f4e8f39732c0,efe8e2a3-eace-427b-b4f1-cb8a937ec77d,e9aa9a3e-5b2b-4ac7-a2c7-073de2b2b24f,8bbdbcdd-5cd4-4100-b6d5-b7c9625b6107,50f4348b-c883-4e2f-8f11-ce233b859fa1,fda095cb-831d-4601-ad94-846013963de8,f92806d7-1768-443f-afe8-12bcde84d0f0,dd3a144d-ab7f-41f0-82b8-2e43a090d496,f0416e68-0200-4b77-a926-4f9d16e494da,970b0598-bcb0-4714-91fb-2e81440dccd8,bcd64cc6-2dd9-43f6-abbe-66318d332032,d930590d-bb92-4cc8-8bd1-23cd027f9edf,a3cd009f-0ab0-420d-9278-b9fdab939bbc,6a2d0734-bd9e-4ddf-946e-caa52498cb75,c27215d8-6835-4b68-bfbb-bdeac6100c04,b5d6115f-0370-4d7c-aad3-c194cc71cf98,871c3b6c-7379-419d-bda3-794b239ab90d,ff9b0199-ce04-4cfe-86cc-6c719f08d6e4,de1c2107-70c8-4021-8459-6399f24d01c6,cbf30902-517f-40dc-af90-a550bac27cf1,5c601d96-e4c7-4698-991b-7ee674b11079
2026-5-19 22:53:53-debug:   Number of all scenes: 2
2026-5-19 22:53:53-debug:   Number of all scripts: 9
2026-5-19 22:53:53-debug:   Number of other assets: 338
2026-5-19 22:53:53-debug: Init bundle root assets success..., progress: 0%
2026-5-19 22:53:53-debug: // ---- build task 查询 Asset Bundle ---- (3ms)
2026-5-19 22:53:53-debug: [Build Memory track]: 查询 Asset Bundle start:222.20MB, end 222.11MB, increase: -88.58KB
2026-5-19 22:53:53-debug: 查询 Asset Bundle start, progress: 5%
2026-5-19 22:53:53-debug: // ---- build task 查询 Asset Bundle ----
2026-5-19 22:53:53-log: run build task 查询 Asset Bundle success in 3 ms√, progress: 5%
2026-5-19 22:53:53-debug: // ---- build task 查询 Asset Bundle ---- (2ms)
2026-5-19 22:53:53-log: run build task 查询 Asset Bundle success in 2 ms√, progress: 10%
2026-5-19 22:53:53-debug: [Build Memory track]: 查询 Asset Bundle start:222.15MB, end 222.26MB, increase: 111.86KB
2026-5-19 22:53:53-debug: // ---- build task 整理部分构建选项内数据到 settings.json ----
2026-5-19 22:53:53-debug: 整理部分构建选项内数据到 settings.json start, progress: 10%
2026-5-19 22:53:53-log: run build task 整理部分构建选项内数据到 settings.json success in √, progress: 12%
2026-5-19 22:53:53-debug: [Build Memory track]: 整理部分构建选项内数据到 settings.json start:222.32MB, end 222.33MB, increase: 11.93KB
2026-5-19 22:53:53-debug: 填充脚本数据到 settings.json start, progress: 12%
2026-5-19 22:53:53-debug: // ---- build task 填充脚本数据到 settings.json ----
2026-5-19 22:53:53-debug: // ---- build task 填充脚本数据到 settings.json ---- (1ms)
2026-5-19 22:53:53-debug: [Build Memory track]: 填充脚本数据到 settings.json start:222.37MB, end 222.42MB, increase: 49.81KB
2026-5-19 22:53:53-log: run build task 填充脚本数据到 settings.json success in 1 ms√, progress: 13%
2026-5-19 22:53:53-debug: 整理部分构建选项内数据到 settings.json start, progress: 13%
2026-5-19 22:53:53-debug: // ---- build task 整理部分构建选项内数据到 settings.json ----
2026-5-19 22:53:53-debug: // ---- build task 整理部分构建选项内数据到 settings.json ---- (3ms)
2026-5-19 22:53:53-log: run build task 整理部分构建选项内数据到 settings.json success in 3 ms√, progress: 15%
2026-5-19 22:53:53-debug: [Build Memory track]: 整理部分构建选项内数据到 settings.json start:222.44MB, end 222.59MB, increase: 151.40KB
2026-5-19 22:54:26-debug: Query all assets info in project
2026-5-19 22:54:26-debug: init custom config: keepNodeUuid: false, useCache: true
2026-5-19 22:54:26-debug: Skip compress image, progress: 0%
2026-5-19 22:54:26-debug: Init all bundles start..., progress: 0%
2026-5-19 22:54:26-debug: Init bundle root assets start..., progress: 0%
2026-5-19 22:54:26-debug: 查询 Asset Bundle start, progress: 0%
2026-5-19 22:54:26-debug: // ---- build task 查询 Asset Bundle ----
2026-5-19 22:54:26-debug: Num of bundles: 2..., progress: 0%
2026-5-19 22:54:26-debug: Query preload assets/scripts from cc.config.json: 60f7195c-ec2a-45eb-ba94-8955f60e81d0,1c02ae6f-4492-4915-b8f8-7492a3b1e4cd,810e96e4-e456-4468-9b59-f4e8f39732c0,efe8e2a3-eace-427b-b4f1-cb8a937ec77d,e9aa9a3e-5b2b-4ac7-a2c7-073de2b2b24f,8bbdbcdd-5cd4-4100-b6d5-b7c9625b6107,50f4348b-c883-4e2f-8f11-ce233b859fa1,fda095cb-831d-4601-ad94-846013963de8,f92806d7-1768-443f-afe8-12bcde84d0f0,dd3a144d-ab7f-41f0-82b8-2e43a090d496,f0416e68-0200-4b77-a926-4f9d16e494da,970b0598-bcb0-4714-91fb-2e81440dccd8,bcd64cc6-2dd9-43f6-abbe-66318d332032,d930590d-bb92-4cc8-8bd1-23cd027f9edf,a3cd009f-0ab0-420d-9278-b9fdab939bbc,6a2d0734-bd9e-4ddf-946e-caa52498cb75,c27215d8-6835-4b68-bfbb-bdeac6100c04,b5d6115f-0370-4d7c-aad3-c194cc71cf98,871c3b6c-7379-419d-bda3-794b239ab90d,ff9b0199-ce04-4cfe-86cc-6c719f08d6e4,de1c2107-70c8-4021-8459-6399f24d01c6,cbf30902-517f-40dc-af90-a550bac27cf1,5c601d96-e4c7-4698-991b-7ee674b11079
2026-5-19 22:54:26-debug: Init bundle root assets success..., progress: 0%
2026-5-19 22:54:26-debug:   Number of all scenes: 2
2026-5-19 22:54:26-debug:   Number of other assets: 338
2026-5-19 22:54:26-debug:   Number of all scripts: 9
2026-5-19 22:54:26-debug: // ---- build task 查询 Asset Bundle ---- (4ms)
2026-5-19 22:54:26-debug: 查询 Asset Bundle start, progress: 5%
2026-5-19 22:54:26-debug: [Build Memory track]: 查询 Asset Bundle start:223.05MB, end 222.82MB, increase: -228.71KB
2026-5-19 22:54:26-debug: // ---- build task 查询 Asset Bundle ----
2026-5-19 22:54:26-log: run build task 查询 Asset Bundle success in 4 ms√, progress: 5%
2026-5-19 22:54:26-debug: // ---- build task 查询 Asset Bundle ---- (2ms)
2026-5-19 22:54:26-log: run build task 查询 Asset Bundle success in 2 ms√, progress: 10%
2026-5-19 22:54:26-debug: [Build Memory track]: 查询 Asset Bundle start:222.86MB, end 222.97MB, increase: 112.92KB
2026-5-19 22:54:26-debug: 整理部分构建选项内数据到 settings.json start, progress: 10%
2026-5-19 22:54:26-debug: // ---- build task 整理部分构建选项内数据到 settings.json ----
2026-5-19 22:54:26-log: run build task 整理部分构建选项内数据到 settings.json success in √, progress: 12%
2026-5-19 22:54:26-debug: [Build Memory track]: 整理部分构建选项内数据到 settings.json start:223.01MB, end 222.31MB, increase: -712.56KB
2026-5-19 22:54:26-debug: 填充脚本数据到 settings.json start, progress: 12%
2026-5-19 22:54:26-debug: // ---- build task 填充脚本数据到 settings.json ----
2026-5-19 22:54:26-debug: // ---- build task 填充脚本数据到 settings.json ---- (1ms)
2026-5-19 22:54:26-debug: 整理部分构建选项内数据到 settings.json start, progress: 13%
2026-5-19 22:54:26-debug: [Build Memory track]: 填充脚本数据到 settings.json start:222.35MB, end 222.38MB, increase: 35.68KB
2026-5-19 22:54:26-debug: // ---- build task 整理部分构建选项内数据到 settings.json ----
2026-5-19 22:54:26-log: run build task 填充脚本数据到 settings.json success in 1 ms√, progress: 13%
2026-5-19 22:54:26-debug: // ---- build task 整理部分构建选项内数据到 settings.json ---- (3ms)
2026-5-19 22:54:26-log: run build task 整理部分构建选项内数据到 settings.json success in 3 ms√, progress: 15%
2026-5-19 22:54:26-debug: [Build Memory track]: 整理部分构建选项内数据到 settings.json start:222.42MB, end 222.57MB, increase: 151.79KB
2026-5-19 22:54:45-debug: refresh db internal success
2026-5-19 22:54:45-debug: refresh db assets success
2026-5-19 22:54:45-debug: Run asset db hook engine-extends:afterRefresh ...
2026-5-19 22:54:45-debug: Run asset db hook engine-extends:afterRefresh success!
2026-5-19 22:54:45-debug: asset-db:refresh-all-database (47ms)
2026-5-19 22:54:45-debug: asset-db:worker-effect-data-processing (1ms)
2026-5-19 22:54:45-debug: asset-db-hook-engine-extends-afterRefresh (2ms)
2026-5-19 22:54:52-debug: Query all assets info in project
2026-5-19 22:54:52-debug: init custom config: keepNodeUuid: false, useCache: true
2026-5-19 22:54:52-debug: Skip compress image, progress: 0%
2026-5-19 22:54:52-debug: Init all bundles start..., progress: 0%
2026-5-19 22:54:52-debug: Num of bundles: 2..., progress: 0%
2026-5-19 22:54:52-debug: 查询 Asset Bundle start, progress: 0%
2026-5-19 22:54:52-debug: // ---- build task 查询 Asset Bundle ----
2026-5-19 22:54:52-debug: Init bundle root assets start..., progress: 0%
2026-5-19 22:54:52-debug: Query preload assets/scripts from cc.config.json: 60f7195c-ec2a-45eb-ba94-8955f60e81d0,1c02ae6f-4492-4915-b8f8-7492a3b1e4cd,810e96e4-e456-4468-9b59-f4e8f39732c0,efe8e2a3-eace-427b-b4f1-cb8a937ec77d,e9aa9a3e-5b2b-4ac7-a2c7-073de2b2b24f,8bbdbcdd-5cd4-4100-b6d5-b7c9625b6107,50f4348b-c883-4e2f-8f11-ce233b859fa1,fda095cb-831d-4601-ad94-846013963de8,f92806d7-1768-443f-afe8-12bcde84d0f0,dd3a144d-ab7f-41f0-82b8-2e43a090d496,f0416e68-0200-4b77-a926-4f9d16e494da,970b0598-bcb0-4714-91fb-2e81440dccd8,bcd64cc6-2dd9-43f6-abbe-66318d332032,d930590d-bb92-4cc8-8bd1-23cd027f9edf,a3cd009f-0ab0-420d-9278-b9fdab939bbc,6a2d0734-bd9e-4ddf-946e-caa52498cb75,c27215d8-6835-4b68-bfbb-bdeac6100c04,b5d6115f-0370-4d7c-aad3-c194cc71cf98,871c3b6c-7379-419d-bda3-794b239ab90d,ff9b0199-ce04-4cfe-86cc-6c719f08d6e4,de1c2107-70c8-4021-8459-6399f24d01c6,cbf30902-517f-40dc-af90-a550bac27cf1,5c601d96-e4c7-4698-991b-7ee674b11079
2026-5-19 22:54:52-debug:   Number of all scenes: 2
2026-5-19 22:54:52-debug:   Number of all scripts: 9
2026-5-19 22:54:52-debug:   Number of other assets: 338
2026-5-19 22:54:52-debug: Init bundle root assets success..., progress: 0%
2026-5-19 22:54:52-debug: // ---- build task 查询 Asset Bundle ---- (4ms)
2026-5-19 22:54:52-debug: [Build Memory track]: 查询 Asset Bundle start:224.21MB, end 223.92MB, increase: -296.35KB
2026-5-19 22:54:52-debug: 查询 Asset Bundle start, progress: 5%
2026-5-19 22:54:52-debug: // ---- build task 查询 Asset Bundle ----
2026-5-19 22:54:52-log: run build task 查询 Asset Bundle success in 4 ms√, progress: 5%
2026-5-19 22:54:52-debug: // ---- build task 查询 Asset Bundle ---- (1ms)
2026-5-19 22:54:52-log: run build task 查询 Asset Bundle success in 1 ms√, progress: 10%
2026-5-19 22:54:52-debug: // ---- build task 整理部分构建选项内数据到 settings.json ----
2026-5-19 22:54:52-debug: 整理部分构建选项内数据到 settings.json start, progress: 10%
2026-5-19 22:54:52-debug: [Build Memory track]: 查询 Asset Bundle start:223.95MB, end 224.06MB, increase: 111.23KB
2026-5-19 22:54:52-debug: // ---- build task 整理部分构建选项内数据到 settings.json ---- (1ms)
2026-5-19 22:54:52-debug: 填充脚本数据到 settings.json start, progress: 12%
2026-5-19 22:54:52-debug: [Build Memory track]: 整理部分构建选项内数据到 settings.json start:224.10MB, end 224.13MB, increase: 31.34KB
2026-5-19 22:54:52-log: run build task 整理部分构建选项内数据到 settings.json success in 1 ms√, progress: 12%
2026-5-19 22:54:52-debug: // ---- build task 填充脚本数据到 settings.json ----
2026-5-19 22:54:52-debug: // ---- build task 填充脚本数据到 settings.json ---- (1ms)
2026-5-19 22:54:52-debug: [Build Memory track]: 填充脚本数据到 settings.json start:224.17MB, end 224.20MB, increase: 33.71KB
2026-5-19 22:54:52-log: run build task 填充脚本数据到 settings.json success in 1 ms√, progress: 13%
2026-5-19 22:54:52-debug: 整理部分构建选项内数据到 settings.json start, progress: 13%
2026-5-19 22:54:52-debug: // ---- build task 整理部分构建选项内数据到 settings.json ----
2026-5-19 22:54:52-debug: // ---- build task 整理部分构建选项内数据到 settings.json ---- (5ms)
2026-5-19 22:54:52-log: run build task 整理部分构建选项内数据到 settings.json success in 5 ms√, progress: 15%
2026-5-19 22:54:52-debug: [Build Memory track]: 整理部分构建选项内数据到 settings.json start:224.24MB, end 224.37MB, increase: 139.96KB
2026-5-19 23:00:28-debug: refresh db internal success
2026-5-19 23:00:28-debug: refresh db assets success
2026-5-19 23:00:28-debug: Run asset db hook engine-extends:afterRefresh ...
2026-5-19 23:00:28-debug: Run asset db hook engine-extends:afterRefresh success!
2026-5-19 23:00:28-debug: asset-db:refresh-all-database (49ms)
2026-5-19 23:00:28-debug: asset-db:worker-effect-data-processing (1ms)
2026-5-19 23:00:28-debug: asset-db-hook-engine-extends-afterRefresh (1ms)
2026-5-19 23:00:57-debug: refresh db internal success
2026-5-19 23:00:57-debug: refresh db assets success
2026-5-19 23:00:57-debug: Run asset db hook engine-extends:afterRefresh ...
2026-5-19 23:00:57-debug: Run asset db hook engine-extends:afterRefresh success!
2026-5-19 23:00:57-debug: asset-db:refresh-all-database (38ms)
2026-5-19 23:00:57-debug: asset-db:worker-effect-data-processing (1ms)
2026-5-19 23:00:57-debug: asset-db-hook-engine-extends-afterRefresh (2ms)
2026-5-19 23:12:17-debug: refresh db internal success
2026-5-19 23:12:17-debug: %cImport%c: /Users/xiejianfeng/Downloads/Zuma/assets/Script/Control.tsbackground: #aaff85; color: #000;color: #000;
2026-5-19 23:12:17-debug: refresh db assets success
2026-5-19 23:12:17-debug: Run asset db hook engine-extends:afterRefresh ...
2026-5-19 23:12:17-debug: Run asset db hook engine-extends:afterRefresh success!
2026-5-19 23:12:17-debug: asset-db:refresh-all-database (63ms)
2026-5-19 23:12:17-debug: asset-db:worker-effect-data-processing (2ms)
2026-5-19 23:12:17-debug: asset-db-hook-engine-extends-afterRefresh (4ms)
2026-5-19 23:12:25-debug: %cImport%c: /Users/xiejianfeng/Downloads/Zuma/assets/Scene/Map1.scenebackground: #aaff85; color: #000;color: #000;
2026-5-19 23:12:25-debug: asset-db:reimport-assetba60efc0-dcd1-4d9b-a1fc-495b102b261d (9ms)
2026-5-19 23:12:26-debug: Query all assets info in project
2026-5-19 23:12:26-debug: init custom config: keepNodeUuid: false, useCache: true
2026-5-19 23:12:26-debug: Skip compress image, progress: 0%
2026-5-19 23:12:26-debug: Init all bundles start..., progress: 0%
2026-5-19 23:12:26-debug: // ---- build task 查询 Asset Bundle ----
2026-5-19 23:12:26-debug: 查询 Asset Bundle start, progress: 0%
2026-5-19 23:12:26-debug: Init bundle root assets start..., progress: 0%
2026-5-19 23:12:26-debug: Num of bundles: 2..., progress: 0%
2026-5-19 23:12:26-debug: Query preload assets/scripts from cc.config.json: 60f7195c-ec2a-45eb-ba94-8955f60e81d0,1c02ae6f-4492-4915-b8f8-7492a3b1e4cd,810e96e4-e456-4468-9b59-f4e8f39732c0,efe8e2a3-eace-427b-b4f1-cb8a937ec77d,e9aa9a3e-5b2b-4ac7-a2c7-073de2b2b24f,8bbdbcdd-5cd4-4100-b6d5-b7c9625b6107,50f4348b-c883-4e2f-8f11-ce233b859fa1,fda095cb-831d-4601-ad94-846013963de8,f92806d7-1768-443f-afe8-12bcde84d0f0,dd3a144d-ab7f-41f0-82b8-2e43a090d496,f0416e68-0200-4b77-a926-4f9d16e494da,970b0598-bcb0-4714-91fb-2e81440dccd8,bcd64cc6-2dd9-43f6-abbe-66318d332032,d930590d-bb92-4cc8-8bd1-23cd027f9edf,a3cd009f-0ab0-420d-9278-b9fdab939bbc,6a2d0734-bd9e-4ddf-946e-caa52498cb75,c27215d8-6835-4b68-bfbb-bdeac6100c04,b5d6115f-0370-4d7c-aad3-c194cc71cf98,871c3b6c-7379-419d-bda3-794b239ab90d,ff9b0199-ce04-4cfe-86cc-6c719f08d6e4,de1c2107-70c8-4021-8459-6399f24d01c6,cbf30902-517f-40dc-af90-a550bac27cf1,5c601d96-e4c7-4698-991b-7ee674b11079
2026-5-19 23:12:26-debug: Init bundle root assets success..., progress: 0%
2026-5-19 23:12:26-debug:   Number of all scenes: 2
2026-5-19 23:12:26-debug:   Number of other assets: 338
2026-5-19 23:12:26-debug:   Number of all scripts: 9
2026-5-19 23:12:26-debug: // ---- build task 查询 Asset Bundle ---- (3ms)
2026-5-19 23:12:26-log: run build task 查询 Asset Bundle success in 3 ms√, progress: 5%
2026-5-19 23:12:26-debug: [Build Memory track]: 查询 Asset Bundle start:227.60MB, end 227.34MB, increase: -269.52KB
2026-5-19 23:12:26-debug: 查询 Asset Bundle start, progress: 5%
2026-5-19 23:12:26-debug: // ---- build task 查询 Asset Bundle ----
2026-5-19 23:12:26-debug: // ---- build task 查询 Asset Bundle ---- (2ms)
2026-5-19 23:12:26-debug: [Build Memory track]: 查询 Asset Bundle start:227.37MB, end 227.48MB, increase: 113.35KB
2026-5-19 23:12:26-log: run build task 查询 Asset Bundle success in 2 ms√, progress: 10%
2026-5-19 23:12:26-debug: 整理部分构建选项内数据到 settings.json start, progress: 10%
2026-5-19 23:12:26-debug: // ---- build task 整理部分构建选项内数据到 settings.json ----
2026-5-19 23:12:26-debug: // ---- build task 整理部分构建选项内数据到 settings.json ---- (1ms)
2026-5-19 23:12:26-debug: [Build Memory track]: 整理部分构建选项内数据到 settings.json start:227.52MB, end 227.56MB, increase: 40.10KB
2026-5-19 23:12:26-debug: 填充脚本数据到 settings.json start, progress: 12%
2026-5-19 23:12:26-log: run build task 整理部分构建选项内数据到 settings.json success in 1 ms√, progress: 12%
2026-5-19 23:12:26-debug: // ---- build task 填充脚本数据到 settings.json ----
2026-5-19 23:12:26-log: run build task 填充脚本数据到 settings.json success in √, progress: 13%
2026-5-19 23:12:26-debug: 整理部分构建选项内数据到 settings.json start, progress: 13%
2026-5-19 23:12:26-debug: [Build Memory track]: 填充脚本数据到 settings.json start:227.60MB, end 227.62MB, increase: 18.53KB
2026-5-19 23:12:26-debug: // ---- build task 整理部分构建选项内数据到 settings.json ----
2026-5-19 23:12:26-debug: // ---- build task 整理部分构建选项内数据到 settings.json ---- (3ms)
2026-5-19 23:12:26-debug: [Build Memory track]: 整理部分构建选项内数据到 settings.json start:227.65MB, end 227.80MB, increase: 147.01KB
2026-5-19 23:12:26-log: run build task 整理部分构建选项内数据到 settings.json success in 3 ms√, progress: 15%
2026-5-19 23:12:53-debug: Query all assets info in project
2026-5-19 23:12:53-debug: init custom config: keepNodeUuid: false, useCache: true
2026-5-19 23:12:53-debug: Skip compress image, progress: 0%
2026-5-19 23:12:53-debug: Init all bundles start..., progress: 0%
2026-5-19 23:12:53-debug: Init bundle root assets start..., progress: 0%
2026-5-19 23:12:53-debug: 查询 Asset Bundle start, progress: 0%
2026-5-19 23:12:53-debug: // ---- build task 查询 Asset Bundle ----
2026-5-19 23:12:53-debug: Num of bundles: 2..., progress: 0%
2026-5-19 23:12:53-debug: Query preload assets/scripts from cc.config.json: 60f7195c-ec2a-45eb-ba94-8955f60e81d0,1c02ae6f-4492-4915-b8f8-7492a3b1e4cd,810e96e4-e456-4468-9b59-f4e8f39732c0,efe8e2a3-eace-427b-b4f1-cb8a937ec77d,e9aa9a3e-5b2b-4ac7-a2c7-073de2b2b24f,8bbdbcdd-5cd4-4100-b6d5-b7c9625b6107,50f4348b-c883-4e2f-8f11-ce233b859fa1,fda095cb-831d-4601-ad94-846013963de8,f92806d7-1768-443f-afe8-12bcde84d0f0,dd3a144d-ab7f-41f0-82b8-2e43a090d496,f0416e68-0200-4b77-a926-4f9d16e494da,970b0598-bcb0-4714-91fb-2e81440dccd8,bcd64cc6-2dd9-43f6-abbe-66318d332032,d930590d-bb92-4cc8-8bd1-23cd027f9edf,a3cd009f-0ab0-420d-9278-b9fdab939bbc,6a2d0734-bd9e-4ddf-946e-caa52498cb75,c27215d8-6835-4b68-bfbb-bdeac6100c04,b5d6115f-0370-4d7c-aad3-c194cc71cf98,871c3b6c-7379-419d-bda3-794b239ab90d,ff9b0199-ce04-4cfe-86cc-6c719f08d6e4,de1c2107-70c8-4021-8459-6399f24d01c6,cbf30902-517f-40dc-af90-a550bac27cf1,5c601d96-e4c7-4698-991b-7ee674b11079
2026-5-19 23:12:53-debug: Init bundle root assets success..., progress: 0%
2026-5-19 23:12:53-debug:   Number of all scripts: 9
2026-5-19 23:12:53-debug:   Number of other assets: 338
2026-5-19 23:12:53-debug:   Number of all scenes: 2
2026-5-19 23:12:53-debug: // ---- build task 查询 Asset Bundle ---- (4ms)
2026-5-19 23:12:53-log: run build task 查询 Asset Bundle success in 4 ms√, progress: 5%
2026-5-19 23:12:53-debug: [Build Memory track]: 查询 Asset Bundle start:227.59MB, end 228.18MB, increase: 601.79KB
2026-5-19 23:12:53-debug: 查询 Asset Bundle start, progress: 5%
2026-5-19 23:12:53-debug: // ---- build task 查询 Asset Bundle ----
2026-5-19 23:12:53-debug: // ---- build task 查询 Asset Bundle ---- (2ms)
2026-5-19 23:12:53-log: run build task 查询 Asset Bundle success in 2 ms√, progress: 10%
2026-5-19 23:12:53-debug: // ---- build task 整理部分构建选项内数据到 settings.json ----
2026-5-19 23:12:53-debug: 整理部分构建选项内数据到 settings.json start, progress: 10%
2026-5-19 23:12:53-debug: [Build Memory track]: 查询 Asset Bundle start:228.21MB, end 227.83MB, increase: -395.64KB
2026-5-19 23:12:53-debug: // ---- build task 整理部分构建选项内数据到 settings.json ---- (1ms)
2026-5-19 23:12:53-log: run build task 整理部分构建选项内数据到 settings.json success in 1 ms√, progress: 12%
2026-5-19 23:12:53-debug: [Build Memory track]: 整理部分构建选项内数据到 settings.json start:227.87MB, end 227.90MB, increase: 31.49KB
2026-5-19 23:12:53-debug: 填充脚本数据到 settings.json start, progress: 12%
2026-5-19 23:12:53-debug: // ---- build task 填充脚本数据到 settings.json ----
2026-5-19 23:12:53-debug: // ---- build task 填充脚本数据到 settings.json ---- (2ms)
2026-5-19 23:12:53-log: run build task 填充脚本数据到 settings.json success in 2 ms√, progress: 13%
2026-5-19 23:12:53-debug: [Build Memory track]: 填充脚本数据到 settings.json start:227.94MB, end 227.97MB, increase: 31.87KB
2026-5-19 23:12:53-debug: 整理部分构建选项内数据到 settings.json start, progress: 13%
2026-5-19 23:12:53-debug: // ---- build task 整理部分构建选项内数据到 settings.json ----
2026-5-19 23:12:53-debug: // ---- build task 整理部分构建选项内数据到 settings.json ---- (2ms)
2026-5-19 23:12:53-log: run build task 整理部分构建选项内数据到 settings.json success in 2 ms√, progress: 15%
2026-5-19 23:12:53-debug: [Build Memory track]: 整理部分构建选项内数据到 settings.json start:228.00MB, end 228.13MB, increase: 132.84KB
2026-5-19 23:13:04-debug: %cImport%c: /Users/xiejianfeng/Downloads/Zuma/assets/Scene/Map1.scenebackground: #aaff85; color: #000;color: #000;
2026-5-19 23:13:04-debug: asset-db:reimport-assetba60efc0-dcd1-4d9b-a1fc-495b102b261d (11ms)
2026-5-19 23:13:05-debug: Query all assets info in project
2026-5-19 23:13:05-debug: init custom config: keepNodeUuid: false, useCache: true
2026-5-19 23:13:05-debug: Skip compress image, progress: 0%
2026-5-19 23:13:05-debug: Init all bundles start..., progress: 0%
2026-5-19 23:13:05-debug: Num of bundles: 2..., progress: 0%
2026-5-19 23:13:05-debug: 查询 Asset Bundle start, progress: 0%
2026-5-19 23:13:05-debug: // ---- build task 查询 Asset Bundle ----
2026-5-19 23:13:05-debug: Init bundle root assets start..., progress: 0%
2026-5-19 23:13:05-debug: Query preload assets/scripts from cc.config.json: 60f7195c-ec2a-45eb-ba94-8955f60e81d0,1c02ae6f-4492-4915-b8f8-7492a3b1e4cd,810e96e4-e456-4468-9b59-f4e8f39732c0,efe8e2a3-eace-427b-b4f1-cb8a937ec77d,e9aa9a3e-5b2b-4ac7-a2c7-073de2b2b24f,8bbdbcdd-5cd4-4100-b6d5-b7c9625b6107,50f4348b-c883-4e2f-8f11-ce233b859fa1,fda095cb-831d-4601-ad94-846013963de8,f92806d7-1768-443f-afe8-12bcde84d0f0,dd3a144d-ab7f-41f0-82b8-2e43a090d496,f0416e68-0200-4b77-a926-4f9d16e494da,970b0598-bcb0-4714-91fb-2e81440dccd8,bcd64cc6-2dd9-43f6-abbe-66318d332032,d930590d-bb92-4cc8-8bd1-23cd027f9edf,a3cd009f-0ab0-420d-9278-b9fdab939bbc,6a2d0734-bd9e-4ddf-946e-caa52498cb75,c27215d8-6835-4b68-bfbb-bdeac6100c04,b5d6115f-0370-4d7c-aad3-c194cc71cf98,871c3b6c-7379-419d-bda3-794b239ab90d,ff9b0199-ce04-4cfe-86cc-6c719f08d6e4,de1c2107-70c8-4021-8459-6399f24d01c6,cbf30902-517f-40dc-af90-a550bac27cf1,5c601d96-e4c7-4698-991b-7ee674b11079
2026-5-19 23:13:05-debug: Init bundle root assets success..., progress: 0%
2026-5-19 23:13:05-debug:   Number of all scripts: 9
2026-5-19 23:13:05-debug:   Number of other assets: 338
2026-5-19 23:13:05-debug:   Number of all scenes: 2
2026-5-19 23:13:05-debug: // ---- build task 查询 Asset Bundle ---- (3ms)
2026-5-19 23:13:05-debug: 查询 Asset Bundle start, progress: 5%
2026-5-19 23:13:05-debug: [Build Memory track]: 查询 Asset Bundle start:228.10MB, end 227.82MB, increase: -282.40KB
2026-5-19 23:13:05-debug: // ---- build task 查询 Asset Bundle ----
2026-5-19 23:13:05-log: run build task 查询 Asset Bundle success in 3 ms√, progress: 5%
2026-5-19 23:13:05-debug: // ---- build task 查询 Asset Bundle ---- (1ms)
2026-5-19 23:13:05-log: run build task 查询 Asset Bundle success in 1 ms√, progress: 10%
2026-5-19 23:13:05-debug: [Build Memory track]: 查询 Asset Bundle start:227.85MB, end 227.95MB, increase: 104.32KB
2026-5-19 23:13:05-debug: 整理部分构建选项内数据到 settings.json start, progress: 10%
2026-5-19 23:13:05-debug: // ---- build task 整理部分构建选项内数据到 settings.json ----
2026-5-19 23:13:05-debug: // ---- build task 整理部分构建选项内数据到 settings.json ---- (1ms)
2026-5-19 23:13:05-log: run build task 整理部分构建选项内数据到 settings.json success in 1 ms√, progress: 12%
2026-5-19 23:13:05-debug: [Build Memory track]: 整理部分构建选项内数据到 settings.json start:227.98MB, end 228.00MB, increase: 24.39KB
2026-5-19 23:13:05-debug: // ---- build task 填充脚本数据到 settings.json ----
2026-5-19 23:13:05-debug: 填充脚本数据到 settings.json start, progress: 12%
2026-5-19 23:13:05-debug: // ---- build task 填充脚本数据到 settings.json ---- (1ms)
2026-5-19 23:13:05-debug: // ---- build task 整理部分构建选项内数据到 settings.json ----
2026-5-19 23:13:05-debug: [Build Memory track]: 填充脚本数据到 settings.json start:228.03MB, end 228.05MB, increase: 23.96KB
2026-5-19 23:13:05-log: run build task 填充脚本数据到 settings.json success in 1 ms√, progress: 13%
2026-5-19 23:13:05-debug: 整理部分构建选项内数据到 settings.json start, progress: 13%
2026-5-19 23:13:05-debug: // ---- build task 整理部分构建选项内数据到 settings.json ---- (3ms)
2026-5-19 23:13:05-log: run build task 整理部分构建选项内数据到 settings.json success in 3 ms√, progress: 15%
2026-5-19 23:13:05-debug: [Build Memory track]: 整理部分构建选项内数据到 settings.json start:228.08MB, end 228.20MB, increase: 125.48KB
2026-5-19 23:13:40-debug: %cImport%c: /Users/xiejianfeng/Downloads/Zuma/assets/Scene/Map1.scenebackground: #aaff85; color: #000;color: #000;
2026-5-19 23:13:40-debug: asset-db:reimport-assetba60efc0-dcd1-4d9b-a1fc-495b102b261d (6ms)
2026-5-19 23:14:02-debug: refresh db internal success
2026-5-19 23:14:02-debug: refresh db assets success
2026-5-19 23:14:02-debug: Run asset db hook engine-extends:afterRefresh ...
2026-5-19 23:14:02-debug: Run asset db hook engine-extends:afterRefresh success!
2026-5-19 23:14:02-debug: asset-db:refresh-all-database (47ms)
2026-5-19 23:14:02-debug: asset-db:worker-effect-data-processing (1ms)
2026-5-19 23:14:02-debug: asset-db-hook-engine-extends-afterRefresh (1ms)
2026-5-19 23:14:05-debug: %cImport%c: /Users/xiejianfeng/Downloads/Zuma/assets/Scene/Map1.scenebackground: #aaff85; color: #000;color: #000;
2026-5-19 23:14:05-debug: asset-db:reimport-assetba60efc0-dcd1-4d9b-a1fc-495b102b261d (6ms)
2026-5-20 08:51:43-debug: refresh db internal success
2026-5-20 08:51:43-debug: refresh db assets success
2026-5-20 08:51:43-debug: Run asset db hook engine-extends:afterRefresh ...
2026-5-20 08:51:43-debug: Run asset db hook engine-extends:afterRefresh success!
2026-5-20 08:51:43-debug: asset-db:refresh-all-database (112ms)
2026-5-20 08:51:43-debug: asset-db:worker-effect-data-processing (4ms)
2026-5-20 08:51:43-debug: asset-db-hook-engine-extends-afterRefresh (4ms)
2026-5-20 08:51:48-debug: refresh db internal success
2026-5-20 08:51:48-debug: refresh db assets success
2026-5-20 08:51:48-debug: Run asset db hook engine-extends:afterRefresh ...
2026-5-20 08:51:48-debug: Run asset db hook engine-extends:afterRefresh success!
2026-5-20 08:51:48-debug: asset-db:refresh-all-database (62ms)
2026-5-20 08:51:48-debug: asset-db:worker-effect-data-processing (6ms)
2026-5-20 08:51:48-debug: asset-db-hook-engine-extends-afterRefresh (7ms)
2026-5-20 08:51:51-debug: %cImport%c: /Users/xiejianfeng/Downloads/Zuma/assets/Scene/Map1.scenebackground: #aaff85; color: #000;color: #000;
2026-5-20 08:51:51-debug: asset-db:reimport-assetba60efc0-dcd1-4d9b-a1fc-495b102b261d (13ms)
2026-5-20 08:52:24-debug: refresh db internal success
2026-5-20 08:52:24-debug: refresh db assets success
2026-5-20 08:52:24-debug: Run asset db hook engine-extends:afterRefresh ...
2026-5-20 08:52:24-debug: Run asset db hook engine-extends:afterRefresh success!
2026-5-20 08:52:24-debug: asset-db:refresh-all-database (53ms)
2026-5-20 08:52:24-debug: asset-db:worker-effect-data-processing (2ms)
2026-5-20 08:52:24-debug: asset-db-hook-engine-extends-afterRefresh (2ms)
2026-5-20 09:42:55-debug: refresh db internal success
2026-5-20 09:42:55-debug: refresh db assets success
2026-5-20 09:42:55-debug: Run asset db hook engine-extends:afterRefresh ...
2026-5-20 09:42:55-debug: Run asset db hook engine-extends:afterRefresh success!
2026-5-20 09:42:55-debug: asset-db:refresh-all-database (55ms)
2026-5-20 09:42:55-debug: asset-db:worker-effect-data-processing (2ms)
2026-5-20 09:42:55-debug: asset-db-hook-engine-extends-afterRefresh (2ms)
2026-5-20 09:43:08-debug: refresh db internal success
2026-5-20 09:43:08-debug: refresh db assets success
2026-5-20 09:43:08-debug: Run asset db hook engine-extends:afterRefresh ...
2026-5-20 09:43:08-debug: Run asset db hook engine-extends:afterRefresh success!
2026-5-20 09:43:08-debug: asset-db:refresh-all-database (40ms)
2026-5-20 09:43:08-debug: asset-db:worker-effect-data-processing (1ms)
2026-5-20 09:43:08-debug: asset-db-hook-engine-extends-afterRefresh (1ms)
2026-5-20 09:49:02-debug: refresh db internal success
2026-5-20 09:49:02-debug: refresh db assets success
2026-5-20 09:49:02-debug: Run asset db hook engine-extends:afterRefresh ...
2026-5-20 09:49:02-debug: Run asset db hook engine-extends:afterRefresh success!
2026-5-20 09:49:02-debug: asset-db:worker-effect-data-processing (1ms)
2026-5-20 09:49:02-debug: asset-db:refresh-all-database (52ms)
2026-5-20 09:49:02-debug: asset-db-hook-engine-extends-afterRefresh (2ms)
2026-5-20 09:49:15-debug: refresh db internal success
2026-5-20 09:49:15-debug: refresh db assets success
2026-5-20 09:49:15-debug: Run asset db hook engine-extends:afterRefresh ...
2026-5-20 09:49:15-debug: Run asset db hook engine-extends:afterRefresh success!
2026-5-20 09:49:15-debug: asset-db:refresh-all-database (34ms)
2026-5-20 09:49:15-debug: asset-db:worker-effect-data-processing (1ms)
2026-5-20 09:49:15-debug: asset-db-hook-engine-extends-afterRefresh (1ms)
2026-5-20 09:49:59-debug: refresh db internal success
2026-5-20 09:49:59-debug: refresh db assets success
2026-5-20 09:49:59-debug: Run asset db hook engine-extends:afterRefresh success!
2026-5-20 09:49:59-debug: Run asset db hook engine-extends:afterRefresh ...
2026-5-20 09:49:59-debug: asset-db:refresh-all-database (47ms)
2026-5-20 09:49:59-debug: asset-db:worker-effect-data-processing (1ms)
2026-5-20 09:49:59-debug: asset-db-hook-engine-extends-afterRefresh (1ms)
2026-5-20 09:51:09-debug: refresh db internal success
2026-5-20 09:51:09-debug: refresh db assets success
2026-5-20 09:51:09-debug: Run asset db hook engine-extends:afterRefresh ...
2026-5-20 09:51:09-debug: Run asset db hook engine-extends:afterRefresh success!
2026-5-20 09:51:09-debug: asset-db:refresh-all-database (65ms)
2026-5-20 09:51:09-debug: asset-db:worker-effect-data-processing (1ms)
2026-5-20 09:51:09-debug: asset-db-hook-engine-extends-afterRefresh (1ms)
2026-5-20 09:51:17-debug: refresh db internal success
2026-5-20 09:51:17-debug: refresh db assets success
2026-5-20 09:51:17-debug: Run asset db hook engine-extends:afterRefresh ...
2026-5-20 09:51:17-debug: Run asset db hook engine-extends:afterRefresh success!
2026-5-20 09:51:17-debug: asset-db:refresh-all-database (20ms)
2026-5-20 09:51:17-debug: asset-db:worker-effect-data-processing (1ms)
2026-5-20 09:51:17-debug: asset-db-hook-engine-extends-afterRefresh (1ms)
2026-5-20 09:51:46-debug: %cImport%c: /Users/xiejianfeng/Downloads/Zuma/assets/Prefab/blueball.prefabbackground: #aaff85; color: #000;color: #000;
2026-5-20 09:51:46-debug: asset-db:reimport-asset057fd5d8-92b4-4fd2-a19c-499722dcb9df (9ms)
2026-5-20 09:51:52-debug: refresh db internal success
2026-5-20 09:51:52-debug: refresh db assets success
2026-5-20 09:51:52-debug: Run asset db hook engine-extends:afterRefresh success!
2026-5-20 09:51:52-debug: Run asset db hook engine-extends:afterRefresh ...
2026-5-20 09:51:52-debug: asset-db:refresh-all-database (39ms)
2026-5-20 09:51:52-debug: asset-db:worker-effect-data-processing (1ms)
2026-5-20 09:51:52-debug: asset-db-hook-engine-extends-afterRefresh (1ms)
2026-5-20 09:51:58-debug: %cImport%c: /Users/xiejianfeng/Downloads/Zuma/assets/Prefab/greenball.prefabbackground: #aaff85; color: #000;color: #000;
2026-5-20 09:51:58-debug: asset-db:reimport-assetb2172737-b3d3-4abd-83f6-bc6f91dee69d (4ms)
2026-5-20 09:52:03-debug: refresh db internal success
2026-5-20 09:52:03-debug: refresh db assets success
2026-5-20 09:52:03-debug: Run asset db hook engine-extends:afterRefresh ...
2026-5-20 09:52:03-debug: Run asset db hook engine-extends:afterRefresh success!
2026-5-20 09:52:03-debug: asset-db:worker-effect-data-processing (1ms)
2026-5-20 09:52:03-debug: asset-db:refresh-all-database (28ms)
2026-5-20 09:52:03-debug: asset-db-hook-engine-extends-afterRefresh (1ms)
2026-5-20 09:52:10-debug: %cImport%c: /Users/xiejianfeng/Downloads/Zuma/assets/Prefab/purpleball.prefabbackground: #aaff85; color: #000;color: #000;
2026-5-20 09:52:10-debug: asset-db:reimport-assetd925c92c-a136-49bc-ab29-e3f5c827f7ea (6ms)
2026-5-20 09:52:15-debug: refresh db internal success
2026-5-20 09:52:15-debug: refresh db assets success
2026-5-20 09:52:15-debug: Run asset db hook engine-extends:afterRefresh ...
2026-5-20 09:52:15-debug: Run asset db hook engine-extends:afterRefresh success!
2026-5-20 09:52:15-debug: asset-db:refresh-all-database (28ms)
2026-5-20 09:52:15-debug: asset-db:worker-effect-data-processing (1ms)
2026-5-20 09:52:15-debug: asset-db-hook-engine-extends-afterRefresh (1ms)
2026-5-20 09:52:21-debug: %cImport%c: /Users/xiejianfeng/Downloads/Zuma/assets/Prefab/redball.prefabbackground: #aaff85; color: #000;color: #000;
2026-5-20 09:52:21-debug: asset-db:reimport-assetdf9fdd9b-4f58-4df2-8b0d-7aecc9a6daac (5ms)
2026-5-20 09:52:27-debug: refresh db internal success
2026-5-20 09:52:27-debug: refresh db assets success
2026-5-20 09:52:27-debug: Run asset db hook engine-extends:afterRefresh ...
2026-5-20 09:52:27-debug: Run asset db hook engine-extends:afterRefresh success!
2026-5-20 09:52:27-debug: asset-db:refresh-all-database (29ms)
2026-5-20 09:52:27-debug: asset-db:worker-effect-data-processing (1ms)
2026-5-20 09:52:27-debug: asset-db-hook-engine-extends-afterRefresh (1ms)
2026-5-20 09:54:10-debug: refresh db internal success
2026-5-20 09:54:10-debug: refresh db assets success
2026-5-20 09:54:10-debug: Run asset db hook engine-extends:afterRefresh ...
2026-5-20 09:54:10-debug: Run asset db hook engine-extends:afterRefresh success!
2026-5-20 09:54:10-debug: asset-db:refresh-all-database (54ms)
2026-5-20 09:54:10-debug: asset-db:worker-effect-data-processing (1ms)
2026-5-20 09:54:10-debug: asset-db-hook-engine-extends-afterRefresh (2ms)
2026-5-20 09:55:02-debug: refresh db internal success
2026-5-20 09:55:02-debug: refresh db assets success
2026-5-20 09:55:02-debug: Run asset db hook engine-extends:afterRefresh success!
2026-5-20 09:55:02-debug: Run asset db hook engine-extends:afterRefresh ...
2026-5-20 09:55:02-debug: asset-db:worker-effect-data-processing (1ms)
2026-5-20 09:55:02-debug: asset-db:refresh-all-database (40ms)
2026-5-20 09:55:02-debug: asset-db-hook-engine-extends-afterRefresh (1ms)
2026-5-20 09:55:16-debug: refresh db internal success
2026-5-20 09:55:16-debug: refresh db assets success
2026-5-20 09:55:16-debug: Run asset db hook engine-extends:afterRefresh ...
2026-5-20 09:55:16-debug: Run asset db hook engine-extends:afterRefresh success!
2026-5-20 09:55:16-debug: asset-db:refresh-all-database (33ms)
2026-5-20 09:55:16-debug: asset-db:worker-effect-data-processing (1ms)
2026-5-20 09:55:16-debug: asset-db-hook-engine-extends-afterRefresh (1ms)
2026-5-20 09:55:49-debug: refresh db internal success
2026-5-20 09:55:49-debug: refresh db assets success
2026-5-20 09:55:49-debug: Run asset db hook engine-extends:afterRefresh success!
2026-5-20 09:55:49-debug: Run asset db hook engine-extends:afterRefresh ...
2026-5-20 09:55:49-debug: asset-db:refresh-all-database (36ms)
2026-5-20 09:55:49-debug: asset-db:worker-effect-data-processing (1ms)
2026-5-20 09:55:49-debug: asset-db-hook-engine-extends-afterRefresh (1ms)
2026-5-20 09:58:11-debug: %cImport%c: /Users/xiejianfeng/Downloads/Zuma/assets/Prefab/yellowball.prefabbackground: #aaff85; color: #000;color: #000;
2026-5-20 09:58:11-debug: asset-db:reimport-asset82911afa-a713-4522-99c2-437f3fd9e61a (18ms)
2026-5-20 09:58:12-debug: Query all assets info in project
2026-5-20 09:58:12-debug: init custom config: keepNodeUuid: false, useCache: true
2026-5-20 09:58:12-debug: Skip compress image, progress: 0%
2026-5-20 09:58:12-debug: Init all bundles start..., progress: 0%
2026-5-20 09:58:12-debug: Init bundle root assets start..., progress: 0%
2026-5-20 09:58:12-debug: 查询 Asset Bundle start, progress: 0%
2026-5-20 09:58:12-debug: // ---- build task 查询 Asset Bundle ----
2026-5-20 09:58:12-debug: Num of bundles: 2..., progress: 0%
2026-5-20 09:58:12-debug: Query preload assets/scripts from cc.config.json: 60f7195c-ec2a-45eb-ba94-8955f60e81d0,1c02ae6f-4492-4915-b8f8-7492a3b1e4cd,810e96e4-e456-4468-9b59-f4e8f39732c0,efe8e2a3-eace-427b-b4f1-cb8a937ec77d,e9aa9a3e-5b2b-4ac7-a2c7-073de2b2b24f,8bbdbcdd-5cd4-4100-b6d5-b7c9625b6107,50f4348b-c883-4e2f-8f11-ce233b859fa1,fda095cb-831d-4601-ad94-846013963de8,f92806d7-1768-443f-afe8-12bcde84d0f0,dd3a144d-ab7f-41f0-82b8-2e43a090d496,f0416e68-0200-4b77-a926-4f9d16e494da,970b0598-bcb0-4714-91fb-2e81440dccd8,bcd64cc6-2dd9-43f6-abbe-66318d332032,d930590d-bb92-4cc8-8bd1-23cd027f9edf,a3cd009f-0ab0-420d-9278-b9fdab939bbc,6a2d0734-bd9e-4ddf-946e-caa52498cb75,c27215d8-6835-4b68-bfbb-bdeac6100c04,b5d6115f-0370-4d7c-aad3-c194cc71cf98,871c3b6c-7379-419d-bda3-794b239ab90d,ff9b0199-ce04-4cfe-86cc-6c719f08d6e4,de1c2107-70c8-4021-8459-6399f24d01c6,cbf30902-517f-40dc-af90-a550bac27cf1,5c601d96-e4c7-4698-991b-7ee674b11079
2026-5-20 09:58:12-debug:   Number of all scenes: 2
2026-5-20 09:58:12-debug:   Number of all scripts: 9
2026-5-20 09:58:12-debug:   Number of other assets: 338
2026-5-20 09:58:12-debug: Init bundle root assets success..., progress: 0%
2026-5-20 09:58:12-debug: // ---- build task 查询 Asset Bundle ---- (6ms)
2026-5-20 09:58:12-log: run build task 查询 Asset Bundle success in 6 ms√, progress: 5%
2026-5-20 09:58:12-debug: // ---- build task 查询 Asset Bundle ----
2026-5-20 09:58:12-debug: [Build Memory track]: 查询 Asset Bundle start:237.29MB, end 237.05MB, increase: -249.23KB
2026-5-20 09:58:12-debug: 查询 Asset Bundle start, progress: 5%
2026-5-20 09:58:12-debug: // ---- build task 查询 Asset Bundle ---- (2ms)
2026-5-20 09:58:12-log: run build task 查询 Asset Bundle success in 2 ms√, progress: 10%
2026-5-20 09:58:12-debug: [Build Memory track]: 查询 Asset Bundle start:237.07MB, end 237.18MB, increase: 109.74KB
2026-5-20 09:58:12-debug: 整理部分构建选项内数据到 settings.json start, progress: 10%
2026-5-20 09:58:12-debug: // ---- build task 整理部分构建选项内数据到 settings.json ----
2026-5-20 09:58:12-debug: // ---- build task 整理部分构建选项内数据到 settings.json ---- (1ms)
2026-5-20 09:58:12-debug: [Build Memory track]: 整理部分构建选项内数据到 settings.json start:237.21MB, end 237.23MB, increase: 24.34KB
2026-5-20 09:58:12-debug: 填充脚本数据到 settings.json start, progress: 12%
2026-5-20 09:58:12-log: run build task 整理部分构建选项内数据到 settings.json success in 1 ms√, progress: 12%
2026-5-20 09:58:12-debug: // ---- build task 填充脚本数据到 settings.json ----
2026-5-20 09:58:12-debug: // ---- build task 填充脚本数据到 settings.json ---- (1ms)
2026-5-20 09:58:12-log: run build task 填充脚本数据到 settings.json success in 1 ms√, progress: 13%
2026-5-20 09:58:12-debug: [Build Memory track]: 填充脚本数据到 settings.json start:237.26MB, end 237.29MB, increase: 32.76KB
2026-5-20 09:58:12-debug: 整理部分构建选项内数据到 settings.json start, progress: 13%
2026-5-20 09:58:12-debug: // ---- build task 整理部分构建选项内数据到 settings.json ----
2026-5-20 09:58:12-debug: // ---- build task 整理部分构建选项内数据到 settings.json ---- (3ms)
2026-5-20 09:58:12-log: run build task 整理部分构建选项内数据到 settings.json success in 3 ms√, progress: 15%
2026-5-20 09:58:12-debug: [Build Memory track]: 整理部分构建选项内数据到 settings.json start:237.32MB, end 237.44MB, increase: 124.43KB
2026-5-20 09:58:58-debug: Query all assets info in project
2026-5-20 09:58:58-debug: init custom config: keepNodeUuid: false, useCache: true
2026-5-20 09:58:58-debug: Skip compress image, progress: 0%
2026-5-20 09:58:58-debug: Init all bundles start..., progress: 0%
2026-5-20 09:58:58-debug: // ---- build task 查询 Asset Bundle ----
2026-5-20 09:58:58-debug: 查询 Asset Bundle start, progress: 0%
2026-5-20 09:58:58-debug: Init bundle root assets start..., progress: 0%
2026-5-20 09:58:58-debug: Num of bundles: 2..., progress: 0%
2026-5-20 09:58:58-debug: Query preload assets/scripts from cc.config.json: 60f7195c-ec2a-45eb-ba94-8955f60e81d0,1c02ae6f-4492-4915-b8f8-7492a3b1e4cd,810e96e4-e456-4468-9b59-f4e8f39732c0,efe8e2a3-eace-427b-b4f1-cb8a937ec77d,e9aa9a3e-5b2b-4ac7-a2c7-073de2b2b24f,8bbdbcdd-5cd4-4100-b6d5-b7c9625b6107,50f4348b-c883-4e2f-8f11-ce233b859fa1,fda095cb-831d-4601-ad94-846013963de8,f92806d7-1768-443f-afe8-12bcde84d0f0,dd3a144d-ab7f-41f0-82b8-2e43a090d496,f0416e68-0200-4b77-a926-4f9d16e494da,970b0598-bcb0-4714-91fb-2e81440dccd8,bcd64cc6-2dd9-43f6-abbe-66318d332032,d930590d-bb92-4cc8-8bd1-23cd027f9edf,a3cd009f-0ab0-420d-9278-b9fdab939bbc,6a2d0734-bd9e-4ddf-946e-caa52498cb75,c27215d8-6835-4b68-bfbb-bdeac6100c04,b5d6115f-0370-4d7c-aad3-c194cc71cf98,871c3b6c-7379-419d-bda3-794b239ab90d,ff9b0199-ce04-4cfe-86cc-6c719f08d6e4,de1c2107-70c8-4021-8459-6399f24d01c6,cbf30902-517f-40dc-af90-a550bac27cf1,5c601d96-e4c7-4698-991b-7ee674b11079
2026-5-20 09:58:58-debug:   Number of all scripts: 9
2026-5-20 09:58:58-debug:   Number of other assets: 338
2026-5-20 09:58:58-debug:   Number of all scenes: 2
2026-5-20 09:58:58-debug: Init bundle root assets success..., progress: 0%
2026-5-20 09:58:58-debug: // ---- build task 查询 Asset Bundle ---- (4ms)
2026-5-20 09:58:58-debug: [Build Memory track]: 查询 Asset Bundle start:237.35MB, end 237.90MB, increase: 569.93KB
2026-5-20 09:58:58-debug: 查询 Asset Bundle start, progress: 5%
2026-5-20 09:58:58-log: run build task 查询 Asset Bundle success in 4 ms√, progress: 5%
2026-5-20 09:58:58-debug: // ---- build task 查询 Asset Bundle ----
2026-5-20 09:58:58-debug: // ---- build task 查询 Asset Bundle ---- (2ms)
2026-5-20 09:58:58-debug: 整理部分构建选项内数据到 settings.json start, progress: 10%
2026-5-20 09:58:58-debug: [Build Memory track]: 查询 Asset Bundle start:237.93MB, end 237.26MB, increase: -685.84KB
2026-5-20 09:58:58-debug: // ---- build task 整理部分构建选项内数据到 settings.json ----
2026-5-20 09:58:58-log: run build task 查询 Asset Bundle success in 2 ms√, progress: 10%
2026-5-20 09:58:58-debug: // ---- build task 整理部分构建选项内数据到 settings.json ---- (1ms)
2026-5-20 09:58:58-debug: [Build Memory track]: 整理部分构建选项内数据到 settings.json start:237.29MB, end 237.31MB, increase: 24.38KB
2026-5-20 09:58:58-log: run build task 整理部分构建选项内数据到 settings.json success in 1 ms√, progress: 12%
2026-5-20 09:58:58-debug: 填充脚本数据到 settings.json start, progress: 12%
2026-5-20 09:58:58-debug: // ---- build task 填充脚本数据到 settings.json ----
2026-5-20 09:58:58-log: run build task 填充脚本数据到 settings.json success in √, progress: 13%
2026-5-20 09:58:58-debug: [Build Memory track]: 填充脚本数据到 settings.json start:237.34MB, end 237.35MB, increase: 15.20KB
2026-5-20 09:58:58-debug: 整理部分构建选项内数据到 settings.json start, progress: 13%
2026-5-20 09:58:58-debug: // ---- build task 整理部分构建选项内数据到 settings.json ----
2026-5-20 09:58:58-debug: // ---- build task 整理部分构建选项内数据到 settings.json ---- (3ms)
2026-5-20 09:58:58-log: run build task 整理部分构建选项内数据到 settings.json success in 3 ms√, progress: 15%
2026-5-20 09:58:58-debug: [Build Memory track]: 整理部分构建选项内数据到 settings.json start:237.38MB, end 237.51MB, increase: 136.10KB
2026-5-20 09:59:02-debug: %cImport%c: /Users/xiejianfeng/Downloads/Zuma/assets/Scene/Map1.scenebackground: #aaff85; color: #000;color: #000;
2026-5-20 09:59:02-debug: asset-db:reimport-assetba60efc0-dcd1-4d9b-a1fc-495b102b261d (10ms)
2026-5-20 09:59:02-debug: Query all assets info in project
2026-5-20 09:59:02-debug: init custom config: keepNodeUuid: false, useCache: true
2026-5-20 09:59:02-debug: Skip compress image, progress: 0%
2026-5-20 09:59:02-debug: Init all bundles start..., progress: 0%
2026-5-20 09:59:02-debug: // ---- build task 查询 Asset Bundle ----
2026-5-20 09:59:02-debug: 查询 Asset Bundle start, progress: 0%
2026-5-20 09:59:02-debug: Num of bundles: 2..., progress: 0%
2026-5-20 09:59:02-debug: Init bundle root assets start..., progress: 0%
2026-5-20 09:59:02-debug: Query preload assets/scripts from cc.config.json: 60f7195c-ec2a-45eb-ba94-8955f60e81d0,1c02ae6f-4492-4915-b8f8-7492a3b1e4cd,810e96e4-e456-4468-9b59-f4e8f39732c0,efe8e2a3-eace-427b-b4f1-cb8a937ec77d,e9aa9a3e-5b2b-4ac7-a2c7-073de2b2b24f,8bbdbcdd-5cd4-4100-b6d5-b7c9625b6107,50f4348b-c883-4e2f-8f11-ce233b859fa1,fda095cb-831d-4601-ad94-846013963de8,f92806d7-1768-443f-afe8-12bcde84d0f0,dd3a144d-ab7f-41f0-82b8-2e43a090d496,f0416e68-0200-4b77-a926-4f9d16e494da,970b0598-bcb0-4714-91fb-2e81440dccd8,bcd64cc6-2dd9-43f6-abbe-66318d332032,d930590d-bb92-4cc8-8bd1-23cd027f9edf,a3cd009f-0ab0-420d-9278-b9fdab939bbc,6a2d0734-bd9e-4ddf-946e-caa52498cb75,c27215d8-6835-4b68-bfbb-bdeac6100c04,b5d6115f-0370-4d7c-aad3-c194cc71cf98,871c3b6c-7379-419d-bda3-794b239ab90d,ff9b0199-ce04-4cfe-86cc-6c719f08d6e4,de1c2107-70c8-4021-8459-6399f24d01c6,cbf30902-517f-40dc-af90-a550bac27cf1,5c601d96-e4c7-4698-991b-7ee674b11079
2026-5-20 09:59:02-debug:   Number of all scenes: 2
2026-5-20 09:59:02-debug:   Number of all scripts: 9
2026-5-20 09:59:02-debug:   Number of other assets: 338
2026-5-20 09:59:02-debug: Init bundle root assets success..., progress: 0%
2026-5-20 09:59:02-debug: // ---- build task 查询 Asset Bundle ---- (3ms)
2026-5-20 09:59:02-log: run build task 查询 Asset Bundle success in 3 ms√, progress: 5%
2026-5-20 09:59:02-debug: 查询 Asset Bundle start, progress: 5%
2026-5-20 09:59:02-debug: [Build Memory track]: 查询 Asset Bundle start:237.55MB, end 238.09MB, increase: 552.09KB
2026-5-20 09:59:02-debug: // ---- build task 查询 Asset Bundle ----
2026-5-20 09:59:02-debug: // ---- build task 查询 Asset Bundle ---- (2ms)
2026-5-20 09:59:02-debug: // ---- build task 整理部分构建选项内数据到 settings.json ----
2026-5-20 09:59:02-debug: [Build Memory track]: 查询 Asset Bundle start:238.12MB, end 237.48MB, increase: -658.13KB
2026-5-20 09:59:02-debug: 整理部分构建选项内数据到 settings.json start, progress: 10%
2026-5-20 09:59:02-log: run build task 查询 Asset Bundle success in 2 ms√, progress: 10%
2026-5-20 09:59:02-debug: // ---- build task 整理部分构建选项内数据到 settings.json ---- (1ms)
2026-5-20 09:59:02-log: run build task 整理部分构建选项内数据到 settings.json success in 1 ms√, progress: 12%
2026-5-20 09:59:02-debug: [Build Memory track]: 整理部分构建选项内数据到 settings.json start:237.50MB, end 237.53MB, increase: 24.30KB
2026-5-20 09:59:02-debug: 填充脚本数据到 settings.json start, progress: 12%
2026-5-20 09:59:02-debug: // ---- build task 填充脚本数据到 settings.json ----
2026-5-20 09:59:02-debug: // ---- build task 填充脚本数据到 settings.json ---- (1ms)
2026-5-20 09:59:02-debug: // ---- build task 整理部分构建选项内数据到 settings.json ----
2026-5-20 09:59:02-debug: [Build Memory track]: 填充脚本数据到 settings.json start:237.55MB, end 237.59MB, increase: 32.16KB
2026-5-20 09:59:02-debug: 整理部分构建选项内数据到 settings.json start, progress: 13%
2026-5-20 09:59:02-log: run build task 填充脚本数据到 settings.json success in 1 ms√, progress: 13%
2026-5-20 09:59:02-debug: // ---- build task 整理部分构建选项内数据到 settings.json ---- (2ms)
2026-5-20 09:59:02-log: run build task 整理部分构建选项内数据到 settings.json success in 2 ms√, progress: 15%
2026-5-20 09:59:02-debug: [Build Memory track]: 整理部分构建选项内数据到 settings.json start:237.61MB, end 237.74MB, increase: 128.04KB
2026-5-20 09:59:59-debug: refresh db internal success
2026-5-20 09:59:59-debug: refresh db assets success
2026-5-20 09:59:59-debug: Run asset db hook engine-extends:afterRefresh success!
2026-5-20 09:59:59-debug: Run asset db hook engine-extends:afterRefresh ...
2026-5-20 09:59:59-debug: asset-db:refresh-all-database (38ms)
2026-5-20 09:59:59-debug: asset-db:worker-effect-data-processing (1ms)
2026-5-20 09:59:59-debug: asset-db-hook-engine-extends-afterRefresh (1ms)
2026-5-20 10:00:04-debug: Query all assets info in project
2026-5-20 10:00:04-debug: init custom config: keepNodeUuid: false, useCache: true
2026-5-20 10:00:04-debug: Skip compress image, progress: 0%
2026-5-20 10:00:04-debug: Init all bundles start..., progress: 0%
2026-5-20 10:00:04-debug: Num of bundles: 2..., progress: 0%
2026-5-20 10:00:04-debug: 查询 Asset Bundle start, progress: 0%
2026-5-20 10:00:04-debug: Init bundle root assets start..., progress: 0%
2026-5-20 10:00:04-debug: // ---- build task 查询 Asset Bundle ----
2026-5-20 10:00:04-debug: Query preload assets/scripts from cc.config.json: 60f7195c-ec2a-45eb-ba94-8955f60e81d0,1c02ae6f-4492-4915-b8f8-7492a3b1e4cd,810e96e4-e456-4468-9b59-f4e8f39732c0,efe8e2a3-eace-427b-b4f1-cb8a937ec77d,e9aa9a3e-5b2b-4ac7-a2c7-073de2b2b24f,8bbdbcdd-5cd4-4100-b6d5-b7c9625b6107,50f4348b-c883-4e2f-8f11-ce233b859fa1,fda095cb-831d-4601-ad94-846013963de8,f92806d7-1768-443f-afe8-12bcde84d0f0,dd3a144d-ab7f-41f0-82b8-2e43a090d496,f0416e68-0200-4b77-a926-4f9d16e494da,970b0598-bcb0-4714-91fb-2e81440dccd8,bcd64cc6-2dd9-43f6-abbe-66318d332032,d930590d-bb92-4cc8-8bd1-23cd027f9edf,a3cd009f-0ab0-420d-9278-b9fdab939bbc,6a2d0734-bd9e-4ddf-946e-caa52498cb75,c27215d8-6835-4b68-bfbb-bdeac6100c04,b5d6115f-0370-4d7c-aad3-c194cc71cf98,871c3b6c-7379-419d-bda3-794b239ab90d,ff9b0199-ce04-4cfe-86cc-6c719f08d6e4,de1c2107-70c8-4021-8459-6399f24d01c6,cbf30902-517f-40dc-af90-a550bac27cf1,5c601d96-e4c7-4698-991b-7ee674b11079
2026-5-20 10:00:04-debug:   Number of all scenes: 2
2026-5-20 10:00:04-debug:   Number of all scripts: 9
2026-5-20 10:00:04-debug:   Number of other assets: 338
2026-5-20 10:00:04-debug: Init bundle root assets success..., progress: 0%
2026-5-20 10:00:04-debug: // ---- build task 查询 Asset Bundle ---- (4ms)
2026-5-20 10:00:04-log: run build task 查询 Asset Bundle success in 4 ms√, progress: 5%
2026-5-20 10:00:04-debug: 查询 Asset Bundle start, progress: 5%
2026-5-20 10:00:04-debug: [Build Memory track]: 查询 Asset Bundle start:238.88MB, end 238.64MB, increase: -243.55KB
2026-5-20 10:00:04-debug: // ---- build task 查询 Asset Bundle ----
2026-5-20 10:00:04-log: run build task 查询 Asset Bundle success in 1 ms√, progress: 10%
2026-5-20 10:00:04-debug: [Build Memory track]: 查询 Asset Bundle start:238.66MB, end 238.77MB, increase: 104.30KB
2026-5-20 10:00:04-debug: // ---- build task 整理部分构建选项内数据到 settings.json ----
2026-5-20 10:00:04-debug: // ---- build task 查询 Asset Bundle ---- (1ms)
2026-5-20 10:00:04-debug: 整理部分构建选项内数据到 settings.json start, progress: 10%
2026-5-20 10:00:04-log: run build task 整理部分构建选项内数据到 settings.json success in √, progress: 12%
2026-5-20 10:00:04-debug: [Build Memory track]: 整理部分构建选项内数据到 settings.json start:238.79MB, end 238.81MB, increase: 15.62KB
2026-5-20 10:00:04-debug: 填充脚本数据到 settings.json start, progress: 12%
2026-5-20 10:00:04-debug: // ---- build task 填充脚本数据到 settings.json ----
2026-5-20 10:00:04-debug: // ---- build task 填充脚本数据到 settings.json ---- (1ms)
2026-5-20 10:00:04-log: run build task 填充脚本数据到 settings.json success in 1 ms√, progress: 13%
2026-5-20 10:00:04-debug: 整理部分构建选项内数据到 settings.json start, progress: 13%
2026-5-20 10:00:04-debug: [Build Memory track]: 填充脚本数据到 settings.json start:238.84MB, end 238.86MB, increase: 26.42KB
2026-5-20 10:00:04-debug: // ---- build task 整理部分构建选项内数据到 settings.json ----
2026-5-20 10:00:04-debug: // ---- build task 整理部分构建选项内数据到 settings.json ---- (4ms)
2026-5-20 10:00:04-log: run build task 整理部分构建选项内数据到 settings.json success in 4 ms√, progress: 15%
2026-5-20 10:00:04-debug: [Build Memory track]: 整理部分构建选项内数据到 settings.json start:238.89MB, end 238.28MB, increase: -622.95KB
2026-5-20 10:00:23-debug: refresh db internal success
2026-5-20 10:00:23-debug: refresh db assets success
2026-5-20 10:00:23-debug: Run asset db hook engine-extends:afterRefresh ...
2026-5-20 10:00:23-debug: Run asset db hook engine-extends:afterRefresh success!
2026-5-20 10:00:23-debug: asset-db:refresh-all-database (36ms)
2026-5-20 10:00:23-debug: asset-db:worker-effect-data-processing (1ms)
2026-5-20 10:00:23-debug: asset-db-hook-engine-extends-afterRefresh (2ms)
2026-5-20 10:00:52-debug: refresh db internal success
2026-5-20 10:00:52-debug: refresh db assets success
2026-5-20 10:00:52-debug: Run asset db hook engine-extends:afterRefresh ...
2026-5-20 10:00:52-debug: Run asset db hook engine-extends:afterRefresh success!
2026-5-20 10:00:52-debug: asset-db:refresh-all-database (47ms)
2026-5-20 10:00:52-debug: asset-db-hook-engine-extends-afterRefresh (3ms)
2026-5-20 10:00:52-debug: asset-db:worker-effect-data-processing (3ms)
2026-5-20 10:01:55-debug: refresh db internal success
2026-5-20 10:01:55-debug: refresh db assets success
2026-5-20 10:01:55-debug: Run asset db hook engine-extends:afterRefresh ...
2026-5-20 10:01:55-debug: Run asset db hook engine-extends:afterRefresh success!
2026-5-20 10:01:55-debug: asset-db:refresh-all-database (44ms)
2026-5-20 10:01:55-debug: asset-db:worker-effect-data-processing (2ms)
2026-5-20 10:01:55-debug: asset-db-hook-engine-extends-afterRefresh (3ms)
2026-5-20 10:02:17-debug: start refresh asset from /Users/xiejianfeng/Downloads/Zuma/assets/Script/BallCollision.ts...
2026-5-20 10:02:17-debug: %cImport%c: /Users/xiejianfeng/Downloads/Zuma/assets/Script/BallCollision.tsbackground: #aaff85; color: #000;color: #000;
2026-5-20 10:02:17-debug: refresh asset /Users/xiejianfeng/Downloads/Zuma/assets/Script success
2026-5-20 10:02:17-debug: %cImport%c: /Users/xiejianfeng/Downloads/Zuma/assets/Scriptbackground: #aaff85; color: #000;color: #000;
2026-5-20 10:02:21-debug: refresh db internal success
2026-5-20 10:02:21-debug: refresh db assets success
2026-5-20 10:02:21-debug: Run asset db hook engine-extends:afterRefresh ...
2026-5-20 10:02:21-debug: Run asset db hook engine-extends:afterRefresh success!
2026-5-20 10:02:21-debug: asset-db:refresh-all-database (36ms)
2026-5-20 10:02:21-debug: asset-db:worker-effect-data-processing (1ms)
2026-5-20 10:02:21-debug: asset-db-hook-engine-extends-afterRefresh (2ms)
2026-5-20 10:02:25-debug: refresh db internal success
2026-5-20 10:02:25-debug: refresh db assets success
2026-5-20 10:02:25-debug: Run asset db hook engine-extends:afterRefresh ...
2026-5-20 10:02:25-debug: Run asset db hook engine-extends:afterRefresh success!
2026-5-20 10:02:25-debug: asset-db:refresh-all-database (48ms)
2026-5-20 10:02:39-debug: refresh db internal success
2026-5-20 10:02:39-debug: refresh db assets success
2026-5-20 10:02:39-debug: Run asset db hook engine-extends:afterRefresh ...
2026-5-20 10:02:39-debug: Run asset db hook engine-extends:afterRefresh success!
2026-5-20 10:02:39-debug: asset-db:refresh-all-database (38ms)
2026-5-20 10:02:39-debug: asset-db:worker-effect-data-processing (1ms)
2026-5-20 10:02:39-debug: asset-db-hook-engine-extends-afterRefresh (1ms)
2026-5-20 10:02:59-debug: refresh db internal success
2026-5-20 10:02:59-debug: %cImport%c: /Users/xiejianfeng/Downloads/Zuma/assets/Script/BallCollision.tsbackground: #aaff85; color: #000;color: #000;
2026-5-20 10:02:59-debug: refresh db assets success
2026-5-20 10:02:59-debug: Run asset db hook engine-extends:afterRefresh ...
2026-5-20 10:02:59-debug: Run asset db hook engine-extends:afterRefresh success!
2026-5-20 10:02:59-debug: asset-db:refresh-all-database (37ms)
2026-5-20 10:02:59-debug: asset-db:worker-effect-data-processing (2ms)
2026-5-20 10:02:59-debug: asset-db-hook-engine-extends-afterRefresh (2ms)
2026-5-20 10:03:09-debug: refresh db internal success
2026-5-20 10:03:09-debug: refresh db assets success
2026-5-20 10:03:09-debug: Run asset db hook engine-extends:afterRefresh ...
2026-5-20 10:03:09-debug: Run asset db hook engine-extends:afterRefresh success!
2026-5-20 10:03:09-debug: asset-db:refresh-all-database (35ms)
2026-5-20 10:03:09-debug: asset-db:worker-effect-data-processing (1ms)
2026-5-20 10:03:09-debug: asset-db-hook-engine-extends-afterRefresh (1ms)
2026-5-20 10:03:13-debug: %cImport%c: /Users/xiejianfeng/Downloads/Zuma/assets/Prefab/blueball.prefabbackground: #aaff85; color: #000;color: #000;
2026-5-20 10:03:13-debug: asset-db:reimport-asset057fd5d8-92b4-4fd2-a19c-499722dcb9df (9ms)
2026-5-20 10:03:18-debug: refresh db internal success
2026-5-20 10:03:18-debug: refresh db assets success
2026-5-20 10:03:18-debug: Run asset db hook engine-extends:afterRefresh success!
2026-5-20 10:03:18-debug: Run asset db hook engine-extends:afterRefresh ...
2026-5-20 10:03:18-debug: asset-db:refresh-all-database (23ms)
2026-5-20 10:03:18-debug: asset-db:worker-effect-data-processing (1ms)
2026-5-20 10:03:18-debug: asset-db-hook-engine-extends-afterRefresh (1ms)
2026-5-20 10:03:19-debug: %cImport%c: /Users/xiejianfeng/Downloads/Zuma/assets/Prefab/greenball.prefabbackground: #aaff85; color: #000;color: #000;
2026-5-20 10:03:19-debug: asset-db:reimport-assetb2172737-b3d3-4abd-83f6-bc6f91dee69d (8ms)
2026-5-20 10:03:51-debug: refresh db internal success
2026-5-20 10:03:51-debug: refresh db assets success
2026-5-20 10:03:51-debug: Run asset db hook engine-extends:afterRefresh ...
2026-5-20 10:03:51-debug: Run asset db hook engine-extends:afterRefresh success!
2026-5-20 10:03:51-debug: asset-db:refresh-all-database (41ms)
2026-5-20 10:03:51-debug: asset-db:worker-effect-data-processing (1ms)
2026-5-20 10:03:51-debug: asset-db-hook-engine-extends-afterRefresh (1ms)
2026-5-20 10:04:01-debug: refresh db internal success
2026-5-20 10:04:01-debug: refresh db assets success
2026-5-20 10:04:01-debug: Run asset db hook engine-extends:afterRefresh ...
2026-5-20 10:04:01-debug: Run asset db hook engine-extends:afterRefresh success!
2026-5-20 10:04:01-debug: asset-db:refresh-all-database (30ms)
2026-5-20 10:04:01-debug: asset-db-hook-engine-extends-afterRefresh (1ms)
2026-5-20 10:04:01-debug: asset-db:worker-effect-data-processing (1ms)
2026-5-20 10:04:06-debug: %cImport%c: /Users/xiejianfeng/Downloads/Zuma/assets/Prefab/blueball.prefabbackground: #aaff85; color: #000;color: #000;
2026-5-20 10:04:06-debug: asset-db:reimport-asset057fd5d8-92b4-4fd2-a19c-499722dcb9df (9ms)
2026-5-20 10:04:13-debug: %cImport%c: /Users/xiejianfeng/Downloads/Zuma/assets/Prefab/greenball.prefabbackground: #aaff85; color: #000;color: #000;
2026-5-20 10:04:13-debug: asset-db:reimport-assetb2172737-b3d3-4abd-83f6-bc6f91dee69d (9ms)
2026-5-20 10:04:17-debug: %cImport%c: /Users/xiejianfeng/Downloads/Zuma/assets/Prefab/purpleball.prefabbackground: #aaff85; color: #000;color: #000;
2026-5-20 10:04:17-debug: asset-db:reimport-assetd925c92c-a136-49bc-ab29-e3f5c827f7ea (6ms)
2026-5-20 10:04:21-debug: refresh db internal success
2026-5-20 10:04:21-debug: refresh db assets success
2026-5-20 10:04:21-debug: Run asset db hook engine-extends:afterRefresh ...
2026-5-20 10:04:21-debug: Run asset db hook engine-extends:afterRefresh success!
2026-5-20 10:04:21-debug: asset-db:refresh-all-database (27ms)
2026-5-20 10:04:21-debug: asset-db:worker-effect-data-processing (1ms)
2026-5-20 10:04:21-debug: asset-db-hook-engine-extends-afterRefresh (1ms)
2026-5-20 10:04:22-debug: %cImport%c: /Users/xiejianfeng/Downloads/Zuma/assets/Prefab/purpleball.prefabbackground: #aaff85; color: #000;color: #000;
2026-5-20 10:04:22-debug: asset-db:reimport-assetd925c92c-a136-49bc-ab29-e3f5c827f7ea (11ms)
2026-5-20 10:04:29-debug: refresh db internal success
2026-5-20 10:04:29-debug: refresh db assets success
2026-5-20 10:04:29-debug: Run asset db hook engine-extends:afterRefresh ...
2026-5-20 10:04:29-debug: Run asset db hook engine-extends:afterRefresh success!
2026-5-20 10:04:29-debug: asset-db:refresh-all-database (26ms)
2026-5-20 10:04:29-debug: asset-db:worker-effect-data-processing (1ms)
2026-5-20 10:04:29-debug: asset-db-hook-engine-extends-afterRefresh (1ms)
2026-5-20 10:04:30-debug: %cImport%c: /Users/xiejianfeng/Downloads/Zuma/assets/Prefab/redball.prefabbackground: #aaff85; color: #000;color: #000;
2026-5-20 10:04:30-debug: asset-db:reimport-assetdf9fdd9b-4f58-4df2-8b0d-7aecc9a6daac (6ms)
2026-5-20 10:04:43-debug: refresh db internal success
2026-5-20 10:04:43-debug: refresh db assets success
2026-5-20 10:04:43-debug: Run asset db hook engine-extends:afterRefresh ...
2026-5-20 10:04:43-debug: Run asset db hook engine-extends:afterRefresh success!
2026-5-20 10:04:43-debug: asset-db:refresh-all-database (28ms)
2026-5-20 10:04:44-debug: %cImport%c: /Users/xiejianfeng/Downloads/Zuma/assets/Prefab/yellowball.prefabbackground: #aaff85; color: #000;color: #000;
2026-5-20 10:04:44-debug: asset-db:reimport-asset82911afa-a713-4522-99c2-437f3fd9e61a (9ms)
2026-5-20 10:04:46-debug: Query all assets info in project
2026-5-20 10:04:46-debug: init custom config: keepNodeUuid: false, useCache: true
2026-5-20 10:04:46-debug: Skip compress image, progress: 0%
2026-5-20 10:04:46-debug: Init all bundles start..., progress: 0%
2026-5-20 10:04:46-debug: Num of bundles: 2..., progress: 0%
2026-5-20 10:04:46-debug: 查询 Asset Bundle start, progress: 0%
2026-5-20 10:04:46-debug: // ---- build task 查询 Asset Bundle ----
2026-5-20 10:04:46-debug: Init bundle root assets start..., progress: 0%
2026-5-20 10:04:46-debug: Query preload assets/scripts from cc.config.json: 60f7195c-ec2a-45eb-ba94-8955f60e81d0,1c02ae6f-4492-4915-b8f8-7492a3b1e4cd,810e96e4-e456-4468-9b59-f4e8f39732c0,efe8e2a3-eace-427b-b4f1-cb8a937ec77d,e9aa9a3e-5b2b-4ac7-a2c7-073de2b2b24f,8bbdbcdd-5cd4-4100-b6d5-b7c9625b6107,50f4348b-c883-4e2f-8f11-ce233b859fa1,fda095cb-831d-4601-ad94-846013963de8,f92806d7-1768-443f-afe8-12bcde84d0f0,dd3a144d-ab7f-41f0-82b8-2e43a090d496,f0416e68-0200-4b77-a926-4f9d16e494da,970b0598-bcb0-4714-91fb-2e81440dccd8,bcd64cc6-2dd9-43f6-abbe-66318d332032,d930590d-bb92-4cc8-8bd1-23cd027f9edf,a3cd009f-0ab0-420d-9278-b9fdab939bbc,6a2d0734-bd9e-4ddf-946e-caa52498cb75,c27215d8-6835-4b68-bfbb-bdeac6100c04,b5d6115f-0370-4d7c-aad3-c194cc71cf98,871c3b6c-7379-419d-bda3-794b239ab90d,ff9b0199-ce04-4cfe-86cc-6c719f08d6e4,de1c2107-70c8-4021-8459-6399f24d01c6,cbf30902-517f-40dc-af90-a550bac27cf1,5c601d96-e4c7-4698-991b-7ee674b11079
2026-5-20 10:04:46-debug:   Number of other assets: 338
2026-5-20 10:04:46-debug: Init bundle root assets success..., progress: 0%
2026-5-20 10:04:46-debug:   Number of all scripts: 10
2026-5-20 10:04:46-debug:   Number of all scenes: 2
2026-5-20 10:04:46-debug: // ---- build task 查询 Asset Bundle ---- (3ms)
2026-5-20 10:04:46-log: run build task 查询 Asset Bundle success in 3 ms√, progress: 5%
2026-5-20 10:04:46-debug: // ---- build task 查询 Asset Bundle ----
2026-5-20 10:04:46-debug: 查询 Asset Bundle start, progress: 5%
2026-5-20 10:04:46-debug: [Build Memory track]: 查询 Asset Bundle start:224.38MB, end 224.04MB, increase: -356.94KB
2026-5-20 10:04:46-debug: // ---- build task 查询 Asset Bundle ---- (1ms)
2026-5-20 10:04:46-debug: [Build Memory track]: 查询 Asset Bundle start:224.06MB, end 224.17MB, increase: 106.27KB
2026-5-20 10:04:46-log: run build task 查询 Asset Bundle success in 1 ms√, progress: 10%
2026-5-20 10:04:46-debug: // ---- build task 整理部分构建选项内数据到 settings.json ----
2026-5-20 10:04:46-debug: 整理部分构建选项内数据到 settings.json start, progress: 10%
2026-5-20 10:04:46-log: run build task 整理部分构建选项内数据到 settings.json success in √, progress: 12%
2026-5-20 10:04:46-debug: [Build Memory track]: 整理部分构建选项内数据到 settings.json start:224.19MB, end 224.21MB, increase: 16.48KB
2026-5-20 10:04:46-debug: 填充脚本数据到 settings.json start, progress: 12%
2026-5-20 10:04:46-debug: // ---- build task 填充脚本数据到 settings.json ----
2026-5-20 10:04:46-debug: // ---- build task 填充脚本数据到 settings.json ---- (1ms)
2026-5-20 10:04:46-log: run build task 填充脚本数据到 settings.json success in 1 ms√, progress: 13%
2026-5-20 10:04:46-debug: [Build Memory track]: 填充脚本数据到 settings.json start:224.24MB, end 224.26MB, increase: 23.83KB
2026-5-20 10:04:46-debug: 整理部分构建选项内数据到 settings.json start, progress: 13%
2026-5-20 10:04:46-debug: // ---- build task 整理部分构建选项内数据到 settings.json ----
2026-5-20 10:04:46-debug: // ---- build task 整理部分构建选项内数据到 settings.json ---- (3ms)
2026-5-20 10:04:46-log: run build task 整理部分构建选项内数据到 settings.json success in 3 ms√, progress: 15%
2026-5-20 10:04:46-debug: [Build Memory track]: 整理部分构建选项内数据到 settings.json start:224.29MB, end 224.41MB, increase: 129.63KB
2026-5-20 10:05:32-debug: refresh db internal success
2026-5-20 10:05:32-debug: %cImport%c: /Users/xiejianfeng/Downloads/Zuma/assets/Script/BallCollision.tsbackground: #aaff85; color: #000;color: #000;
2026-5-20 10:05:32-debug: refresh db assets success
2026-5-20 10:05:32-debug: Run asset db hook engine-extends:afterRefresh ...
2026-5-20 10:05:32-debug: Run asset db hook engine-extends:afterRefresh success!
2026-5-20 10:05:32-debug: asset-db:refresh-all-database (53ms)
2026-5-20 10:05:32-debug: asset-db:worker-effect-data-processing (1ms)
2026-5-20 10:05:32-debug: asset-db-hook-engine-extends-afterRefresh (1ms)
2026-5-20 10:05:34-debug: %cImport%c: /Users/xiejianfeng/Downloads/Zuma/assets/Prefab/yellowball.prefabbackground: #aaff85; color: #000;color: #000;
2026-5-20 10:05:34-debug: asset-db:reimport-asset82911afa-a713-4522-99c2-437f3fd9e61a (12ms)
2026-5-20 10:05:35-debug: Query all assets info in project
2026-5-20 10:05:35-debug: init custom config: keepNodeUuid: false, useCache: true
2026-5-20 10:05:35-debug: Skip compress image, progress: 0%
2026-5-20 10:05:35-debug: Init all bundles start..., progress: 0%
2026-5-20 10:05:35-debug: Num of bundles: 2..., progress: 0%
2026-5-20 10:05:35-debug: 查询 Asset Bundle start, progress: 0%
2026-5-20 10:05:35-debug: // ---- build task 查询 Asset Bundle ----
2026-5-20 10:05:35-debug: Init bundle root assets start..., progress: 0%
2026-5-20 10:05:35-debug: Query preload assets/scripts from cc.config.json: 60f7195c-ec2a-45eb-ba94-8955f60e81d0,1c02ae6f-4492-4915-b8f8-7492a3b1e4cd,810e96e4-e456-4468-9b59-f4e8f39732c0,efe8e2a3-eace-427b-b4f1-cb8a937ec77d,e9aa9a3e-5b2b-4ac7-a2c7-073de2b2b24f,8bbdbcdd-5cd4-4100-b6d5-b7c9625b6107,50f4348b-c883-4e2f-8f11-ce233b859fa1,fda095cb-831d-4601-ad94-846013963de8,f92806d7-1768-443f-afe8-12bcde84d0f0,dd3a144d-ab7f-41f0-82b8-2e43a090d496,f0416e68-0200-4b77-a926-4f9d16e494da,970b0598-bcb0-4714-91fb-2e81440dccd8,bcd64cc6-2dd9-43f6-abbe-66318d332032,d930590d-bb92-4cc8-8bd1-23cd027f9edf,a3cd009f-0ab0-420d-9278-b9fdab939bbc,6a2d0734-bd9e-4ddf-946e-caa52498cb75,c27215d8-6835-4b68-bfbb-bdeac6100c04,b5d6115f-0370-4d7c-aad3-c194cc71cf98,871c3b6c-7379-419d-bda3-794b239ab90d,ff9b0199-ce04-4cfe-86cc-6c719f08d6e4,de1c2107-70c8-4021-8459-6399f24d01c6,cbf30902-517f-40dc-af90-a550bac27cf1,5c601d96-e4c7-4698-991b-7ee674b11079
2026-5-20 10:05:35-debug: Init bundle root assets success..., progress: 0%
2026-5-20 10:05:35-debug:   Number of all scripts: 10
2026-5-20 10:05:35-debug:   Number of other assets: 338
2026-5-20 10:05:35-debug:   Number of all scenes: 2
2026-5-20 10:05:35-debug: // ---- build task 查询 Asset Bundle ---- (5ms)
2026-5-20 10:05:35-log: run build task 查询 Asset Bundle success in 5 ms√, progress: 5%
2026-5-20 10:05:35-debug: [Build Memory track]: 查询 Asset Bundle start:224.97MB, end 224.57MB, increase: -412.57KB
2026-5-20 10:05:35-debug: 查询 Asset Bundle start, progress: 5%
2026-5-20 10:05:35-debug: // ---- build task 查询 Asset Bundle ----
2026-5-20 10:05:35-log: run build task 查询 Asset Bundle success in 2 ms√, progress: 10%
2026-5-20 10:05:35-debug: // ---- build task 整理部分构建选项内数据到 settings.json ----
2026-5-20 10:05:35-debug: [Build Memory track]: 查询 Asset Bundle start:224.60MB, end 224.70MB, increase: 104.92KB
2026-5-20 10:05:35-debug: 整理部分构建选项内数据到 settings.json start, progress: 10%
2026-5-20 10:05:35-debug: // ---- build task 查询 Asset Bundle ---- (2ms)
2026-5-20 10:05:35-debug: // ---- build task 整理部分构建选项内数据到 settings.json ---- (1ms)
2026-5-20 10:05:35-debug: [Build Memory track]: 整理部分构建选项内数据到 settings.json start:224.73MB, end 224.76MB, increase: 30.24KB
2026-5-20 10:05:35-debug: 填充脚本数据到 settings.json start, progress: 12%
2026-5-20 10:05:35-debug: // ---- build task 填充脚本数据到 settings.json ----
2026-5-20 10:05:35-log: run build task 整理部分构建选项内数据到 settings.json success in 1 ms√, progress: 12%
2026-5-20 10:05:35-debug: // ---- build task 填充脚本数据到 settings.json ---- (1ms)
2026-5-20 10:05:35-debug: 整理部分构建选项内数据到 settings.json start, progress: 13%
2026-5-20 10:05:35-debug: [Build Memory track]: 填充脚本数据到 settings.json start:224.79MB, end 224.81MB, increase: 24.46KB
2026-5-20 10:05:35-debug: // ---- build task 整理部分构建选项内数据到 settings.json ----
2026-5-20 10:05:35-log: run build task 填充脚本数据到 settings.json success in 1 ms√, progress: 13%
2026-5-20 10:05:35-debug: // ---- build task 整理部分构建选项内数据到 settings.json ---- (3ms)
2026-5-20 10:05:35-log: run build task 整理部分构建选项内数据到 settings.json success in 3 ms√, progress: 15%
2026-5-20 10:05:35-debug: [Build Memory track]: 整理部分构建选项内数据到 settings.json start:224.84MB, end 224.96MB, increase: 122.70KB
2026-5-20 10:06:18-debug: refresh db internal success
2026-5-20 10:06:18-debug: %cImport%c: /Users/xiejianfeng/Downloads/Zuma/assets/Script/BallCollision.tsbackground: #aaff85; color: #000;color: #000;
2026-5-20 10:06:18-debug: refresh db assets success
2026-5-20 10:06:18-debug: Run asset db hook engine-extends:afterRefresh ...
2026-5-20 10:06:18-debug: Run asset db hook engine-extends:afterRefresh success!
2026-5-20 10:06:18-debug: asset-db:refresh-all-database (51ms)
2026-5-20 10:06:18-debug: asset-db:worker-effect-data-processing (3ms)
2026-5-20 10:06:18-debug: asset-db-hook-engine-extends-afterRefresh (3ms)
2026-5-20 10:06:20-debug: %cImport%c: /Users/xiejianfeng/Downloads/Zuma/assets/Prefab/yellowball.prefabbackground: #aaff85; color: #000;color: #000;
2026-5-20 10:06:20-debug: asset-db:reimport-asset82911afa-a713-4522-99c2-437f3fd9e61a (4ms)
2026-5-20 10:06:21-debug: Query all assets info in project
2026-5-20 10:06:21-debug: init custom config: keepNodeUuid: false, useCache: true
2026-5-20 10:06:21-debug: Skip compress image, progress: 0%
2026-5-20 10:06:21-debug: Init all bundles start..., progress: 0%
2026-5-20 10:06:21-debug: Num of bundles: 2..., progress: 0%
2026-5-20 10:06:21-debug: // ---- build task 查询 Asset Bundle ----
2026-5-20 10:06:21-debug: 查询 Asset Bundle start, progress: 0%
2026-5-20 10:06:21-debug: Init bundle root assets start..., progress: 0%
2026-5-20 10:06:21-debug: Query preload assets/scripts from cc.config.json: 60f7195c-ec2a-45eb-ba94-8955f60e81d0,1c02ae6f-4492-4915-b8f8-7492a3b1e4cd,810e96e4-e456-4468-9b59-f4e8f39732c0,efe8e2a3-eace-427b-b4f1-cb8a937ec77d,e9aa9a3e-5b2b-4ac7-a2c7-073de2b2b24f,8bbdbcdd-5cd4-4100-b6d5-b7c9625b6107,50f4348b-c883-4e2f-8f11-ce233b859fa1,fda095cb-831d-4601-ad94-846013963de8,f92806d7-1768-443f-afe8-12bcde84d0f0,dd3a144d-ab7f-41f0-82b8-2e43a090d496,f0416e68-0200-4b77-a926-4f9d16e494da,970b0598-bcb0-4714-91fb-2e81440dccd8,bcd64cc6-2dd9-43f6-abbe-66318d332032,d930590d-bb92-4cc8-8bd1-23cd027f9edf,a3cd009f-0ab0-420d-9278-b9fdab939bbc,6a2d0734-bd9e-4ddf-946e-caa52498cb75,c27215d8-6835-4b68-bfbb-bdeac6100c04,b5d6115f-0370-4d7c-aad3-c194cc71cf98,871c3b6c-7379-419d-bda3-794b239ab90d,ff9b0199-ce04-4cfe-86cc-6c719f08d6e4,de1c2107-70c8-4021-8459-6399f24d01c6,cbf30902-517f-40dc-af90-a550bac27cf1,5c601d96-e4c7-4698-991b-7ee674b11079
2026-5-20 10:06:21-debug:   Number of all scenes: 2
2026-5-20 10:06:21-debug:   Number of other assets: 338
2026-5-20 10:06:21-debug: Init bundle root assets success..., progress: 0%
2026-5-20 10:06:21-debug:   Number of all scripts: 10
2026-5-20 10:06:21-debug: // ---- build task 查询 Asset Bundle ---- (4ms)
2026-5-20 10:06:21-log: run build task 查询 Asset Bundle success in 4 ms√, progress: 5%
2026-5-20 10:06:21-debug: 查询 Asset Bundle start, progress: 5%
2026-5-20 10:06:21-debug: [Build Memory track]: 查询 Asset Bundle start:225.39MB, end 224.99MB, increase: -408.89KB
2026-5-20 10:06:21-debug: // ---- build task 查询 Asset Bundle ----
2026-5-20 10:06:21-debug: // ---- build task 查询 Asset Bundle ---- (2ms)
2026-5-20 10:06:21-log: run build task 查询 Asset Bundle success in 2 ms√, progress: 10%
2026-5-20 10:06:21-debug: [Build Memory track]: 查询 Asset Bundle start:225.02MB, end 225.12MB, increase: 105.00KB
2026-5-20 10:06:21-debug: 整理部分构建选项内数据到 settings.json start, progress: 10%
2026-5-20 10:06:21-debug: // ---- build task 整理部分构建选项内数据到 settings.json ----
2026-5-20 10:06:21-debug: // ---- build task 整理部分构建选项内数据到 settings.json ---- (1ms)
2026-5-20 10:06:21-log: run build task 整理部分构建选项内数据到 settings.json success in 1 ms√, progress: 12%
2026-5-20 10:06:21-debug: 填充脚本数据到 settings.json start, progress: 12%
2026-5-20 10:06:21-debug: [Build Memory track]: 整理部分构建选项内数据到 settings.json start:225.15MB, end 225.17MB, increase: 25.06KB
2026-5-20 10:06:21-debug: // ---- build task 填充脚本数据到 settings.json ----
2026-5-20 10:06:21-debug: // ---- build task 填充脚本数据到 settings.json ---- (1ms)
2026-5-20 10:06:21-log: run build task 填充脚本数据到 settings.json success in 1 ms√, progress: 13%
2026-5-20 10:06:21-debug: // ---- build task 整理部分构建选项内数据到 settings.json ----
2026-5-20 10:06:21-debug: [Build Memory track]: 填充脚本数据到 settings.json start:225.20MB, end 225.22MB, increase: 24.52KB
2026-5-20 10:06:21-debug: 整理部分构建选项内数据到 settings.json start, progress: 13%
2026-5-20 10:06:21-debug: // ---- build task 整理部分构建选项内数据到 settings.json ---- (3ms)
2026-5-20 10:06:21-log: run build task 整理部分构建选项内数据到 settings.json success in 3 ms√, progress: 15%
2026-5-20 10:06:21-debug: [Build Memory track]: 整理部分构建选项内数据到 settings.json start:225.25MB, end 225.37MB, increase: 122.70KB
2026-5-20 10:06:29-debug: Query all assets info in project
2026-5-20 10:06:29-debug: init custom config: keepNodeUuid: false, useCache: true
2026-5-20 10:06:29-debug: Skip compress image, progress: 0%
2026-5-20 10:06:29-debug: Init all bundles start..., progress: 0%
2026-5-20 10:06:29-debug: Init bundle root assets start..., progress: 0%
2026-5-20 10:06:29-debug: 查询 Asset Bundle start, progress: 0%
2026-5-20 10:06:29-debug: // ---- build task 查询 Asset Bundle ----
2026-5-20 10:06:29-debug: Num of bundles: 2..., progress: 0%
2026-5-20 10:06:29-debug: Query preload assets/scripts from cc.config.json: 60f7195c-ec2a-45eb-ba94-8955f60e81d0,1c02ae6f-4492-4915-b8f8-7492a3b1e4cd,810e96e4-e456-4468-9b59-f4e8f39732c0,efe8e2a3-eace-427b-b4f1-cb8a937ec77d,e9aa9a3e-5b2b-4ac7-a2c7-073de2b2b24f,8bbdbcdd-5cd4-4100-b6d5-b7c9625b6107,50f4348b-c883-4e2f-8f11-ce233b859fa1,fda095cb-831d-4601-ad94-846013963de8,f92806d7-1768-443f-afe8-12bcde84d0f0,dd3a144d-ab7f-41f0-82b8-2e43a090d496,f0416e68-0200-4b77-a926-4f9d16e494da,970b0598-bcb0-4714-91fb-2e81440dccd8,bcd64cc6-2dd9-43f6-abbe-66318d332032,d930590d-bb92-4cc8-8bd1-23cd027f9edf,a3cd009f-0ab0-420d-9278-b9fdab939bbc,6a2d0734-bd9e-4ddf-946e-caa52498cb75,c27215d8-6835-4b68-bfbb-bdeac6100c04,b5d6115f-0370-4d7c-aad3-c194cc71cf98,871c3b6c-7379-419d-bda3-794b239ab90d,ff9b0199-ce04-4cfe-86cc-6c719f08d6e4,de1c2107-70c8-4021-8459-6399f24d01c6,cbf30902-517f-40dc-af90-a550bac27cf1,5c601d96-e4c7-4698-991b-7ee674b11079
2026-5-20 10:06:29-debug:   Number of all scenes: 2
2026-5-20 10:06:29-debug: Init bundle root assets success..., progress: 0%
2026-5-20 10:06:29-debug:   Number of all scripts: 10
2026-5-20 10:06:29-debug:   Number of other assets: 338
2026-5-20 10:06:29-debug: // ---- build task 查询 Asset Bundle ---- (4ms)
2026-5-20 10:06:29-log: run build task 查询 Asset Bundle success in 4 ms√, progress: 5%
2026-5-20 10:06:29-debug: 查询 Asset Bundle start, progress: 5%
2026-5-20 10:06:29-debug: [Build Memory track]: 查询 Asset Bundle start:225.69MB, end 225.36MB, increase: -339.95KB
2026-5-20 10:06:29-debug: // ---- build task 查询 Asset Bundle ----
2026-5-20 10:06:29-debug: // ---- build task 查询 Asset Bundle ---- (1ms)
2026-5-20 10:06:29-log: run build task 查询 Asset Bundle success in 1 ms√, progress: 10%
2026-5-20 10:06:29-debug: // ---- build task 整理部分构建选项内数据到 settings.json ----
2026-5-20 10:06:29-debug: 整理部分构建选项内数据到 settings.json start, progress: 10%
2026-5-20 10:06:29-debug: [Build Memory track]: 查询 Asset Bundle start:225.39MB, end 225.49MB, increase: 104.95KB
2026-5-20 10:06:29-log: run build task 整理部分构建选项内数据到 settings.json success in 1 ms√, progress: 12%
2026-5-20 10:06:29-debug: // ---- build task 整理部分构建选项内数据到 settings.json ---- (1ms)
2026-5-20 10:06:29-debug: 填充脚本数据到 settings.json start, progress: 12%
2026-5-20 10:06:29-debug: [Build Memory track]: 整理部分构建选项内数据到 settings.json start:225.52MB, end 225.54MB, increase: 24.94KB
2026-5-20 10:06:29-debug: // ---- build task 填充脚本数据到 settings.json ----
2026-5-20 10:06:29-debug: // ---- build task 填充脚本数据到 settings.json ---- (1ms)
2026-5-20 10:06:29-debug: [Build Memory track]: 填充脚本数据到 settings.json start:225.57MB, end 225.59MB, increase: 24.47KB
2026-5-20 10:06:29-debug: // ---- build task 整理部分构建选项内数据到 settings.json ----
2026-5-20 10:06:29-debug: 整理部分构建选项内数据到 settings.json start, progress: 13%
2026-5-20 10:06:29-log: run build task 填充脚本数据到 settings.json success in 1 ms√, progress: 13%
2026-5-20 10:06:29-debug: // ---- build task 整理部分构建选项内数据到 settings.json ---- (2ms)
2026-5-20 10:06:29-log: run build task 整理部分构建选项内数据到 settings.json success in 2 ms√, progress: 15%
2026-5-20 10:06:29-debug: [Build Memory track]: 整理部分构建选项内数据到 settings.json start:225.62MB, end 224.99MB, increase: -641.60KB
2026-5-20 10:06:43-debug: Query all assets info in project
2026-5-20 10:06:43-debug: init custom config: keepNodeUuid: false, useCache: true
2026-5-20 10:06:43-debug: Skip compress image, progress: 0%
2026-5-20 10:06:43-debug: Init all bundles start..., progress: 0%
2026-5-20 10:06:43-debug: Num of bundles: 2..., progress: 0%
2026-5-20 10:06:43-debug: 查询 Asset Bundle start, progress: 0%
2026-5-20 10:06:43-debug: // ---- build task 查询 Asset Bundle ----
2026-5-20 10:06:43-debug: Init bundle root assets start..., progress: 0%
2026-5-20 10:06:43-debug: Query preload assets/scripts from cc.config.json: 60f7195c-ec2a-45eb-ba94-8955f60e81d0,1c02ae6f-4492-4915-b8f8-7492a3b1e4cd,810e96e4-e456-4468-9b59-f4e8f39732c0,efe8e2a3-eace-427b-b4f1-cb8a937ec77d,e9aa9a3e-5b2b-4ac7-a2c7-073de2b2b24f,8bbdbcdd-5cd4-4100-b6d5-b7c9625b6107,50f4348b-c883-4e2f-8f11-ce233b859fa1,fda095cb-831d-4601-ad94-846013963de8,f92806d7-1768-443f-afe8-12bcde84d0f0,dd3a144d-ab7f-41f0-82b8-2e43a090d496,f0416e68-0200-4b77-a926-4f9d16e494da,970b0598-bcb0-4714-91fb-2e81440dccd8,bcd64cc6-2dd9-43f6-abbe-66318d332032,d930590d-bb92-4cc8-8bd1-23cd027f9edf,a3cd009f-0ab0-420d-9278-b9fdab939bbc,6a2d0734-bd9e-4ddf-946e-caa52498cb75,c27215d8-6835-4b68-bfbb-bdeac6100c04,b5d6115f-0370-4d7c-aad3-c194cc71cf98,871c3b6c-7379-419d-bda3-794b239ab90d,ff9b0199-ce04-4cfe-86cc-6c719f08d6e4,de1c2107-70c8-4021-8459-6399f24d01c6,cbf30902-517f-40dc-af90-a550bac27cf1,5c601d96-e4c7-4698-991b-7ee674b11079
2026-5-20 10:06:43-debug:   Number of other assets: 338
2026-5-20 10:06:43-debug:   Number of all scripts: 10
2026-5-20 10:06:43-debug: Init bundle root assets success..., progress: 0%
2026-5-20 10:06:43-debug:   Number of all scenes: 2
2026-5-20 10:06:43-debug: // ---- build task 查询 Asset Bundle ---- (4ms)
2026-5-20 10:06:43-debug: // ---- build task 查询 Asset Bundle ----
2026-5-20 10:06:43-debug: [Build Memory track]: 查询 Asset Bundle start:225.37MB, end 225.03MB, increase: -339.96KB
2026-5-20 10:06:43-debug: 查询 Asset Bundle start, progress: 5%
2026-5-20 10:06:43-log: run build task 查询 Asset Bundle success in 4 ms√, progress: 5%
2026-5-20 10:06:43-debug: // ---- build task 查询 Asset Bundle ---- (2ms)
2026-5-20 10:06:43-log: run build task 查询 Asset Bundle success in 2 ms√, progress: 10%
2026-5-20 10:06:43-debug: [Build Memory track]: 查询 Asset Bundle start:225.08MB, end 225.18MB, increase: 107.39KB
2026-5-20 10:06:43-debug: 整理部分构建选项内数据到 settings.json start, progress: 10%
2026-5-20 10:06:43-debug: // ---- build task 整理部分构建选项内数据到 settings.json ----
2026-5-20 10:06:43-log: run build task 整理部分构建选项内数据到 settings.json success in √, progress: 12%
2026-5-20 10:06:43-debug: 填充脚本数据到 settings.json start, progress: 12%
2026-5-20 10:06:43-debug: // ---- build task 填充脚本数据到 settings.json ----
2026-5-20 10:06:43-debug: [Build Memory track]: 整理部分构建选项内数据到 settings.json start:225.21MB, end 225.23MB, increase: 16.25KB
2026-5-20 10:06:43-debug: // ---- build task 填充脚本数据到 settings.json ---- (1ms)
2026-5-20 10:06:43-debug: [Build Memory track]: 填充脚本数据到 settings.json start:225.25MB, end 225.28MB, increase: 23.61KB
2026-5-20 10:06:43-debug: 整理部分构建选项内数据到 settings.json start, progress: 13%
2026-5-20 10:06:43-log: run build task 填充脚本数据到 settings.json success in 1 ms√, progress: 13%
2026-5-20 10:06:43-debug: // ---- build task 整理部分构建选项内数据到 settings.json ----
2026-5-20 10:06:43-debug: // ---- build task 整理部分构建选项内数据到 settings.json ---- (3ms)
2026-5-20 10:06:43-log: run build task 整理部分构建选项内数据到 settings.json success in 3 ms√, progress: 15%
2026-5-20 10:06:43-debug: [Build Memory track]: 整理部分构建选项内数据到 settings.json start:225.30MB, end 225.42MB, increase: 122.64KB
2026-5-20 10:06:46-debug: %cImport%c: /Users/xiejianfeng/Downloads/Zuma/assets/Scene/Map1.scenebackground: #aaff85; color: #000;color: #000;
2026-5-20 10:06:46-debug: asset-db:reimport-assetba60efc0-dcd1-4d9b-a1fc-495b102b261d (7ms)
2026-5-20 10:06:47-debug: Query all assets info in project
2026-5-20 10:06:47-debug: init custom config: keepNodeUuid: false, useCache: true
2026-5-20 10:06:47-debug: Skip compress image, progress: 0%
2026-5-20 10:06:47-debug: Init all bundles start..., progress: 0%
2026-5-20 10:06:47-debug: Num of bundles: 2..., progress: 0%
2026-5-20 10:06:47-debug: 查询 Asset Bundle start, progress: 0%
2026-5-20 10:06:47-debug: // ---- build task 查询 Asset Bundle ----
2026-5-20 10:06:47-debug: Init bundle root assets start..., progress: 0%
2026-5-20 10:06:47-debug: Query preload assets/scripts from cc.config.json: 60f7195c-ec2a-45eb-ba94-8955f60e81d0,1c02ae6f-4492-4915-b8f8-7492a3b1e4cd,810e96e4-e456-4468-9b59-f4e8f39732c0,efe8e2a3-eace-427b-b4f1-cb8a937ec77d,e9aa9a3e-5b2b-4ac7-a2c7-073de2b2b24f,8bbdbcdd-5cd4-4100-b6d5-b7c9625b6107,50f4348b-c883-4e2f-8f11-ce233b859fa1,fda095cb-831d-4601-ad94-846013963de8,f92806d7-1768-443f-afe8-12bcde84d0f0,dd3a144d-ab7f-41f0-82b8-2e43a090d496,f0416e68-0200-4b77-a926-4f9d16e494da,970b0598-bcb0-4714-91fb-2e81440dccd8,bcd64cc6-2dd9-43f6-abbe-66318d332032,d930590d-bb92-4cc8-8bd1-23cd027f9edf,a3cd009f-0ab0-420d-9278-b9fdab939bbc,6a2d0734-bd9e-4ddf-946e-caa52498cb75,c27215d8-6835-4b68-bfbb-bdeac6100c04,b5d6115f-0370-4d7c-aad3-c194cc71cf98,871c3b6c-7379-419d-bda3-794b239ab90d,ff9b0199-ce04-4cfe-86cc-6c719f08d6e4,de1c2107-70c8-4021-8459-6399f24d01c6,cbf30902-517f-40dc-af90-a550bac27cf1,5c601d96-e4c7-4698-991b-7ee674b11079
2026-5-20 10:06:47-debug:   Number of other assets: 338
2026-5-20 10:06:47-debug:   Number of all scripts: 10
2026-5-20 10:06:47-debug:   Number of all scenes: 2
2026-5-20 10:06:47-debug: Init bundle root assets success..., progress: 0%
2026-5-20 10:06:47-debug: // ---- build task 查询 Asset Bundle ---- (3ms)
2026-5-20 10:06:47-log: run build task 查询 Asset Bundle success in 3 ms√, progress: 5%
2026-5-20 10:06:47-debug: [Build Memory track]: 查询 Asset Bundle start:225.56MB, end 225.24MB, increase: -326.29KB
2026-5-20 10:06:47-debug: 查询 Asset Bundle start, progress: 5%
2026-5-20 10:06:47-debug: // ---- build task 查询 Asset Bundle ----
2026-5-20 10:06:47-debug: // ---- build task 查询 Asset Bundle ---- (1ms)
2026-5-20 10:06:47-debug: [Build Memory track]: 查询 Asset Bundle start:225.27MB, end 225.38MB, increase: 109.70KB
2026-5-20 10:06:47-log: run build task 查询 Asset Bundle success in 1 ms√, progress: 10%
2026-5-20 10:06:47-debug: 整理部分构建选项内数据到 settings.json start, progress: 10%
2026-5-20 10:06:47-debug: // ---- build task 整理部分构建选项内数据到 settings.json ----
2026-5-20 10:06:47-debug: // ---- build task 整理部分构建选项内数据到 settings.json ---- (2ms)
2026-5-20 10:06:47-debug: [Build Memory track]: 整理部分构建选项内数据到 settings.json start:225.41MB, end 225.43MB, increase: 24.95KB
2026-5-20 10:06:47-debug: 填充脚本数据到 settings.json start, progress: 12%
2026-5-20 10:06:47-log: run build task 整理部分构建选项内数据到 settings.json success in 2 ms√, progress: 12%
2026-5-20 10:06:47-debug: // ---- build task 填充脚本数据到 settings.json ----
2026-5-20 10:06:47-debug: // ---- build task 填充脚本数据到 settings.json ---- (1ms)
2026-5-20 10:06:47-debug: 整理部分构建选项内数据到 settings.json start, progress: 13%
2026-5-20 10:06:47-debug: [Build Memory track]: 填充脚本数据到 settings.json start:225.46MB, end 225.48MB, increase: 24.48KB
2026-5-20 10:06:47-log: run build task 填充脚本数据到 settings.json success in 1 ms√, progress: 13%
2026-5-20 10:06:47-debug: // ---- build task 整理部分构建选项内数据到 settings.json ----
2026-5-20 10:06:47-debug: // ---- build task 整理部分构建选项内数据到 settings.json ---- (2ms)
2026-5-20 10:06:47-log: run build task 整理部分构建选项内数据到 settings.json success in 2 ms√, progress: 15%
2026-5-20 10:06:47-debug: [Build Memory track]: 整理部分构建选项内数据到 settings.json start:225.51MB, end 225.63MB, increase: 122.73KB
2026-5-20 10:07:31-debug: refresh db internal success
2026-5-20 10:07:31-debug: refresh db assets success
2026-5-20 10:07:31-debug: Run asset db hook engine-extends:afterRefresh ...
2026-5-20 10:07:31-debug: Run asset db hook engine-extends:afterRefresh success!
2026-5-20 10:07:31-debug: asset-db:refresh-all-database (44ms)
2026-5-20 10:07:31-debug: asset-db:worker-effect-data-processing (1ms)
2026-5-20 10:07:31-debug: asset-db-hook-engine-extends-afterRefresh (1ms)
2026-5-20 10:08:09-debug: refresh db internal success
2026-5-20 10:08:09-debug: refresh db assets success
2026-5-20 10:08:09-debug: Run asset db hook engine-extends:afterRefresh success!
2026-5-20 10:08:09-debug: Run asset db hook engine-extends:afterRefresh ...
2026-5-20 10:08:09-debug: asset-db:refresh-all-database (28ms)
2026-5-20 10:08:09-debug: asset-db:worker-effect-data-processing (1ms)
2026-5-20 10:08:09-debug: asset-db-hook-engine-extends-afterRefresh (2ms)
2026-5-20 10:08:22-debug: refresh db internal success
2026-5-20 10:08:22-debug: refresh db assets success
2026-5-20 10:08:22-debug: Run asset db hook engine-extends:afterRefresh ...
2026-5-20 10:08:22-debug: Run asset db hook engine-extends:afterRefresh success!
2026-5-20 10:08:22-debug: asset-db:refresh-all-database (28ms)
2026-5-20 10:08:22-debug: asset-db-hook-engine-extends-afterRefresh (1ms)
2026-5-20 10:08:51-debug: refresh db internal success
2026-5-20 10:08:51-debug: refresh db assets success
2026-5-20 10:08:51-debug: Run asset db hook engine-extends:afterRefresh ...
2026-5-20 10:08:51-debug: Run asset db hook engine-extends:afterRefresh success!
2026-5-20 10:08:51-debug: asset-db:refresh-all-database (31ms)
2026-5-20 10:08:51-debug: asset-db:worker-effect-data-processing (1ms)
2026-5-20 10:08:51-debug: asset-db-hook-engine-extends-afterRefresh (1ms)
2026-5-20 10:09:11-debug: refresh db internal success
2026-5-20 10:09:11-debug: refresh db assets success
2026-5-20 10:09:11-debug: Run asset db hook engine-extends:afterRefresh ...
2026-5-20 10:09:11-debug: Run asset db hook engine-extends:afterRefresh success!
2026-5-20 10:09:11-debug: asset-db:refresh-all-database (39ms)
2026-5-20 10:09:11-debug: asset-db:worker-effect-data-processing (1ms)
2026-5-20 10:09:11-debug: asset-db-hook-engine-extends-afterRefresh (1ms)
2026-5-20 10:09:18-debug: refresh db internal success
2026-5-20 10:09:18-debug: refresh db assets success
2026-5-20 10:09:18-debug: Run asset db hook engine-extends:afterRefresh ...
2026-5-20 10:09:18-debug: Run asset db hook engine-extends:afterRefresh success!
2026-5-20 10:09:18-debug: asset-db:refresh-all-database (28ms)
2026-5-20 10:09:18-debug: asset-db:worker-effect-data-processing (1ms)
2026-5-20 10:09:18-debug: asset-db-hook-engine-extends-afterRefresh (1ms)
2026-5-20 10:09:26-debug: refresh db internal success
2026-5-20 10:09:26-debug: refresh db assets success
2026-5-20 10:09:26-debug: Run asset db hook engine-extends:afterRefresh ...
2026-5-20 10:09:26-debug: Run asset db hook engine-extends:afterRefresh success!
2026-5-20 10:09:26-debug: asset-db:refresh-all-database (39ms)
2026-5-20 10:09:26-debug: asset-db:worker-effect-data-processing (1ms)
2026-5-20 10:09:26-debug: asset-db-hook-engine-extends-afterRefresh (1ms)
2026-5-20 10:09:34-debug: refresh db internal success
2026-5-20 10:09:34-debug: refresh db assets success
2026-5-20 10:09:34-debug: Run asset db hook engine-extends:afterRefresh success!
2026-5-20 10:09:34-debug: Run asset db hook engine-extends:afterRefresh ...
2026-5-20 10:09:34-debug: asset-db:refresh-all-database (35ms)
2026-5-20 10:09:34-debug: asset-db-hook-engine-extends-afterRefresh (1ms)
2026-5-20 10:09:34-debug: asset-db:worker-effect-data-processing (1ms)
2026-5-20 10:09:34-debug: %cImport%c: /Users/xiejianfeng/Downloads/Zuma/assets/Scene/Map1.scenebackground: #aaff85; color: #000;color: #000;
2026-5-20 10:09:34-debug: asset-db:reimport-assetba60efc0-dcd1-4d9b-a1fc-495b102b261d (6ms)
2026-5-20 10:09:36-debug: Query all assets info in project
2026-5-20 10:09:36-debug: init custom config: keepNodeUuid: false, useCache: true
2026-5-20 10:09:36-debug: Skip compress image, progress: 0%
2026-5-20 10:09:36-debug: Init all bundles start..., progress: 0%
2026-5-20 10:09:36-debug: Num of bundles: 2..., progress: 0%
2026-5-20 10:09:36-debug: 查询 Asset Bundle start, progress: 0%
2026-5-20 10:09:36-debug: // ---- build task 查询 Asset Bundle ----
2026-5-20 10:09:36-debug: Init bundle root assets start..., progress: 0%
2026-5-20 10:09:36-debug: Query preload assets/scripts from cc.config.json: 60f7195c-ec2a-45eb-ba94-8955f60e81d0,1c02ae6f-4492-4915-b8f8-7492a3b1e4cd,810e96e4-e456-4468-9b59-f4e8f39732c0,efe8e2a3-eace-427b-b4f1-cb8a937ec77d,e9aa9a3e-5b2b-4ac7-a2c7-073de2b2b24f,8bbdbcdd-5cd4-4100-b6d5-b7c9625b6107,50f4348b-c883-4e2f-8f11-ce233b859fa1,fda095cb-831d-4601-ad94-846013963de8,f92806d7-1768-443f-afe8-12bcde84d0f0,dd3a144d-ab7f-41f0-82b8-2e43a090d496,f0416e68-0200-4b77-a926-4f9d16e494da,970b0598-bcb0-4714-91fb-2e81440dccd8,bcd64cc6-2dd9-43f6-abbe-66318d332032,d930590d-bb92-4cc8-8bd1-23cd027f9edf,a3cd009f-0ab0-420d-9278-b9fdab939bbc,6a2d0734-bd9e-4ddf-946e-caa52498cb75,c27215d8-6835-4b68-bfbb-bdeac6100c04,b5d6115f-0370-4d7c-aad3-c194cc71cf98,871c3b6c-7379-419d-bda3-794b239ab90d,ff9b0199-ce04-4cfe-86cc-6c719f08d6e4,de1c2107-70c8-4021-8459-6399f24d01c6,cbf30902-517f-40dc-af90-a550bac27cf1,5c601d96-e4c7-4698-991b-7ee674b11079
2026-5-20 10:09:36-debug:   Number of all scenes: 2
2026-5-20 10:09:36-debug:   Number of all scripts: 10
2026-5-20 10:09:36-debug:   Number of other assets: 338
2026-5-20 10:09:36-debug: Init bundle root assets success..., progress: 0%
2026-5-20 10:09:36-debug: // ---- build task 查询 Asset Bundle ---- (3ms)
2026-5-20 10:09:36-log: run build task 查询 Asset Bundle success in 3 ms√, progress: 5%
2026-5-20 10:09:36-debug: // ---- build task 查询 Asset Bundle ----
2026-5-20 10:09:36-debug: 查询 Asset Bundle start, progress: 5%
2026-5-20 10:09:36-debug: [Build Memory track]: 查询 Asset Bundle start:229.14MB, end 228.80MB, increase: -354.44KB
2026-5-20 10:09:36-debug: // ---- build task 查询 Asset Bundle ---- (2ms)
2026-5-20 10:09:36-log: run build task 查询 Asset Bundle success in 2 ms√, progress: 10%
2026-5-20 10:09:36-debug: [Build Memory track]: 查询 Asset Bundle start:228.82MB, end 228.93MB, increase: 106.88KB
2026-5-20 10:09:36-debug: 整理部分构建选项内数据到 settings.json start, progress: 10%
2026-5-20 10:09:36-debug: // ---- build task 整理部分构建选项内数据到 settings.json ----
2026-5-20 10:09:36-debug: // ---- build task 整理部分构建选项内数据到 settings.json ---- (1ms)
2026-5-20 10:09:36-debug: [Build Memory track]: 整理部分构建选项内数据到 settings.json start:228.96MB, end 228.98MB, increase: 24.98KB
2026-5-20 10:09:36-log: run build task 整理部分构建选项内数据到 settings.json success in 1 ms√, progress: 12%
2026-5-20 10:09:36-debug: 填充脚本数据到 settings.json start, progress: 12%
2026-5-20 10:09:36-debug: // ---- build task 填充脚本数据到 settings.json ----
2026-5-20 10:09:36-debug: // ---- build task 填充脚本数据到 settings.json ---- (1ms)
2026-5-20 10:09:36-debug: [Build Memory track]: 填充脚本数据到 settings.json start:229.01MB, end 229.03MB, increase: 24.40KB
2026-5-20 10:09:36-debug: 整理部分构建选项内数据到 settings.json start, progress: 13%
2026-5-20 10:09:36-debug: // ---- build task 整理部分构建选项内数据到 settings.json ----
2026-5-20 10:09:36-log: run build task 填充脚本数据到 settings.json success in 1 ms√, progress: 13%
2026-5-20 10:09:36-debug: // ---- build task 整理部分构建选项内数据到 settings.json ---- (3ms)
2026-5-20 10:09:36-log: run build task 整理部分构建选项内数据到 settings.json success in 3 ms√, progress: 15%
2026-5-20 10:09:36-debug: [Build Memory track]: 整理部分构建选项内数据到 settings.json start:229.06MB, end 229.18MB, increase: 122.70KB
2026-5-20 10:10:06-debug: refresh db internal success
2026-5-20 10:10:06-debug: refresh db assets success
2026-5-20 10:10:06-debug: Run asset db hook engine-extends:afterRefresh ...
2026-5-20 10:10:06-debug: Run asset db hook engine-extends:afterRefresh success!
2026-5-20 10:10:06-debug: asset-db:refresh-all-database (37ms)
2026-5-20 10:10:06-debug: asset-db:worker-effect-data-processing (2ms)
2026-5-20 10:10:06-debug: asset-db-hook-engine-extends-afterRefresh (2ms)
2026-5-20 10:10:35-debug: refresh db internal success
2026-5-20 10:10:35-debug: refresh db assets success
2026-5-20 10:10:35-debug: Run asset db hook engine-extends:afterRefresh ...
2026-5-20 10:10:35-debug: Run asset db hook engine-extends:afterRefresh success!
2026-5-20 10:10:35-debug: asset-db:refresh-all-database (29ms)
2026-5-20 10:10:35-debug: asset-db:worker-effect-data-processing (1ms)
2026-5-20 10:10:35-debug: asset-db-hook-engine-extends-afterRefresh (1ms)
2026-5-20 10:11:48-debug: refresh db internal success
2026-5-20 10:11:48-debug: refresh db assets success
2026-5-20 10:11:48-debug: Run asset db hook engine-extends:afterRefresh ...
2026-5-20 10:11:48-debug: Run asset db hook engine-extends:afterRefresh success!
2026-5-20 10:11:48-debug: asset-db:refresh-all-database (40ms)
2026-5-20 10:11:48-debug: asset-db:worker-effect-data-processing (1ms)
2026-5-20 10:11:48-debug: asset-db-hook-engine-extends-afterRefresh (1ms)
2026-5-20 10:11:52-debug: Query all assets info in project
2026-5-20 10:11:52-debug: init custom config: keepNodeUuid: false, useCache: true
2026-5-20 10:11:52-debug: Skip compress image, progress: 0%
2026-5-20 10:11:52-debug: Init all bundles start..., progress: 0%
2026-5-20 10:11:52-debug: Init bundle root assets start..., progress: 0%
2026-5-20 10:11:52-debug: 查询 Asset Bundle start, progress: 0%
2026-5-20 10:11:52-debug: // ---- build task 查询 Asset Bundle ----
2026-5-20 10:11:52-debug: Num of bundles: 2..., progress: 0%
2026-5-20 10:11:52-debug: Query preload assets/scripts from cc.config.json: 60f7195c-ec2a-45eb-ba94-8955f60e81d0,1c02ae6f-4492-4915-b8f8-7492a3b1e4cd,810e96e4-e456-4468-9b59-f4e8f39732c0,efe8e2a3-eace-427b-b4f1-cb8a937ec77d,e9aa9a3e-5b2b-4ac7-a2c7-073de2b2b24f,8bbdbcdd-5cd4-4100-b6d5-b7c9625b6107,50f4348b-c883-4e2f-8f11-ce233b859fa1,fda095cb-831d-4601-ad94-846013963de8,f92806d7-1768-443f-afe8-12bcde84d0f0,dd3a144d-ab7f-41f0-82b8-2e43a090d496,f0416e68-0200-4b77-a926-4f9d16e494da,970b0598-bcb0-4714-91fb-2e81440dccd8,bcd64cc6-2dd9-43f6-abbe-66318d332032,d930590d-bb92-4cc8-8bd1-23cd027f9edf,a3cd009f-0ab0-420d-9278-b9fdab939bbc,6a2d0734-bd9e-4ddf-946e-caa52498cb75,c27215d8-6835-4b68-bfbb-bdeac6100c04,b5d6115f-0370-4d7c-aad3-c194cc71cf98,871c3b6c-7379-419d-bda3-794b239ab90d,ff9b0199-ce04-4cfe-86cc-6c719f08d6e4,de1c2107-70c8-4021-8459-6399f24d01c6,cbf30902-517f-40dc-af90-a550bac27cf1,5c601d96-e4c7-4698-991b-7ee674b11079
2026-5-20 10:11:52-debug:   Number of all scenes: 2
2026-5-20 10:11:52-debug:   Number of all scripts: 10
2026-5-20 10:11:52-debug:   Number of other assets: 338
2026-5-20 10:11:52-debug: Init bundle root assets success..., progress: 0%
2026-5-20 10:11:52-debug: // ---- build task 查询 Asset Bundle ---- (3ms)
2026-5-20 10:11:52-log: run build task 查询 Asset Bundle success in 3 ms√, progress: 5%
2026-5-20 10:11:52-debug: [Build Memory track]: 查询 Asset Bundle start:230.88MB, end 230.63MB, increase: -258.55KB
2026-5-20 10:11:52-debug: // ---- build task 查询 Asset Bundle ----
2026-5-20 10:11:52-debug: 查询 Asset Bundle start, progress: 5%
2026-5-20 10:11:52-debug: // ---- build task 查询 Asset Bundle ---- (2ms)
2026-5-20 10:11:52-log: run build task 查询 Asset Bundle success in 2 ms√, progress: 10%
2026-5-20 10:11:52-debug: [Build Memory track]: 查询 Asset Bundle start:230.65MB, end 230.76MB, increase: 105.18KB
2026-5-20 10:11:52-debug: 整理部分构建选项内数据到 settings.json start, progress: 10%
2026-5-20 10:11:52-debug: // ---- build task 整理部分构建选项内数据到 settings.json ----
2026-5-20 10:11:52-log: run build task 整理部分构建选项内数据到 settings.json success in √, progress: 12%
2026-5-20 10:11:52-debug: [Build Memory track]: 整理部分构建选项内数据到 settings.json start:230.78MB, end 230.80MB, increase: 16.11KB
2026-5-20 10:11:52-debug: 填充脚本数据到 settings.json start, progress: 12%
2026-5-20 10:11:52-debug: // ---- build task 填充脚本数据到 settings.json ----
2026-5-20 10:11:52-debug: // ---- build task 填充脚本数据到 settings.json ---- (1ms)
2026-5-20 10:11:52-debug: // ---- build task 整理部分构建选项内数据到 settings.json ----
2026-5-20 10:11:52-log: run build task 填充脚本数据到 settings.json success in 1 ms√, progress: 13%
2026-5-20 10:11:52-debug: [Build Memory track]: 填充脚本数据到 settings.json start:230.83MB, end 230.85MB, increase: 23.80KB
2026-5-20 10:11:52-debug: 整理部分构建选项内数据到 settings.json start, progress: 13%
2026-5-20 10:11:52-log: run build task 整理部分构建选项内数据到 settings.json success in 4 ms√, progress: 15%
2026-5-20 10:11:52-debug: // ---- build task 整理部分构建选项内数据到 settings.json ---- (4ms)
2026-5-20 10:11:52-debug: [Build Memory track]: 整理部分构建选项内数据到 settings.json start:230.88MB, end 230.27MB, increase: -624.47KB
2026-5-20 10:13:27-debug: refresh db internal success
2026-5-20 10:13:27-debug: %cImport%c: /Users/xiejianfeng/Downloads/Zuma/assets/Script/BallCollision.tsbackground: #aaff85; color: #000;color: #000;
2026-5-20 10:13:27-debug: refresh db assets success
2026-5-20 10:13:27-debug: Run asset db hook engine-extends:afterRefresh ...
2026-5-20 10:13:27-debug: Run asset db hook engine-extends:afterRefresh success!
2026-5-20 10:13:27-debug: asset-db:refresh-all-database (44ms)
2026-5-20 10:13:27-debug: asset-db:worker-effect-data-processing (2ms)
2026-5-20 10:13:27-debug: asset-db-hook-engine-extends-afterRefresh (2ms)
2026-5-20 10:13:28-debug: %cImport%c: /Users/xiejianfeng/Downloads/Zuma/assets/Scene/Map1.scenebackground: #aaff85; color: #000;color: #000;
2026-5-20 10:13:28-debug: asset-db:reimport-assetba60efc0-dcd1-4d9b-a1fc-495b102b261d (8ms)
2026-5-20 10:13:31-debug: Query all assets info in project
2026-5-20 10:13:31-debug: init custom config: keepNodeUuid: false, useCache: true
2026-5-20 10:13:31-debug: Skip compress image, progress: 0%
2026-5-20 10:13:31-debug: Init all bundles start..., progress: 0%
2026-5-20 10:13:31-debug: 查询 Asset Bundle start, progress: 0%
2026-5-20 10:13:31-debug: Num of bundles: 2..., progress: 0%
2026-5-20 10:13:31-debug: Init bundle root assets start..., progress: 0%
2026-5-20 10:13:31-debug: // ---- build task 查询 Asset Bundle ----
2026-5-20 10:13:31-debug: Query preload assets/scripts from cc.config.json: 60f7195c-ec2a-45eb-ba94-8955f60e81d0,1c02ae6f-4492-4915-b8f8-7492a3b1e4cd,810e96e4-e456-4468-9b59-f4e8f39732c0,efe8e2a3-eace-427b-b4f1-cb8a937ec77d,e9aa9a3e-5b2b-4ac7-a2c7-073de2b2b24f,8bbdbcdd-5cd4-4100-b6d5-b7c9625b6107,50f4348b-c883-4e2f-8f11-ce233b859fa1,fda095cb-831d-4601-ad94-846013963de8,f92806d7-1768-443f-afe8-12bcde84d0f0,dd3a144d-ab7f-41f0-82b8-2e43a090d496,f0416e68-0200-4b77-a926-4f9d16e494da,970b0598-bcb0-4714-91fb-2e81440dccd8,bcd64cc6-2dd9-43f6-abbe-66318d332032,d930590d-bb92-4cc8-8bd1-23cd027f9edf,a3cd009f-0ab0-420d-9278-b9fdab939bbc,6a2d0734-bd9e-4ddf-946e-caa52498cb75,c27215d8-6835-4b68-bfbb-bdeac6100c04,b5d6115f-0370-4d7c-aad3-c194cc71cf98,871c3b6c-7379-419d-bda3-794b239ab90d,ff9b0199-ce04-4cfe-86cc-6c719f08d6e4,de1c2107-70c8-4021-8459-6399f24d01c6,cbf30902-517f-40dc-af90-a550bac27cf1,5c601d96-e4c7-4698-991b-7ee674b11079
2026-5-20 10:13:31-debug:   Number of all scenes: 2
2026-5-20 10:13:31-debug:   Number of all scripts: 10
2026-5-20 10:13:31-debug:   Number of other assets: 338
2026-5-20 10:13:31-debug: Init bundle root assets success..., progress: 0%
2026-5-20 10:13:31-debug: // ---- build task 查询 Asset Bundle ---- (7ms)
2026-5-20 10:13:31-log: run build task 查询 Asset Bundle success in 7 ms√, progress: 5%
2026-5-20 10:13:31-debug: [Build Memory track]: 查询 Asset Bundle start:231.31MB, end 231.10MB, increase: -213.97KB
2026-5-20 10:13:31-debug: 查询 Asset Bundle start, progress: 5%
2026-5-20 10:13:31-debug: // ---- build task 查询 Asset Bundle ----
2026-5-20 10:13:31-debug: // ---- build task 查询 Asset Bundle ---- (2ms)
2026-5-20 10:13:31-log: run build task 查询 Asset Bundle success in 2 ms√, progress: 10%
2026-5-20 10:13:31-debug: // ---- build task 整理部分构建选项内数据到 settings.json ----
2026-5-20 10:13:31-debug: 整理部分构建选项内数据到 settings.json start, progress: 10%
2026-5-20 10:13:31-debug: [Build Memory track]: 查询 Asset Bundle start:231.13MB, end 231.23MB, increase: 104.95KB
2026-5-20 10:13:31-debug: // ---- build task 整理部分构建选项内数据到 settings.json ---- (1ms)
2026-5-20 10:13:31-log: run build task 整理部分构建选项内数据到 settings.json success in 1 ms√, progress: 12%
2026-5-20 10:13:31-debug: [Build Memory track]: 整理部分构建选项内数据到 settings.json start:231.26MB, end 231.28MB, increase: 25.17KB
2026-5-20 10:13:31-debug: 填充脚本数据到 settings.json start, progress: 12%
2026-5-20 10:13:31-debug: // ---- build task 填充脚本数据到 settings.json ----
2026-5-20 10:13:31-debug: // ---- build task 填充脚本数据到 settings.json ---- (1ms)
2026-5-20 10:13:31-log: run build task 填充脚本数据到 settings.json success in 1 ms√, progress: 13%
2026-5-20 10:13:31-debug: [Build Memory track]: 填充脚本数据到 settings.json start:231.31MB, end 231.33MB, increase: 24.45KB
2026-5-20 10:13:31-debug: 整理部分构建选项内数据到 settings.json start, progress: 13%
2026-5-20 10:13:31-debug: // ---- build task 整理部分构建选项内数据到 settings.json ----
2026-5-20 10:13:31-debug: // ---- build task 整理部分构建选项内数据到 settings.json ---- (3ms)
2026-5-20 10:13:31-debug: [Build Memory track]: 整理部分构建选项内数据到 settings.json start:231.36MB, end 230.74MB, increase: -632.56KB
2026-5-20 10:13:31-log: run build task 整理部分构建选项内数据到 settings.json success in 3 ms√, progress: 15%
2026-5-20 10:14:05-debug: refresh db internal success
2026-5-20 10:14:05-debug: refresh db assets success
2026-5-20 10:14:05-debug: Run asset db hook engine-extends:afterRefresh ...
2026-5-20 10:14:05-debug: Run asset db hook engine-extends:afterRefresh success!
2026-5-20 10:14:05-debug: asset-db:refresh-all-database (58ms)
2026-5-20 10:14:05-debug: asset-db:worker-effect-data-processing (1ms)
2026-5-20 10:14:05-debug: asset-db-hook-engine-extends-afterRefresh (2ms)
2026-5-20 10:14:52-debug: refresh db internal success
2026-5-20 10:14:52-debug: refresh db assets success
2026-5-20 10:14:52-debug: Run asset db hook engine-extends:afterRefresh ...
2026-5-20 10:14:52-debug: Run asset db hook engine-extends:afterRefresh success!
2026-5-20 10:14:52-debug: asset-db:refresh-all-database (55ms)
2026-5-20 10:14:52-debug: asset-db:worker-effect-data-processing (2ms)
2026-5-20 10:14:52-debug: asset-db-hook-engine-extends-afterRefresh (5ms)
2026-5-20 10:15:45-debug: refresh db internal success
2026-5-20 10:15:45-debug: refresh db assets success
2026-5-20 10:15:45-debug: Run asset db hook engine-extends:afterRefresh success!
2026-5-20 10:15:45-debug: Run asset db hook engine-extends:afterRefresh ...
2026-5-20 10:15:45-debug: asset-db:refresh-all-database (38ms)
2026-5-20 10:15:45-debug: asset-db:worker-effect-data-processing (1ms)
2026-5-20 10:15:45-debug: asset-db-hook-engine-extends-afterRefresh (2ms)
2026-5-20 10:15:59-debug: refresh db internal success
2026-5-20 10:15:59-debug: %cImport%c: /Users/xiejianfeng/Downloads/Zuma/assets/Script/BallCollision.tsbackground: #aaff85; color: #000;color: #000;
2026-5-20 10:15:59-debug: refresh db assets success
2026-5-20 10:15:59-debug: Run asset db hook engine-extends:afterRefresh ...
2026-5-20 10:15:59-debug: Run asset db hook engine-extends:afterRefresh success!
2026-5-20 10:15:59-debug: asset-db:refresh-all-database (38ms)
2026-5-20 10:15:59-debug: asset-db:worker-effect-data-processing (1ms)
2026-5-20 10:15:59-debug: asset-db-hook-engine-extends-afterRefresh (2ms)
2026-5-20 10:16:21-debug: refresh db internal success
2026-5-20 10:16:21-debug: refresh db assets success
2026-5-20 10:16:21-debug: Run asset db hook engine-extends:afterRefresh ...
2026-5-20 10:16:21-debug: Run asset db hook engine-extends:afterRefresh success!
2026-5-20 10:16:21-debug: asset-db:refresh-all-database (22ms)
2026-5-20 10:16:21-debug: asset-db-hook-engine-extends-afterRefresh (1ms)
2026-5-20 10:16:38-debug: Query all assets info in project
2026-5-20 10:16:38-debug: init custom config: keepNodeUuid: false, useCache: true
2026-5-20 10:16:38-debug: Skip compress image, progress: 0%
2026-5-20 10:16:38-debug: Init all bundles start..., progress: 0%
2026-5-20 10:16:38-debug: Num of bundles: 2..., progress: 0%
2026-5-20 10:16:38-debug: Init bundle root assets start..., progress: 0%
2026-5-20 10:16:38-debug: 查询 Asset Bundle start, progress: 0%
2026-5-20 10:16:38-debug: // ---- build task 查询 Asset Bundle ----
2026-5-20 10:16:38-debug: Query preload assets/scripts from cc.config.json: 60f7195c-ec2a-45eb-ba94-8955f60e81d0,1c02ae6f-4492-4915-b8f8-7492a3b1e4cd,810e96e4-e456-4468-9b59-f4e8f39732c0,efe8e2a3-eace-427b-b4f1-cb8a937ec77d,e9aa9a3e-5b2b-4ac7-a2c7-073de2b2b24f,8bbdbcdd-5cd4-4100-b6d5-b7c9625b6107,50f4348b-c883-4e2f-8f11-ce233b859fa1,fda095cb-831d-4601-ad94-846013963de8,f92806d7-1768-443f-afe8-12bcde84d0f0,dd3a144d-ab7f-41f0-82b8-2e43a090d496,f0416e68-0200-4b77-a926-4f9d16e494da,970b0598-bcb0-4714-91fb-2e81440dccd8,bcd64cc6-2dd9-43f6-abbe-66318d332032,d930590d-bb92-4cc8-8bd1-23cd027f9edf,a3cd009f-0ab0-420d-9278-b9fdab939bbc,6a2d0734-bd9e-4ddf-946e-caa52498cb75,c27215d8-6835-4b68-bfbb-bdeac6100c04,b5d6115f-0370-4d7c-aad3-c194cc71cf98,871c3b6c-7379-419d-bda3-794b239ab90d,ff9b0199-ce04-4cfe-86cc-6c719f08d6e4,de1c2107-70c8-4021-8459-6399f24d01c6,cbf30902-517f-40dc-af90-a550bac27cf1,5c601d96-e4c7-4698-991b-7ee674b11079
2026-5-20 10:16:38-debug:   Number of all scenes: 2
2026-5-20 10:16:38-debug:   Number of all scripts: 10
2026-5-20 10:16:38-debug:   Number of other assets: 338
2026-5-20 10:16:38-debug: Init bundle root assets success..., progress: 0%
2026-5-20 10:16:38-debug: // ---- build task 查询 Asset Bundle ---- (4ms)
2026-5-20 10:16:38-log: run build task 查询 Asset Bundle success in 4 ms√, progress: 5%
2026-5-20 10:16:38-debug: 查询 Asset Bundle start, progress: 5%
2026-5-20 10:16:38-debug: [Build Memory track]: 查询 Asset Bundle start:233.64MB, end 233.35MB, increase: -293.54KB
2026-5-20 10:16:38-debug: // ---- build task 查询 Asset Bundle ----
2026-5-20 10:16:38-debug: // ---- build task 查询 Asset Bundle ---- (2ms)
2026-5-20 10:16:38-debug: [Build Memory track]: 查询 Asset Bundle start:233.38MB, end 233.48MB, increase: 104.98KB
2026-5-20 10:16:38-debug: 整理部分构建选项内数据到 settings.json start, progress: 10%
2026-5-20 10:16:38-debug: // ---- build task 整理部分构建选项内数据到 settings.json ----
2026-5-20 10:16:38-log: run build task 查询 Asset Bundle success in 2 ms√, progress: 10%
2026-5-20 10:16:38-log: run build task 整理部分构建选项内数据到 settings.json success in √, progress: 12%
2026-5-20 10:16:38-debug: 填充脚本数据到 settings.json start, progress: 12%
2026-5-20 10:16:38-debug: [Build Memory track]: 整理部分构建选项内数据到 settings.json start:233.51MB, end 233.52MB, increase: 16.11KB
2026-5-20 10:16:38-debug: // ---- build task 填充脚本数据到 settings.json ----
2026-5-20 10:16:38-debug: // ---- build task 填充脚本数据到 settings.json ---- (1ms)
2026-5-20 10:16:38-debug: [Build Memory track]: 填充脚本数据到 settings.json start:233.55MB, end 233.57MB, increase: 23.72KB
2026-5-20 10:16:38-debug: // ---- build task 整理部分构建选项内数据到 settings.json ----
2026-5-20 10:16:38-log: run build task 填充脚本数据到 settings.json success in 1 ms√, progress: 13%
2026-5-20 10:16:38-debug: 整理部分构建选项内数据到 settings.json start, progress: 13%
2026-5-20 10:16:38-debug: // ---- build task 整理部分构建选项内数据到 settings.json ---- (4ms)
2026-5-20 10:16:38-log: run build task 整理部分构建选项内数据到 settings.json success in 4 ms√, progress: 15%
2026-5-20 10:16:38-debug: [Build Memory track]: 整理部分构建选项内数据到 settings.json start:233.60MB, end 232.98MB, increase: -633.87KB
2026-5-20 10:16:54-debug: Query all assets info in project
2026-5-20 10:16:54-debug: init custom config: keepNodeUuid: false, useCache: true
2026-5-20 10:16:54-debug: Skip compress image, progress: 0%
2026-5-20 10:16:54-debug: Init all bundles start..., progress: 0%
2026-5-20 10:16:54-debug: Num of bundles: 2..., progress: 0%
2026-5-20 10:16:54-debug: 查询 Asset Bundle start, progress: 0%
2026-5-20 10:16:54-debug: // ---- build task 查询 Asset Bundle ----
2026-5-20 10:16:54-debug: Init bundle root assets start..., progress: 0%
2026-5-20 10:16:54-debug: Query preload assets/scripts from cc.config.json: 60f7195c-ec2a-45eb-ba94-8955f60e81d0,1c02ae6f-4492-4915-b8f8-7492a3b1e4cd,810e96e4-e456-4468-9b59-f4e8f39732c0,efe8e2a3-eace-427b-b4f1-cb8a937ec77d,e9aa9a3e-5b2b-4ac7-a2c7-073de2b2b24f,8bbdbcdd-5cd4-4100-b6d5-b7c9625b6107,50f4348b-c883-4e2f-8f11-ce233b859fa1,fda095cb-831d-4601-ad94-846013963de8,f92806d7-1768-443f-afe8-12bcde84d0f0,dd3a144d-ab7f-41f0-82b8-2e43a090d496,f0416e68-0200-4b77-a926-4f9d16e494da,970b0598-bcb0-4714-91fb-2e81440dccd8,bcd64cc6-2dd9-43f6-abbe-66318d332032,d930590d-bb92-4cc8-8bd1-23cd027f9edf,a3cd009f-0ab0-420d-9278-b9fdab939bbc,6a2d0734-bd9e-4ddf-946e-caa52498cb75,c27215d8-6835-4b68-bfbb-bdeac6100c04,b5d6115f-0370-4d7c-aad3-c194cc71cf98,871c3b6c-7379-419d-bda3-794b239ab90d,ff9b0199-ce04-4cfe-86cc-6c719f08d6e4,de1c2107-70c8-4021-8459-6399f24d01c6,cbf30902-517f-40dc-af90-a550bac27cf1,5c601d96-e4c7-4698-991b-7ee674b11079
2026-5-20 10:16:54-debug: Init bundle root assets success..., progress: 0%
2026-5-20 10:16:54-debug:   Number of all scripts: 10
2026-5-20 10:16:54-debug:   Number of other assets: 338
2026-5-20 10:16:54-debug:   Number of all scenes: 2
2026-5-20 10:16:54-debug: // ---- build task 查询 Asset Bundle ---- (4ms)
2026-5-20 10:16:54-debug: [Build Memory track]: 查询 Asset Bundle start:233.27MB, end 233.01MB, increase: -257.00KB
2026-5-20 10:16:54-debug: // ---- build task 查询 Asset Bundle ----
2026-5-20 10:16:54-debug: 查询 Asset Bundle start, progress: 5%
2026-5-20 10:16:54-log: run build task 查询 Asset Bundle success in 4 ms√, progress: 5%
2026-5-20 10:16:54-debug: // ---- build task 查询 Asset Bundle ---- (1ms)
2026-5-20 10:16:54-debug: [Build Memory track]: 查询 Asset Bundle start:233.04MB, end 233.14MB, increase: 104.92KB
2026-5-20 10:16:54-debug: 整理部分构建选项内数据到 settings.json start, progress: 10%
2026-5-20 10:16:54-debug: // ---- build task 整理部分构建选项内数据到 settings.json ----
2026-5-20 10:16:54-log: run build task 查询 Asset Bundle success in 1 ms√, progress: 10%
2026-5-20 10:16:54-log: run build task 整理部分构建选项内数据到 settings.json success in √, progress: 12%
2026-5-20 10:16:54-debug: [Build Memory track]: 整理部分构建选项内数据到 settings.json start:233.17MB, end 233.19MB, increase: 16.23KB
2026-5-20 10:16:54-debug: // ---- build task 填充脚本数据到 settings.json ----
2026-5-20 10:16:54-debug: 填充脚本数据到 settings.json start, progress: 12%
2026-5-20 10:16:54-debug: // ---- build task 填充脚本数据到 settings.json ---- (1ms)
2026-5-20 10:16:54-debug: [Build Memory track]: 填充脚本数据到 settings.json start:233.21MB, end 233.24MB, increase: 23.64KB
2026-5-20 10:16:54-log: run build task 填充脚本数据到 settings.json success in 1 ms√, progress: 13%
2026-5-20 10:16:54-debug: 整理部分构建选项内数据到 settings.json start, progress: 13%
2026-5-20 10:16:54-debug: // ---- build task 整理部分构建选项内数据到 settings.json ----
2026-5-20 10:16:54-debug: // ---- build task 整理部分构建选项内数据到 settings.json ---- (3ms)
2026-5-20 10:16:54-log: run build task 整理部分构建选项内数据到 settings.json success in 3 ms√, progress: 15%
2026-5-20 10:16:54-debug: [Build Memory track]: 整理部分构建选项内数据到 settings.json start:233.26MB, end 233.38MB, increase: 122.62KB
2026-5-20 10:16:58-debug: %cImport%c: /Users/xiejianfeng/Downloads/Zuma/assets/Prefab/blueball.prefabbackground: #aaff85; color: #000;color: #000;
2026-5-20 10:16:58-debug: asset-db:reimport-asset057fd5d8-92b4-4fd2-a19c-499722dcb9df (5ms)
2026-5-20 10:16:59-debug: Query all assets info in project
2026-5-20 10:16:59-debug: init custom config: keepNodeUuid: false, useCache: true
2026-5-20 10:16:59-debug: Skip compress image, progress: 0%
2026-5-20 10:16:59-debug: Init all bundles start..., progress: 0%
2026-5-20 10:16:59-debug: 查询 Asset Bundle start, progress: 0%
2026-5-20 10:16:59-debug: Num of bundles: 2..., progress: 0%
2026-5-20 10:16:59-debug: // ---- build task 查询 Asset Bundle ----
2026-5-20 10:16:59-debug: Init bundle root assets start..., progress: 0%
2026-5-20 10:16:59-debug: Query preload assets/scripts from cc.config.json: 60f7195c-ec2a-45eb-ba94-8955f60e81d0,1c02ae6f-4492-4915-b8f8-7492a3b1e4cd,810e96e4-e456-4468-9b59-f4e8f39732c0,efe8e2a3-eace-427b-b4f1-cb8a937ec77d,e9aa9a3e-5b2b-4ac7-a2c7-073de2b2b24f,8bbdbcdd-5cd4-4100-b6d5-b7c9625b6107,50f4348b-c883-4e2f-8f11-ce233b859fa1,fda095cb-831d-4601-ad94-846013963de8,f92806d7-1768-443f-afe8-12bcde84d0f0,dd3a144d-ab7f-41f0-82b8-2e43a090d496,f0416e68-0200-4b77-a926-4f9d16e494da,970b0598-bcb0-4714-91fb-2e81440dccd8,bcd64cc6-2dd9-43f6-abbe-66318d332032,d930590d-bb92-4cc8-8bd1-23cd027f9edf,a3cd009f-0ab0-420d-9278-b9fdab939bbc,6a2d0734-bd9e-4ddf-946e-caa52498cb75,c27215d8-6835-4b68-bfbb-bdeac6100c04,b5d6115f-0370-4d7c-aad3-c194cc71cf98,871c3b6c-7379-419d-bda3-794b239ab90d,ff9b0199-ce04-4cfe-86cc-6c719f08d6e4,de1c2107-70c8-4021-8459-6399f24d01c6,cbf30902-517f-40dc-af90-a550bac27cf1,5c601d96-e4c7-4698-991b-7ee674b11079
2026-5-20 10:16:59-debug:   Number of other assets: 338
2026-5-20 10:16:59-debug: Init bundle root assets success..., progress: 0%
2026-5-20 10:16:59-debug:   Number of all scenes: 2
2026-5-20 10:16:59-debug:   Number of all scripts: 10
2026-5-20 10:16:59-debug: // ---- build task 查询 Asset Bundle ---- (5ms)
2026-5-20 10:16:59-debug: 查询 Asset Bundle start, progress: 5%
2026-5-20 10:16:59-debug: [Build Memory track]: 查询 Asset Bundle start:233.20MB, end 233.74MB, increase: 549.03KB
2026-5-20 10:16:59-log: run build task 查询 Asset Bundle success in 5 ms√, progress: 5%
2026-5-20 10:16:59-debug: // ---- build task 查询 Asset Bundle ----
2026-5-20 10:16:59-debug: // ---- build task 查询 Asset Bundle ---- (1ms)
2026-5-20 10:16:59-debug: [Build Memory track]: 查询 Asset Bundle start:233.76MB, end 233.11MB, increase: -666.40KB
2026-5-20 10:16:59-debug: 整理部分构建选项内数据到 settings.json start, progress: 10%
2026-5-20 10:16:59-debug: // ---- build task 整理部分构建选项内数据到 settings.json ----
2026-5-20 10:16:59-log: run build task 查询 Asset Bundle success in 1 ms√, progress: 10%
2026-5-20 10:16:59-log: run build task 整理部分构建选项内数据到 settings.json success in √, progress: 12%
2026-5-20 10:16:59-debug: [Build Memory track]: 整理部分构建选项内数据到 settings.json start:233.14MB, end 233.15MB, increase: 16.21KB
2026-5-20 10:16:59-debug: 填充脚本数据到 settings.json start, progress: 12%
2026-5-20 10:16:59-debug: // ---- build task 填充脚本数据到 settings.json ----
2026-5-20 10:16:59-log: run build task 填充脚本数据到 settings.json success in √, progress: 13%
2026-5-20 10:16:59-debug: [Build Memory track]: 填充脚本数据到 settings.json start:233.18MB, end 233.20MB, increase: 14.91KB
2026-5-20 10:16:59-debug: 整理部分构建选项内数据到 settings.json start, progress: 13%
2026-5-20 10:16:59-debug: // ---- build task 整理部分构建选项内数据到 settings.json ----
2026-5-20 10:16:59-debug: // ---- build task 整理部分构建选项内数据到 settings.json ---- (4ms)
2026-5-20 10:16:59-log: run build task 整理部分构建选项内数据到 settings.json success in 4 ms√, progress: 15%
2026-5-20 10:16:59-debug: [Build Memory track]: 整理部分构建选项内数据到 settings.json start:233.22MB, end 233.35MB, increase: 134.12KB
2026-5-20 10:17:22-debug: Query all assets info in project
2026-5-20 10:17:22-debug: init custom config: keepNodeUuid: false, useCache: true
2026-5-20 10:17:22-debug: Skip compress image, progress: 0%
2026-5-20 10:17:22-debug: Init all bundles start..., progress: 0%
2026-5-20 10:17:22-debug: Num of bundles: 2..., progress: 0%
2026-5-20 10:17:22-debug: 查询 Asset Bundle start, progress: 0%
2026-5-20 10:17:22-debug: Init bundle root assets start..., progress: 0%
2026-5-20 10:17:22-debug: // ---- build task 查询 Asset Bundle ----
2026-5-20 10:17:22-debug: Query preload assets/scripts from cc.config.json: 60f7195c-ec2a-45eb-ba94-8955f60e81d0,1c02ae6f-4492-4915-b8f8-7492a3b1e4cd,810e96e4-e456-4468-9b59-f4e8f39732c0,efe8e2a3-eace-427b-b4f1-cb8a937ec77d,e9aa9a3e-5b2b-4ac7-a2c7-073de2b2b24f,8bbdbcdd-5cd4-4100-b6d5-b7c9625b6107,50f4348b-c883-4e2f-8f11-ce233b859fa1,fda095cb-831d-4601-ad94-846013963de8,f92806d7-1768-443f-afe8-12bcde84d0f0,dd3a144d-ab7f-41f0-82b8-2e43a090d496,f0416e68-0200-4b77-a926-4f9d16e494da,970b0598-bcb0-4714-91fb-2e81440dccd8,bcd64cc6-2dd9-43f6-abbe-66318d332032,d930590d-bb92-4cc8-8bd1-23cd027f9edf,a3cd009f-0ab0-420d-9278-b9fdab939bbc,6a2d0734-bd9e-4ddf-946e-caa52498cb75,c27215d8-6835-4b68-bfbb-bdeac6100c04,b5d6115f-0370-4d7c-aad3-c194cc71cf98,871c3b6c-7379-419d-bda3-794b239ab90d,ff9b0199-ce04-4cfe-86cc-6c719f08d6e4,de1c2107-70c8-4021-8459-6399f24d01c6,cbf30902-517f-40dc-af90-a550bac27cf1,5c601d96-e4c7-4698-991b-7ee674b11079
2026-5-20 10:17:22-debug: Init bundle root assets success..., progress: 0%
2026-5-20 10:17:22-debug:   Number of all scripts: 10
2026-5-20 10:17:22-debug:   Number of other assets: 338
2026-5-20 10:17:22-debug:   Number of all scenes: 2
2026-5-20 10:17:22-debug: // ---- build task 查询 Asset Bundle ---- (4ms)
2026-5-20 10:17:22-debug: [Build Memory track]: 查询 Asset Bundle start:233.71MB, end 233.33MB, increase: -383.24KB
2026-5-20 10:17:22-debug: 查询 Asset Bundle start, progress: 5%
2026-5-20 10:17:22-log: run build task 查询 Asset Bundle success in 4 ms√, progress: 5%
2026-5-20 10:17:22-debug: // ---- build task 查询 Asset Bundle ----
2026-5-20 10:17:22-debug: // ---- build task 查询 Asset Bundle ---- (2ms)
2026-5-20 10:17:22-debug: [Build Memory track]: 查询 Asset Bundle start:233.36MB, end 233.46MB, increase: 105.37KB
2026-5-20 10:17:22-debug: 整理部分构建选项内数据到 settings.json start, progress: 10%
2026-5-20 10:17:22-debug: // ---- build task 整理部分构建选项内数据到 settings.json ----
2026-5-20 10:17:22-log: run build task 查询 Asset Bundle success in 2 ms√, progress: 10%
2026-5-20 10:17:22-debug: // ---- build task 整理部分构建选项内数据到 settings.json ---- (1ms)
2026-5-20 10:17:22-log: run build task 整理部分构建选项内数据到 settings.json success in 1 ms√, progress: 12%
2026-5-20 10:17:22-debug: [Build Memory track]: 整理部分构建选项内数据到 settings.json start:233.49MB, end 233.51MB, increase: 24.91KB
2026-5-20 10:17:22-debug: 填充脚本数据到 settings.json start, progress: 12%
2026-5-20 10:17:22-debug: // ---- build task 填充脚本数据到 settings.json ----
2026-5-20 10:17:22-log: run build task 填充脚本数据到 settings.json success in √, progress: 13%
2026-5-20 10:17:22-debug: [Build Memory track]: 填充脚本数据到 settings.json start:233.54MB, end 233.56MB, increase: 17.72KB
2026-5-20 10:17:22-debug: 整理部分构建选项内数据到 settings.json start, progress: 13%
2026-5-20 10:17:22-debug: // ---- build task 整理部分构建选项内数据到 settings.json ----
2026-5-20 10:17:22-debug: // ---- build task 整理部分构建选项内数据到 settings.json ---- (2ms)
2026-5-20 10:17:22-log: run build task 整理部分构建选项内数据到 settings.json success in 2 ms√, progress: 15%
2026-5-20 10:17:22-debug: [Build Memory track]: 整理部分构建选项内数据到 settings.json start:233.58MB, end 233.72MB, increase: 134.85KB
2026-5-20 10:17:25-debug: %cImport%c: /Users/xiejianfeng/Downloads/Zuma/assets/Prefab/blueball.prefabbackground: #aaff85; color: #000;color: #000;
2026-5-20 10:17:25-debug: asset-db:reimport-asset057fd5d8-92b4-4fd2-a19c-499722dcb9df (4ms)
2026-5-20 10:17:26-debug: Query all assets info in project
2026-5-20 10:17:26-debug: init custom config: keepNodeUuid: false, useCache: true
2026-5-20 10:17:26-debug: Skip compress image, progress: 0%
2026-5-20 10:17:26-debug: Init all bundles start..., progress: 0%
2026-5-20 10:17:26-debug: Init bundle root assets start..., progress: 0%
2026-5-20 10:17:26-debug: 查询 Asset Bundle start, progress: 0%
2026-5-20 10:17:26-debug: // ---- build task 查询 Asset Bundle ----
2026-5-20 10:17:26-debug: Num of bundles: 2..., progress: 0%
2026-5-20 10:17:26-debug: Query preload assets/scripts from cc.config.json: 60f7195c-ec2a-45eb-ba94-8955f60e81d0,1c02ae6f-4492-4915-b8f8-7492a3b1e4cd,810e96e4-e456-4468-9b59-f4e8f39732c0,efe8e2a3-eace-427b-b4f1-cb8a937ec77d,e9aa9a3e-5b2b-4ac7-a2c7-073de2b2b24f,8bbdbcdd-5cd4-4100-b6d5-b7c9625b6107,50f4348b-c883-4e2f-8f11-ce233b859fa1,fda095cb-831d-4601-ad94-846013963de8,f92806d7-1768-443f-afe8-12bcde84d0f0,dd3a144d-ab7f-41f0-82b8-2e43a090d496,f0416e68-0200-4b77-a926-4f9d16e494da,970b0598-bcb0-4714-91fb-2e81440dccd8,bcd64cc6-2dd9-43f6-abbe-66318d332032,d930590d-bb92-4cc8-8bd1-23cd027f9edf,a3cd009f-0ab0-420d-9278-b9fdab939bbc,6a2d0734-bd9e-4ddf-946e-caa52498cb75,c27215d8-6835-4b68-bfbb-bdeac6100c04,b5d6115f-0370-4d7c-aad3-c194cc71cf98,871c3b6c-7379-419d-bda3-794b239ab90d,ff9b0199-ce04-4cfe-86cc-6c719f08d6e4,de1c2107-70c8-4021-8459-6399f24d01c6,cbf30902-517f-40dc-af90-a550bac27cf1,5c601d96-e4c7-4698-991b-7ee674b11079
2026-5-20 10:17:26-debug: Init bundle root assets success..., progress: 0%
2026-5-20 10:17:26-debug:   Number of all scenes: 2
2026-5-20 10:17:26-debug:   Number of other assets: 338
2026-5-20 10:17:26-debug:   Number of all scripts: 10
2026-5-20 10:17:26-debug: // ---- build task 查询 Asset Bundle ---- (5ms)
2026-5-20 10:17:26-log: run build task 查询 Asset Bundle success in 5 ms√, progress: 5%
2026-5-20 10:17:26-debug: 查询 Asset Bundle start, progress: 5%
2026-5-20 10:17:26-debug: [Build Memory track]: 查询 Asset Bundle start:233.43MB, end 233.97MB, increase: 544.18KB
2026-5-20 10:17:26-debug: // ---- build task 查询 Asset Bundle ----
2026-5-20 10:17:26-debug: // ---- build task 查询 Asset Bundle ---- (2ms)
2026-5-20 10:17:26-debug: 整理部分构建选项内数据到 settings.json start, progress: 10%
2026-5-20 10:17:26-debug: [Build Memory track]: 查询 Asset Bundle start:233.99MB, end 233.34MB, increase: -665.13KB
2026-5-20 10:17:26-debug: // ---- build task 整理部分构建选项内数据到 settings.json ----
2026-5-20 10:17:26-log: run build task 查询 Asset Bundle success in 2 ms√, progress: 10%
2026-5-20 10:17:26-debug: // ---- build task 整理部分构建选项内数据到 settings.json ---- (1ms)
2026-5-20 10:17:26-debug: 填充脚本数据到 settings.json start, progress: 12%
2026-5-20 10:17:26-debug: [Build Memory track]: 整理部分构建选项内数据到 settings.json start:233.37MB, end 233.40MB, increase: 24.88KB
2026-5-20 10:17:26-debug: // ---- build task 填充脚本数据到 settings.json ----
2026-5-20 10:17:26-log: run build task 整理部分构建选项内数据到 settings.json success in 1 ms√, progress: 12%
2026-5-20 10:17:26-debug: // ---- build task 填充脚本数据到 settings.json ---- (1ms)
2026-5-20 10:17:26-log: run build task 填充脚本数据到 settings.json success in 1 ms√, progress: 13%
2026-5-20 10:17:26-debug: 整理部分构建选项内数据到 settings.json start, progress: 13%
2026-5-20 10:17:26-debug: // ---- build task 整理部分构建选项内数据到 settings.json ----
2026-5-20 10:17:26-debug: [Build Memory track]: 填充脚本数据到 settings.json start:233.42MB, end 233.45MB, increase: 24.50KB
2026-5-20 10:17:26-debug: // ---- build task 整理部分构建选项内数据到 settings.json ---- (3ms)
2026-5-20 10:17:26-log: run build task 整理部分构建选项内数据到 settings.json success in 3 ms√, progress: 15%
2026-5-20 10:17:26-debug: [Build Memory track]: 整理部分构建选项内数据到 settings.json start:233.47MB, end 233.61MB, increase: 135.79KB
2026-5-20 10:18:40-debug: refresh db internal success
2026-5-20 10:18:40-debug: refresh db assets success
2026-5-20 10:18:40-debug: Run asset db hook engine-extends:afterRefresh ...
2026-5-20 10:18:40-debug: Run asset db hook engine-extends:afterRefresh success!
2026-5-20 10:18:40-debug: asset-db:refresh-all-database (57ms)
2026-5-20 10:18:40-debug: asset-db:worker-effect-data-processing (1ms)
2026-5-20 10:18:40-debug: asset-db-hook-engine-extends-afterRefresh (2ms)
2026-5-20 10:18:46-debug: %cImport%c: /Users/xiejianfeng/Downloads/Zuma/assets/Prefab/blueball.prefabbackground: #aaff85; color: #000;color: #000;
2026-5-20 10:18:46-debug: asset-db:reimport-asset057fd5d8-92b4-4fd2-a19c-499722dcb9df (8ms)
2026-5-20 10:18:52-debug: refresh db internal success
2026-5-20 10:18:52-debug: refresh db assets success
2026-5-20 10:18:52-debug: Run asset db hook engine-extends:afterRefresh ...
2026-5-20 10:18:52-debug: Run asset db hook engine-extends:afterRefresh success!
2026-5-20 10:18:52-debug: asset-db:refresh-all-database (28ms)
2026-5-20 10:18:52-debug: asset-db-hook-engine-extends-afterRefresh (2ms)
2026-5-20 10:18:52-debug: asset-db:worker-effect-data-processing (2ms)
2026-5-20 10:18:54-debug: %cImport%c: /Users/xiejianfeng/Downloads/Zuma/assets/Prefab/blueball.prefabbackground: #aaff85; color: #000;color: #000;
2026-5-20 10:18:54-debug: asset-db:reimport-asset057fd5d8-92b4-4fd2-a19c-499722dcb9df (9ms)
2026-5-20 10:19:05-debug: refresh db internal success
2026-5-20 10:19:05-debug: refresh db assets success
2026-5-20 10:19:05-debug: Run asset db hook engine-extends:afterRefresh ...
2026-5-20 10:19:05-debug: Run asset db hook engine-extends:afterRefresh success!
2026-5-20 10:19:05-debug: asset-db:refresh-all-database (36ms)
2026-5-20 10:19:05-debug: asset-db:worker-effect-data-processing (1ms)
2026-5-20 10:19:05-debug: asset-db-hook-engine-extends-afterRefresh (3ms)
2026-5-20 10:19:11-debug: %cImport%c: /Users/xiejianfeng/Downloads/Zuma/assets/Prefab/blueball.prefabbackground: #aaff85; color: #000;color: #000;
2026-5-20 10:19:11-debug: asset-db:reimport-asset057fd5d8-92b4-4fd2-a19c-499722dcb9df (6ms)
2026-5-20 10:19:11-debug: Query all assets info in project
2026-5-20 10:19:11-debug: init custom config: keepNodeUuid: false, useCache: true
2026-5-20 10:19:11-debug: Skip compress image, progress: 0%
2026-5-20 10:19:11-debug: Init all bundles start..., progress: 0%
2026-5-20 10:19:11-debug: Num of bundles: 2..., progress: 0%
2026-5-20 10:19:11-debug: 查询 Asset Bundle start, progress: 0%
2026-5-20 10:19:11-debug: // ---- build task 查询 Asset Bundle ----
2026-5-20 10:19:11-debug: Init bundle root assets start..., progress: 0%
2026-5-20 10:19:11-debug: Query preload assets/scripts from cc.config.json: 60f7195c-ec2a-45eb-ba94-8955f60e81d0,1c02ae6f-4492-4915-b8f8-7492a3b1e4cd,810e96e4-e456-4468-9b59-f4e8f39732c0,efe8e2a3-eace-427b-b4f1-cb8a937ec77d,e9aa9a3e-5b2b-4ac7-a2c7-073de2b2b24f,8bbdbcdd-5cd4-4100-b6d5-b7c9625b6107,50f4348b-c883-4e2f-8f11-ce233b859fa1,fda095cb-831d-4601-ad94-846013963de8,f92806d7-1768-443f-afe8-12bcde84d0f0,dd3a144d-ab7f-41f0-82b8-2e43a090d496,f0416e68-0200-4b77-a926-4f9d16e494da,970b0598-bcb0-4714-91fb-2e81440dccd8,bcd64cc6-2dd9-43f6-abbe-66318d332032,d930590d-bb92-4cc8-8bd1-23cd027f9edf,a3cd009f-0ab0-420d-9278-b9fdab939bbc,6a2d0734-bd9e-4ddf-946e-caa52498cb75,c27215d8-6835-4b68-bfbb-bdeac6100c04,b5d6115f-0370-4d7c-aad3-c194cc71cf98,871c3b6c-7379-419d-bda3-794b239ab90d,ff9b0199-ce04-4cfe-86cc-6c719f08d6e4,de1c2107-70c8-4021-8459-6399f24d01c6,cbf30902-517f-40dc-af90-a550bac27cf1,5c601d96-e4c7-4698-991b-7ee674b11079
2026-5-20 10:19:11-debug:   Number of all scripts: 10
2026-5-20 10:19:11-debug:   Number of all scenes: 2
2026-5-20 10:19:11-debug: Init bundle root assets success..., progress: 0%
2026-5-20 10:19:11-debug:   Number of other assets: 338
2026-5-20 10:19:11-debug: // ---- build task 查询 Asset Bundle ---- (4ms)
2026-5-20 10:19:11-log: run build task 查询 Asset Bundle success in 4 ms√, progress: 5%
2026-5-20 10:19:11-debug: [Build Memory track]: 查询 Asset Bundle start:234.99MB, end 234.74MB, increase: -255.22KB
2026-5-20 10:19:11-debug: 查询 Asset Bundle start, progress: 5%
2026-5-20 10:19:11-debug: // ---- build task 查询 Asset Bundle ----
2026-5-20 10:19:11-log: run build task 查询 Asset Bundle success in 2 ms√, progress: 10%
2026-5-20 10:19:11-debug: [Build Memory track]: 查询 Asset Bundle start:234.77MB, end 234.87MB, increase: 104.92KB
2026-5-20 10:19:11-debug: // ---- build task 查询 Asset Bundle ---- (2ms)
2026-5-20 10:19:11-debug: // ---- build task 整理部分构建选项内数据到 settings.json ----
2026-5-20 10:19:11-debug: 整理部分构建选项内数据到 settings.json start, progress: 10%
2026-5-20 10:19:11-log: run build task 整理部分构建选项内数据到 settings.json success in √, progress: 12%
2026-5-20 10:19:11-debug: [Build Memory track]: 整理部分构建选项内数据到 settings.json start:234.90MB, end 234.91MB, increase: 16.27KB
2026-5-20 10:19:11-debug: 填充脚本数据到 settings.json start, progress: 12%
2026-5-20 10:19:11-debug: // ---- build task 填充脚本数据到 settings.json ----
2026-5-20 10:19:11-debug: // ---- build task 填充脚本数据到 settings.json ---- (1ms)
2026-5-20 10:19:11-debug: // ---- build task 整理部分构建选项内数据到 settings.json ----
2026-5-20 10:19:11-debug: [Build Memory track]: 填充脚本数据到 settings.json start:234.94MB, end 234.96MB, increase: 23.67KB
2026-5-20 10:19:11-debug: 整理部分构建选项内数据到 settings.json start, progress: 13%
2026-5-20 10:19:11-log: run build task 填充脚本数据到 settings.json success in 1 ms√, progress: 13%
2026-5-20 10:19:11-debug: // ---- build task 整理部分构建选项内数据到 settings.json ---- (4ms)
2026-5-20 10:19:11-log: run build task 整理部分构建选项内数据到 settings.json success in 4 ms√, progress: 15%
2026-5-20 10:19:11-debug: [Build Memory track]: 整理部分构建选项内数据到 settings.json start:234.99MB, end 235.11MB, increase: 122.81KB
2026-5-20 10:19:26-debug: %cImport%c: /Users/xiejianfeng/Downloads/Zuma/assets/Prefab/blueball.prefabbackground: #aaff85; color: #000;color: #000;
2026-5-20 10:19:26-debug: asset-db:reimport-asset057fd5d8-92b4-4fd2-a19c-499722dcb9df (9ms)
2026-5-20 10:19:29-debug: Query all assets info in project
2026-5-20 10:19:29-debug: init custom config: keepNodeUuid: false, useCache: true
2026-5-20 10:19:29-debug: Skip compress image, progress: 0%
2026-5-20 10:19:29-debug: Num of bundles: 2..., progress: 0%
2026-5-20 10:19:29-debug: 查询 Asset Bundle start, progress: 0%
2026-5-20 10:19:29-debug: // ---- build task 查询 Asset Bundle ----
2026-5-20 10:19:29-debug: Init bundle root assets start..., progress: 0%
2026-5-20 10:19:29-debug: Init all bundles start..., progress: 0%
2026-5-20 10:19:29-debug: Query preload assets/scripts from cc.config.json: 60f7195c-ec2a-45eb-ba94-8955f60e81d0,1c02ae6f-4492-4915-b8f8-7492a3b1e4cd,810e96e4-e456-4468-9b59-f4e8f39732c0,efe8e2a3-eace-427b-b4f1-cb8a937ec77d,e9aa9a3e-5b2b-4ac7-a2c7-073de2b2b24f,8bbdbcdd-5cd4-4100-b6d5-b7c9625b6107,50f4348b-c883-4e2f-8f11-ce233b859fa1,fda095cb-831d-4601-ad94-846013963de8,f92806d7-1768-443f-afe8-12bcde84d0f0,dd3a144d-ab7f-41f0-82b8-2e43a090d496,f0416e68-0200-4b77-a926-4f9d16e494da,970b0598-bcb0-4714-91fb-2e81440dccd8,bcd64cc6-2dd9-43f6-abbe-66318d332032,d930590d-bb92-4cc8-8bd1-23cd027f9edf,a3cd009f-0ab0-420d-9278-b9fdab939bbc,6a2d0734-bd9e-4ddf-946e-caa52498cb75,c27215d8-6835-4b68-bfbb-bdeac6100c04,b5d6115f-0370-4d7c-aad3-c194cc71cf98,871c3b6c-7379-419d-bda3-794b239ab90d,ff9b0199-ce04-4cfe-86cc-6c719f08d6e4,de1c2107-70c8-4021-8459-6399f24d01c6,cbf30902-517f-40dc-af90-a550bac27cf1,5c601d96-e4c7-4698-991b-7ee674b11079
2026-5-20 10:19:29-debug:   Number of all scenes: 2
2026-5-20 10:19:29-debug: Init bundle root assets success..., progress: 0%
2026-5-20 10:19:29-debug:   Number of other assets: 338
2026-5-20 10:19:29-debug:   Number of all scripts: 10
2026-5-20 10:19:29-debug: // ---- build task 查询 Asset Bundle ---- (10ms)
2026-5-20 10:19:29-log: run build task 查询 Asset Bundle success in 10 ms√, progress: 5%
2026-5-20 10:19:29-debug: [Build Memory track]: 查询 Asset Bundle start:235.00MB, end 235.53MB, increase: 546.51KB
2026-5-20 10:19:29-debug: // ---- build task 查询 Asset Bundle ----
2026-5-20 10:19:29-debug: 查询 Asset Bundle start, progress: 5%
2026-5-20 10:19:29-debug: // ---- build task 查询 Asset Bundle ---- (2ms)
2026-5-20 10:19:29-log: run build task 查询 Asset Bundle success in 2 ms√, progress: 10%
2026-5-20 10:19:29-debug: // ---- build task 整理部分构建选项内数据到 settings.json ----
2026-5-20 10:19:29-debug: [Build Memory track]: 查询 Asset Bundle start:235.56MB, end 234.88MB, increase: -696.86KB
2026-5-20 10:19:29-debug: 整理部分构建选项内数据到 settings.json start, progress: 10%
2026-5-20 10:19:29-debug: // ---- build task 整理部分构建选项内数据到 settings.json ---- (1ms)
2026-5-20 10:19:29-log: run build task 整理部分构建选项内数据到 settings.json success in 1 ms√, progress: 12%
2026-5-20 10:19:29-debug: // ---- build task 填充脚本数据到 settings.json ----
2026-5-20 10:19:29-debug: 填充脚本数据到 settings.json start, progress: 12%
2026-5-20 10:19:29-debug: [Build Memory track]: 整理部分构建选项内数据到 settings.json start:234.91MB, end 234.93MB, increase: 24.98KB
2026-5-20 10:19:29-debug: // ---- build task 填充脚本数据到 settings.json ---- (1ms)
2026-5-20 10:19:29-log: run build task 填充脚本数据到 settings.json success in 1 ms√, progress: 13%
2026-5-20 10:19:29-debug: [Build Memory track]: 填充脚本数据到 settings.json start:234.96MB, end 234.98MB, increase: 24.43KB
2026-5-20 10:19:29-debug: 整理部分构建选项内数据到 settings.json start, progress: 13%
2026-5-20 10:19:29-debug: // ---- build task 整理部分构建选项内数据到 settings.json ----
2026-5-20 10:19:29-log: run build task 整理部分构建选项内数据到 settings.json success in 3 ms√, progress: 15%
2026-5-20 10:19:29-debug: // ---- build task 整理部分构建选项内数据到 settings.json ---- (3ms)
2026-5-20 10:19:29-debug: [Build Memory track]: 整理部分构建选项内数据到 settings.json start:235.01MB, end 235.14MB, increase: 135.80KB
2026-5-20 10:19:34-debug: %cImport%c: /Users/xiejianfeng/Downloads/Zuma/assets/Prefab/blueball.prefabbackground: #aaff85; color: #000;color: #000;
2026-5-20 10:19:34-debug: asset-db:reimport-asset057fd5d8-92b4-4fd2-a19c-499722dcb9df (1ms)
2026-5-20 10:20:17-debug: refresh db internal success
2026-5-20 10:20:17-debug: refresh db assets success
2026-5-20 10:20:17-debug: Run asset db hook engine-extends:afterRefresh ...
2026-5-20 10:20:17-debug: Run asset db hook engine-extends:afterRefresh success!
2026-5-20 10:20:17-debug: asset-db:refresh-all-database (41ms)
2026-5-20 10:20:17-debug: asset-db:worker-effect-data-processing (1ms)
2026-5-20 10:20:17-debug: asset-db-hook-engine-extends-afterRefresh (1ms)
2026-5-20 10:20:23-debug: %cImport%c: /Users/xiejianfeng/Downloads/Zuma/assets/Prefab/blueball.prefabbackground: #aaff85; color: #000;color: #000;
2026-5-20 10:20:23-debug: asset-db:reimport-asset057fd5d8-92b4-4fd2-a19c-499722dcb9df (7ms)
2026-5-20 10:21:05-debug: refresh db internal success
2026-5-20 10:21:05-debug: refresh db assets success
2026-5-20 10:21:05-debug: Run asset db hook engine-extends:afterRefresh success!
2026-5-20 10:21:05-debug: Run asset db hook engine-extends:afterRefresh ...
2026-5-20 10:21:05-debug: asset-db:refresh-all-database (48ms)
2026-5-20 10:21:05-debug: asset-db:worker-effect-data-processing (1ms)
2026-5-20 10:21:05-debug: asset-db-hook-engine-extends-afterRefresh (2ms)
2026-5-20 10:22:01-debug: refresh db internal success
2026-5-20 10:22:01-debug: refresh db assets success
2026-5-20 10:22:01-debug: Run asset db hook engine-extends:afterRefresh ...
2026-5-20 10:22:01-debug: Run asset db hook engine-extends:afterRefresh success!
2026-5-20 10:22:01-debug: asset-db:refresh-all-database (40ms)
2026-5-20 10:22:01-debug: asset-db:worker-effect-data-processing (1ms)
2026-5-20 10:22:01-debug: asset-db-hook-engine-extends-afterRefresh (2ms)
2026-5-20 10:22:02-debug: refresh db internal success
2026-5-20 10:22:02-debug: refresh db assets success
2026-5-20 10:22:02-debug: Run asset db hook engine-extends:afterRefresh ...
2026-5-20 10:22:02-debug: Run asset db hook engine-extends:afterRefresh success!
2026-5-20 10:22:02-debug: asset-db:refresh-all-database (37ms)
2026-5-20 10:22:02-debug: asset-db-hook-engine-extends-afterRefresh (1ms)
2026-5-20 10:22:06-debug: %cImport%c: /Users/xiejianfeng/Downloads/Zuma/assets/Prefab/blueball.prefabbackground: #aaff85; color: #000;color: #000;
2026-5-20 10:22:06-debug: asset-db:reimport-asset057fd5d8-92b4-4fd2-a19c-499722dcb9df (10ms)
2026-5-20 10:22:07-debug: Query all assets info in project
2026-5-20 10:22:07-debug: init custom config: keepNodeUuid: false, useCache: true
2026-5-20 10:22:07-debug: Skip compress image, progress: 0%
2026-5-20 10:22:07-debug: Init all bundles start..., progress: 0%
2026-5-20 10:22:07-debug: Num of bundles: 2..., progress: 0%
2026-5-20 10:22:07-debug: 查询 Asset Bundle start, progress: 0%
2026-5-20 10:22:07-debug: Init bundle root assets start..., progress: 0%
2026-5-20 10:22:07-debug: // ---- build task 查询 Asset Bundle ----
2026-5-20 10:22:07-debug: Query preload assets/scripts from cc.config.json: 60f7195c-ec2a-45eb-ba94-8955f60e81d0,1c02ae6f-4492-4915-b8f8-7492a3b1e4cd,810e96e4-e456-4468-9b59-f4e8f39732c0,efe8e2a3-eace-427b-b4f1-cb8a937ec77d,e9aa9a3e-5b2b-4ac7-a2c7-073de2b2b24f,8bbdbcdd-5cd4-4100-b6d5-b7c9625b6107,50f4348b-c883-4e2f-8f11-ce233b859fa1,fda095cb-831d-4601-ad94-846013963de8,f92806d7-1768-443f-afe8-12bcde84d0f0,dd3a144d-ab7f-41f0-82b8-2e43a090d496,f0416e68-0200-4b77-a926-4f9d16e494da,970b0598-bcb0-4714-91fb-2e81440dccd8,bcd64cc6-2dd9-43f6-abbe-66318d332032,d930590d-bb92-4cc8-8bd1-23cd027f9edf,a3cd009f-0ab0-420d-9278-b9fdab939bbc,6a2d0734-bd9e-4ddf-946e-caa52498cb75,c27215d8-6835-4b68-bfbb-bdeac6100c04,b5d6115f-0370-4d7c-aad3-c194cc71cf98,871c3b6c-7379-419d-bda3-794b239ab90d,ff9b0199-ce04-4cfe-86cc-6c719f08d6e4,de1c2107-70c8-4021-8459-6399f24d01c6,cbf30902-517f-40dc-af90-a550bac27cf1,5c601d96-e4c7-4698-991b-7ee674b11079
2026-5-20 10:22:07-debug:   Number of all scripts: 10
2026-5-20 10:22:07-debug:   Number of other assets: 338
2026-5-20 10:22:07-debug: Init bundle root assets success..., progress: 0%
2026-5-20 10:22:07-debug:   Number of all scenes: 2
2026-5-20 10:22:07-debug: // ---- build task 查询 Asset Bundle ---- (6ms)
2026-5-20 10:22:07-debug: 查询 Asset Bundle start, progress: 5%
2026-5-20 10:22:07-debug: [Build Memory track]: 查询 Asset Bundle start:236.77MB, end 237.30MB, increase: 544.11KB
2026-5-20 10:22:07-debug: // ---- build task 查询 Asset Bundle ----
2026-5-20 10:22:07-log: run build task 查询 Asset Bundle success in 6 ms√, progress: 5%
2026-5-20 10:22:07-debug: // ---- build task 查询 Asset Bundle ---- (2ms)
2026-5-20 10:22:07-log: run build task 查询 Asset Bundle success in 2 ms√, progress: 10%
2026-5-20 10:22:07-debug: // ---- build task 整理部分构建选项内数据到 settings.json ----
2026-5-20 10:22:07-debug: [Build Memory track]: 查询 Asset Bundle start:237.32MB, end 237.43MB, increase: 105.23KB
2026-5-20 10:22:07-debug: 整理部分构建选项内数据到 settings.json start, progress: 10%
2026-5-20 10:22:07-debug: // ---- build task 整理部分构建选项内数据到 settings.json ---- (2ms)
2026-5-20 10:22:07-debug: 填充脚本数据到 settings.json start, progress: 12%
2026-5-20 10:22:07-debug: // ---- build task 填充脚本数据到 settings.json ----
2026-5-20 10:22:07-debug: [Build Memory track]: 整理部分构建选项内数据到 settings.json start:237.45MB, end 237.48MB, increase: 25.04KB
2026-5-20 10:22:07-log: run build task 整理部分构建选项内数据到 settings.json success in 2 ms√, progress: 12%
2026-5-20 10:22:07-log: run build task 填充脚本数据到 settings.json success in √, progress: 13%
2026-5-20 10:22:07-debug: [Build Memory track]: 填充脚本数据到 settings.json start:237.50MB, end 237.52MB, increase: 15.72KB
2026-5-20 10:22:07-debug: 整理部分构建选项内数据到 settings.json start, progress: 13%
2026-5-20 10:22:07-debug: // ---- build task 整理部分构建选项内数据到 settings.json ----
2026-5-20 10:22:07-debug: // ---- build task 整理部分构建选项内数据到 settings.json ---- (4ms)
2026-5-20 10:22:07-log: run build task 整理部分构建选项内数据到 settings.json success in 4 ms√, progress: 15%
2026-5-20 10:22:07-debug: [Build Memory track]: 整理部分构建选项内数据到 settings.json start:237.55MB, end 237.68MB, increase: 136.47KB
2026-5-20 10:22:12-debug: %cImport%c: /Users/xiejianfeng/Downloads/Zuma/assets/Prefab/blueball.prefabbackground: #aaff85; color: #000;color: #000;
2026-5-20 10:22:12-debug: asset-db:reimport-asset057fd5d8-92b4-4fd2-a19c-499722dcb9df (4ms)
2026-5-20 10:28:59-debug: refresh db internal success
2026-5-20 10:28:59-debug: %cImport%c: /Users/xiejianfeng/Downloads/Zuma/assets/Script/BallCollision.tsbackground: #aaff85; color: #000;color: #000;
2026-5-20 10:28:59-debug: refresh db assets success
2026-5-20 10:28:59-debug: Run asset db hook engine-extends:afterRefresh ...
2026-5-20 10:28:59-debug: Run asset db hook engine-extends:afterRefresh success!
2026-5-20 10:28:59-debug: asset-db:refresh-all-database (68ms)
2026-5-20 10:28:59-debug: asset-db-hook-engine-extends-afterRefresh (5ms)
2026-5-20 10:28:59-debug: asset-db:worker-effect-data-processing (4ms)
2026-5-20 10:29:00-debug: %cImport%c: /Users/xiejianfeng/Downloads/Zuma/assets/Prefab/blueball.prefabbackground: #aaff85; color: #000;color: #000;
2026-5-20 10:29:00-debug: asset-db:reimport-asset057fd5d8-92b4-4fd2-a19c-499722dcb9df (9ms)
2026-5-20 10:29:02-debug: Query all assets info in project
2026-5-20 10:29:02-debug: init custom config: keepNodeUuid: false, useCache: true
2026-5-20 10:29:02-debug: Skip compress image, progress: 0%
2026-5-20 10:29:02-debug: Init all bundles start..., progress: 0%
2026-5-20 10:29:02-debug: Num of bundles: 2..., progress: 0%
2026-5-20 10:29:02-debug: 查询 Asset Bundle start, progress: 0%
2026-5-20 10:29:02-debug: // ---- build task 查询 Asset Bundle ----
2026-5-20 10:29:02-debug: Init bundle root assets start..., progress: 0%
2026-5-20 10:29:02-debug: Query preload assets/scripts from cc.config.json: 60f7195c-ec2a-45eb-ba94-8955f60e81d0,1c02ae6f-4492-4915-b8f8-7492a3b1e4cd,810e96e4-e456-4468-9b59-f4e8f39732c0,efe8e2a3-eace-427b-b4f1-cb8a937ec77d,e9aa9a3e-5b2b-4ac7-a2c7-073de2b2b24f,8bbdbcdd-5cd4-4100-b6d5-b7c9625b6107,50f4348b-c883-4e2f-8f11-ce233b859fa1,fda095cb-831d-4601-ad94-846013963de8,f92806d7-1768-443f-afe8-12bcde84d0f0,dd3a144d-ab7f-41f0-82b8-2e43a090d496,f0416e68-0200-4b77-a926-4f9d16e494da,970b0598-bcb0-4714-91fb-2e81440dccd8,bcd64cc6-2dd9-43f6-abbe-66318d332032,d930590d-bb92-4cc8-8bd1-23cd027f9edf,a3cd009f-0ab0-420d-9278-b9fdab939bbc,6a2d0734-bd9e-4ddf-946e-caa52498cb75,c27215d8-6835-4b68-bfbb-bdeac6100c04,b5d6115f-0370-4d7c-aad3-c194cc71cf98,871c3b6c-7379-419d-bda3-794b239ab90d,ff9b0199-ce04-4cfe-86cc-6c719f08d6e4,de1c2107-70c8-4021-8459-6399f24d01c6,cbf30902-517f-40dc-af90-a550bac27cf1,5c601d96-e4c7-4698-991b-7ee674b11079
2026-5-20 10:29:02-debug:   Number of all scenes: 2
2026-5-20 10:29:02-debug: Init bundle root assets success..., progress: 0%
2026-5-20 10:29:02-debug:   Number of other assets: 338
2026-5-20 10:29:02-debug:   Number of all scripts: 10
2026-5-20 10:29:02-debug: // ---- build task 查询 Asset Bundle ---- (5ms)
2026-5-20 10:29:02-debug: [Build Memory track]: 查询 Asset Bundle start:237.70MB, end 237.31MB, increase: -405.69KB
2026-5-20 10:29:02-debug: 查询 Asset Bundle start, progress: 5%
2026-5-20 10:29:02-debug: // ---- build task 查询 Asset Bundle ----
2026-5-20 10:29:02-log: run build task 查询 Asset Bundle success in 5 ms√, progress: 5%
2026-5-20 10:29:02-debug: // ---- build task 查询 Asset Bundle ---- (1ms)
2026-5-20 10:29:02-debug: 整理部分构建选项内数据到 settings.json start, progress: 10%
2026-5-20 10:29:02-log: run build task 查询 Asset Bundle success in 1 ms√, progress: 10%
2026-5-20 10:29:02-debug: // ---- build task 整理部分构建选项内数据到 settings.json ----
2026-5-20 10:29:02-debug: [Build Memory track]: 查询 Asset Bundle start:237.33MB, end 237.44MB, increase: 105.14KB
2026-5-20 10:29:02-log: run build task 整理部分构建选项内数据到 settings.json success in √, progress: 12%
2026-5-20 10:29:02-debug: [Build Memory track]: 整理部分构建选项内数据到 settings.json start:237.46MB, end 237.48MB, increase: 16.27KB
2026-5-20 10:29:02-debug: 填充脚本数据到 settings.json start, progress: 12%
2026-5-20 10:29:02-debug: // ---- build task 填充脚本数据到 settings.json ----
2026-5-20 10:29:02-debug: // ---- build task 填充脚本数据到 settings.json ---- (1ms)
2026-5-20 10:29:02-debug: [Build Memory track]: 填充脚本数据到 settings.json start:237.51MB, end 237.53MB, increase: 23.70KB
2026-5-20 10:29:02-log: run build task 填充脚本数据到 settings.json success in 1 ms√, progress: 13%
2026-5-20 10:29:02-debug: // ---- build task 整理部分构建选项内数据到 settings.json ----
2026-5-20 10:29:02-debug: 整理部分构建选项内数据到 settings.json start, progress: 13%
2026-5-20 10:29:02-debug: // ---- build task 整理部分构建选项内数据到 settings.json ---- (4ms)
2026-5-20 10:29:02-log: run build task 整理部分构建选项内数据到 settings.json success in 4 ms√, progress: 15%
2026-5-20 10:29:02-debug: [Build Memory track]: 整理部分构建选项内数据到 settings.json start:237.56MB, end 237.68MB, increase: 122.73KB
2026-5-20 10:29:50-debug: refresh db internal success
2026-5-20 10:29:51-debug: %cImport%c: /Users/xiejianfeng/Downloads/Zuma/assets/Script/BallCollision.tsbackground: #aaff85; color: #000;color: #000;
2026-5-20 10:29:51-debug: refresh db assets success
2026-5-20 10:29:51-debug: Run asset db hook engine-extends:afterRefresh ...
2026-5-20 10:29:51-debug: Run asset db hook engine-extends:afterRefresh success!
2026-5-20 10:29:51-debug: asset-db:worker-effect-data-processing (2ms)
2026-5-20 10:29:51-debug: asset-db:refresh-all-database (46ms)
2026-5-20 10:29:51-debug: asset-db-hook-engine-extends-afterRefresh (2ms)
2026-5-20 10:29:53-debug: %cImport%c: /Users/xiejianfeng/Downloads/Zuma/assets/Prefab/blueball.prefabbackground: #aaff85; color: #000;color: #000;
2026-5-20 10:29:53-debug: asset-db:reimport-asset057fd5d8-92b4-4fd2-a19c-499722dcb9df (13ms)
2026-5-20 10:29:54-debug: Query all assets info in project
2026-5-20 10:29:54-debug: init custom config: keepNodeUuid: false, useCache: true
2026-5-20 10:29:54-debug: Skip compress image, progress: 0%
2026-5-20 10:29:54-debug: Init all bundles start..., progress: 0%
2026-5-20 10:29:54-debug: Num of bundles: 2..., progress: 0%
2026-5-20 10:29:54-debug: 查询 Asset Bundle start, progress: 0%
2026-5-20 10:29:54-debug: // ---- build task 查询 Asset Bundle ----
2026-5-20 10:29:54-debug: Init bundle root assets start..., progress: 0%
2026-5-20 10:29:54-debug: Query preload assets/scripts from cc.config.json: 60f7195c-ec2a-45eb-ba94-8955f60e81d0,1c02ae6f-4492-4915-b8f8-7492a3b1e4cd,810e96e4-e456-4468-9b59-f4e8f39732c0,efe8e2a3-eace-427b-b4f1-cb8a937ec77d,e9aa9a3e-5b2b-4ac7-a2c7-073de2b2b24f,8bbdbcdd-5cd4-4100-b6d5-b7c9625b6107,50f4348b-c883-4e2f-8f11-ce233b859fa1,fda095cb-831d-4601-ad94-846013963de8,f92806d7-1768-443f-afe8-12bcde84d0f0,dd3a144d-ab7f-41f0-82b8-2e43a090d496,f0416e68-0200-4b77-a926-4f9d16e494da,970b0598-bcb0-4714-91fb-2e81440dccd8,bcd64cc6-2dd9-43f6-abbe-66318d332032,d930590d-bb92-4cc8-8bd1-23cd027f9edf,a3cd009f-0ab0-420d-9278-b9fdab939bbc,6a2d0734-bd9e-4ddf-946e-caa52498cb75,c27215d8-6835-4b68-bfbb-bdeac6100c04,b5d6115f-0370-4d7c-aad3-c194cc71cf98,871c3b6c-7379-419d-bda3-794b239ab90d,ff9b0199-ce04-4cfe-86cc-6c719f08d6e4,de1c2107-70c8-4021-8459-6399f24d01c6,cbf30902-517f-40dc-af90-a550bac27cf1,5c601d96-e4c7-4698-991b-7ee674b11079
2026-5-20 10:29:54-debug: Init bundle root assets success..., progress: 0%
2026-5-20 10:29:54-debug:   Number of all scripts: 10
2026-5-20 10:29:54-debug:   Number of other assets: 338
2026-5-20 10:29:54-debug:   Number of all scenes: 2
2026-5-20 10:29:54-debug: // ---- build task 查询 Asset Bundle ---- (4ms)
2026-5-20 10:29:54-log: run build task 查询 Asset Bundle success in 4 ms√, progress: 5%
2026-5-20 10:29:54-debug: [Build Memory track]: 查询 Asset Bundle start:238.21MB, end 237.81MB, increase: -402.82KB
2026-5-20 10:29:54-debug: 查询 Asset Bundle start, progress: 5%
2026-5-20 10:29:54-debug: // ---- build task 查询 Asset Bundle ----
2026-5-20 10:29:54-debug: // ---- build task 查询 Asset Bundle ---- (1ms)
2026-5-20 10:29:54-debug: [Build Memory track]: 查询 Asset Bundle start:237.84MB, end 237.94MB, increase: 104.95KB
2026-5-20 10:29:54-debug: 整理部分构建选项内数据到 settings.json start, progress: 10%
2026-5-20 10:29:54-log: run build task 查询 Asset Bundle success in 1 ms√, progress: 10%
2026-5-20 10:29:54-debug: // ---- build task 整理部分构建选项内数据到 settings.json ----
2026-5-20 10:29:54-log: run build task 整理部分构建选项内数据到 settings.json success in √, progress: 12%
2026-5-20 10:29:54-debug: 填充脚本数据到 settings.json start, progress: 12%
2026-5-20 10:29:54-debug: [Build Memory track]: 整理部分构建选项内数据到 settings.json start:237.97MB, end 237.99MB, increase: 16.21KB
2026-5-20 10:29:54-debug: // ---- build task 填充脚本数据到 settings.json ----
2026-5-20 10:29:54-debug: // ---- build task 填充脚本数据到 settings.json ---- (1ms)
2026-5-20 10:29:54-debug: [Build Memory track]: 填充脚本数据到 settings.json start:238.01MB, end 238.04MB, increase: 23.64KB
2026-5-20 10:29:54-debug: 整理部分构建选项内数据到 settings.json start, progress: 13%
2026-5-20 10:29:54-log: run build task 填充脚本数据到 settings.json success in 1 ms√, progress: 13%
2026-5-20 10:29:54-debug: // ---- build task 整理部分构建选项内数据到 settings.json ----
2026-5-20 10:29:54-debug: // ---- build task 整理部分构建选项内数据到 settings.json ---- (3ms)
2026-5-20 10:29:54-log: run build task 整理部分构建选项内数据到 settings.json success in 3 ms√, progress: 15%
2026-5-20 10:29:54-debug: [Build Memory track]: 整理部分构建选项内数据到 settings.json start:238.06MB, end 238.18MB, increase: 122.66KB
2026-5-20 10:30:45-debug: refresh db internal success
2026-5-20 10:30:45-debug: %cImport%c: /Users/xiejianfeng/Downloads/Zuma/assets/Script/BallCollision.tsbackground: #aaff85; color: #000;color: #000;
2026-5-20 10:30:45-debug: refresh db assets success
2026-5-20 10:30:45-debug: Run asset db hook engine-extends:afterRefresh ...
2026-5-20 10:30:45-debug: Run asset db hook engine-extends:afterRefresh success!
2026-5-20 10:30:45-debug: asset-db:refresh-all-database (46ms)
2026-5-20 10:30:45-debug: asset-db:worker-effect-data-processing (2ms)
2026-5-20 10:30:45-debug: asset-db-hook-engine-extends-afterRefresh (2ms)
2026-5-20 10:30:46-debug: %cImport%c: /Users/xiejianfeng/Downloads/Zuma/assets/Prefab/blueball.prefabbackground: #aaff85; color: #000;color: #000;
2026-5-20 10:30:46-debug: asset-db:reimport-asset057fd5d8-92b4-4fd2-a19c-499722dcb9df (7ms)
2026-5-20 10:30:48-debug: Query all assets info in project
2026-5-20 10:30:48-debug: init custom config: keepNodeUuid: false, useCache: true
2026-5-20 10:30:48-debug: Skip compress image, progress: 0%
2026-5-20 10:30:48-debug: Init all bundles start..., progress: 0%
2026-5-20 10:30:48-debug: Num of bundles: 2..., progress: 0%
2026-5-20 10:30:48-debug: 查询 Asset Bundle start, progress: 0%
2026-5-20 10:30:48-debug: // ---- build task 查询 Asset Bundle ----
2026-5-20 10:30:48-debug: Init bundle root assets start..., progress: 0%
2026-5-20 10:30:48-debug: Query preload assets/scripts from cc.config.json: 60f7195c-ec2a-45eb-ba94-8955f60e81d0,1c02ae6f-4492-4915-b8f8-7492a3b1e4cd,810e96e4-e456-4468-9b59-f4e8f39732c0,efe8e2a3-eace-427b-b4f1-cb8a937ec77d,e9aa9a3e-5b2b-4ac7-a2c7-073de2b2b24f,8bbdbcdd-5cd4-4100-b6d5-b7c9625b6107,50f4348b-c883-4e2f-8f11-ce233b859fa1,fda095cb-831d-4601-ad94-846013963de8,f92806d7-1768-443f-afe8-12bcde84d0f0,dd3a144d-ab7f-41f0-82b8-2e43a090d496,f0416e68-0200-4b77-a926-4f9d16e494da,970b0598-bcb0-4714-91fb-2e81440dccd8,bcd64cc6-2dd9-43f6-abbe-66318d332032,d930590d-bb92-4cc8-8bd1-23cd027f9edf,a3cd009f-0ab0-420d-9278-b9fdab939bbc,6a2d0734-bd9e-4ddf-946e-caa52498cb75,c27215d8-6835-4b68-bfbb-bdeac6100c04,b5d6115f-0370-4d7c-aad3-c194cc71cf98,871c3b6c-7379-419d-bda3-794b239ab90d,ff9b0199-ce04-4cfe-86cc-6c719f08d6e4,de1c2107-70c8-4021-8459-6399f24d01c6,cbf30902-517f-40dc-af90-a550bac27cf1,5c601d96-e4c7-4698-991b-7ee674b11079
2026-5-20 10:30:48-debug:   Number of all scenes: 2
2026-5-20 10:30:48-debug:   Number of all scripts: 10
2026-5-20 10:30:48-debug:   Number of other assets: 338
2026-5-20 10:30:48-debug: Init bundle root assets success..., progress: 0%
2026-5-20 10:30:48-debug: // ---- build task 查询 Asset Bundle ---- (4ms)
2026-5-20 10:30:48-log: run build task 查询 Asset Bundle success in 4 ms√, progress: 5%
2026-5-20 10:30:48-debug: [Build Memory track]: 查询 Asset Bundle start:238.93MB, end 238.54MB, increase: -401.85KB
2026-5-20 10:30:48-debug: 查询 Asset Bundle start, progress: 5%
2026-5-20 10:30:48-debug: // ---- build task 查询 Asset Bundle ----
2026-5-20 10:30:48-debug: // ---- build task 查询 Asset Bundle ---- (1ms)
2026-5-20 10:30:48-log: run build task 查询 Asset Bundle success in 1 ms√, progress: 10%
2026-5-20 10:30:48-debug: 整理部分构建选项内数据到 settings.json start, progress: 10%
2026-5-20 10:30:48-debug: [Build Memory track]: 查询 Asset Bundle start:238.56MB, end 238.67MB, increase: 104.92KB
2026-5-20 10:30:48-debug: // ---- build task 整理部分构建选项内数据到 settings.json ----
2026-5-20 10:30:48-debug: // ---- build task 整理部分构建选项内数据到 settings.json ---- (1ms)
2026-5-20 10:30:48-log: run build task 整理部分构建选项内数据到 settings.json success in 1 ms√, progress: 12%
2026-5-20 10:30:48-debug: [Build Memory track]: 整理部分构建选项内数据到 settings.json start:238.69MB, end 238.72MB, increase: 25.04KB
2026-5-20 10:30:48-debug: 填充脚本数据到 settings.json start, progress: 12%
2026-5-20 10:30:48-debug: // ---- build task 填充脚本数据到 settings.json ----
2026-5-20 10:30:48-log: run build task 填充脚本数据到 settings.json success in √, progress: 13%
2026-5-20 10:30:48-debug: [Build Memory track]: 填充脚本数据到 settings.json start:238.75MB, end 238.76MB, increase: 15.75KB
2026-5-20 10:30:48-debug: 整理部分构建选项内数据到 settings.json start, progress: 13%
2026-5-20 10:30:48-debug: // ---- build task 整理部分构建选项内数据到 settings.json ----
2026-5-20 10:30:48-debug: // ---- build task 整理部分构建选项内数据到 settings.json ---- (2ms)
2026-5-20 10:30:48-log: run build task 整理部分构建选项内数据到 settings.json success in 2 ms√, progress: 15%
2026-5-20 10:30:48-debug: [Build Memory track]: 整理部分构建选项内数据到 settings.json start:238.79MB, end 238.91MB, increase: 122.78KB
2026-5-20 10:30:55-debug: %cImport%c: /Users/xiejianfeng/Downloads/Zuma/assets/Prefab/blueball.prefabbackground: #aaff85; color: #000;color: #000;
2026-5-20 10:30:55-debug: asset-db:reimport-asset057fd5d8-92b4-4fd2-a19c-499722dcb9df (8ms)
2026-5-20 10:31:03-debug: refresh db internal success
2026-5-20 10:31:03-debug: %cImport%c: /Users/xiejianfeng/Downloads/Zuma/assets/Script/BallCollision.tsbackground: #aaff85; color: #000;color: #000;
2026-5-20 10:31:03-debug: refresh db assets success
2026-5-20 10:31:03-debug: Run asset db hook engine-extends:afterRefresh ...
2026-5-20 10:31:03-debug: Run asset db hook engine-extends:afterRefresh success!
2026-5-20 10:31:03-debug: asset-db:refresh-all-database (36ms)
2026-5-20 10:31:03-debug: asset-db:worker-effect-data-processing (2ms)
2026-5-20 10:31:03-debug: asset-db-hook-engine-extends-afterRefresh (2ms)
2026-5-20 10:31:04-debug: %cImport%c: /Users/xiejianfeng/Downloads/Zuma/assets/Prefab/blueball.prefabbackground: #aaff85; color: #000;color: #000;
2026-5-20 10:31:04-debug: asset-db:reimport-asset057fd5d8-92b4-4fd2-a19c-499722dcb9df (7ms)
2026-5-20 10:31:05-debug: Query all assets info in project
2026-5-20 10:31:05-debug: init custom config: keepNodeUuid: false, useCache: true
2026-5-20 10:31:05-debug: Skip compress image, progress: 0%
2026-5-20 10:31:05-debug: Init all bundles start..., progress: 0%
2026-5-20 10:31:05-debug: Num of bundles: 2..., progress: 0%
2026-5-20 10:31:05-debug: // ---- build task 查询 Asset Bundle ----
2026-5-20 10:31:05-debug: 查询 Asset Bundle start, progress: 0%
2026-5-20 10:31:05-debug: Init bundle root assets start..., progress: 0%
2026-5-20 10:31:05-debug: Query preload assets/scripts from cc.config.json: 60f7195c-ec2a-45eb-ba94-8955f60e81d0,1c02ae6f-4492-4915-b8f8-7492a3b1e4cd,810e96e4-e456-4468-9b59-f4e8f39732c0,efe8e2a3-eace-427b-b4f1-cb8a937ec77d,e9aa9a3e-5b2b-4ac7-a2c7-073de2b2b24f,8bbdbcdd-5cd4-4100-b6d5-b7c9625b6107,50f4348b-c883-4e2f-8f11-ce233b859fa1,fda095cb-831d-4601-ad94-846013963de8,f92806d7-1768-443f-afe8-12bcde84d0f0,dd3a144d-ab7f-41f0-82b8-2e43a090d496,f0416e68-0200-4b77-a926-4f9d16e494da,970b0598-bcb0-4714-91fb-2e81440dccd8,bcd64cc6-2dd9-43f6-abbe-66318d332032,d930590d-bb92-4cc8-8bd1-23cd027f9edf,a3cd009f-0ab0-420d-9278-b9fdab939bbc,6a2d0734-bd9e-4ddf-946e-caa52498cb75,c27215d8-6835-4b68-bfbb-bdeac6100c04,b5d6115f-0370-4d7c-aad3-c194cc71cf98,871c3b6c-7379-419d-bda3-794b239ab90d,ff9b0199-ce04-4cfe-86cc-6c719f08d6e4,de1c2107-70c8-4021-8459-6399f24d01c6,cbf30902-517f-40dc-af90-a550bac27cf1,5c601d96-e4c7-4698-991b-7ee674b11079
2026-5-20 10:31:05-debug:   Number of other assets: 338
2026-5-20 10:31:05-debug:   Number of all scenes: 2
2026-5-20 10:31:05-debug:   Number of all scripts: 10
2026-5-20 10:31:05-debug: Init bundle root assets success..., progress: 0%
2026-5-20 10:31:05-debug: // ---- build task 查询 Asset Bundle ---- (4ms)
2026-5-20 10:31:05-log: run build task 查询 Asset Bundle success in 4 ms√, progress: 5%
2026-5-20 10:31:05-debug: [Build Memory track]: 查询 Asset Bundle start:239.45MB, end 239.05MB, increase: -408.64KB
2026-5-20 10:31:05-debug: 查询 Asset Bundle start, progress: 5%
2026-5-20 10:31:05-debug: // ---- build task 查询 Asset Bundle ----
2026-5-20 10:31:05-debug: [Build Memory track]: 查询 Asset Bundle start:239.08MB, end 239.18MB, increase: 104.98KB
2026-5-20 10:31:05-log: run build task 查询 Asset Bundle success in 1 ms√, progress: 10%
2026-5-20 10:31:05-debug: // ---- build task 查询 Asset Bundle ---- (1ms)
2026-5-20 10:31:05-debug: 整理部分构建选项内数据到 settings.json start, progress: 10%
2026-5-20 10:31:05-debug: // ---- build task 整理部分构建选项内数据到 settings.json ----
2026-5-20 10:31:05-log: run build task 整理部分构建选项内数据到 settings.json success in √, progress: 12%
2026-5-20 10:31:05-debug: [Build Memory track]: 整理部分构建选项内数据到 settings.json start:239.21MB, end 239.23MB, increase: 16.32KB
2026-5-20 10:31:05-debug: 填充脚本数据到 settings.json start, progress: 12%
2026-5-20 10:31:05-debug: // ---- build task 填充脚本数据到 settings.json ----
2026-5-20 10:31:05-debug: // ---- build task 填充脚本数据到 settings.json ---- (1ms)
2026-5-20 10:31:05-debug: [Build Memory track]: 填充脚本数据到 settings.json start:239.25MB, end 239.28MB, increase: 23.67KB
2026-5-20 10:31:05-debug: 整理部分构建选项内数据到 settings.json start, progress: 13%
2026-5-20 10:31:05-log: run build task 填充脚本数据到 settings.json success in 1 ms√, progress: 13%
2026-5-20 10:31:05-debug: // ---- build task 整理部分构建选项内数据到 settings.json ----
2026-5-20 10:31:05-debug: // ---- build task 整理部分构建选项内数据到 settings.json ---- (3ms)
2026-5-20 10:31:05-log: run build task 整理部分构建选项内数据到 settings.json success in 3 ms√, progress: 15%
2026-5-20 10:31:05-debug: [Build Memory track]: 整理部分构建选项内数据到 settings.json start:239.30MB, end 239.42MB, increase: 122.68KB
2026-5-20 10:31:36-debug: refresh db internal success
2026-5-20 10:31:36-debug: %cImport%c: /Users/xiejianfeng/Downloads/Zuma/assets/Script/BallCollision.tsbackground: #aaff85; color: #000;color: #000;
2026-5-20 10:31:36-debug: refresh db assets success
2026-5-20 10:31:36-debug: Run asset db hook engine-extends:afterRefresh ...
2026-5-20 10:31:36-debug: Run asset db hook engine-extends:afterRefresh success!
2026-5-20 10:31:36-debug: asset-db:refresh-all-database (60ms)
2026-5-20 10:31:36-debug: asset-db-hook-engine-extends-afterRefresh (4ms)
2026-5-20 10:31:36-debug: asset-db:worker-effect-data-processing (3ms)
2026-5-20 10:31:37-debug: %cImport%c: /Users/xiejianfeng/Downloads/Zuma/assets/Prefab/blueball.prefabbackground: #aaff85; color: #000;color: #000;
2026-5-20 10:31:37-debug: asset-db:reimport-asset057fd5d8-92b4-4fd2-a19c-499722dcb9df (6ms)
2026-5-20 10:31:38-debug: Query all assets info in project
2026-5-20 10:31:38-debug: init custom config: keepNodeUuid: false, useCache: true
2026-5-20 10:31:38-debug: Skip compress image, progress: 0%
2026-5-20 10:31:38-debug: Init all bundles start..., progress: 0%
2026-5-20 10:31:38-debug: Num of bundles: 2..., progress: 0%
2026-5-20 10:31:38-debug: 查询 Asset Bundle start, progress: 0%
2026-5-20 10:31:38-debug: // ---- build task 查询 Asset Bundle ----
2026-5-20 10:31:38-debug: Init bundle root assets start..., progress: 0%
2026-5-20 10:31:38-debug: Query preload assets/scripts from cc.config.json: 60f7195c-ec2a-45eb-ba94-8955f60e81d0,1c02ae6f-4492-4915-b8f8-7492a3b1e4cd,810e96e4-e456-4468-9b59-f4e8f39732c0,efe8e2a3-eace-427b-b4f1-cb8a937ec77d,e9aa9a3e-5b2b-4ac7-a2c7-073de2b2b24f,8bbdbcdd-5cd4-4100-b6d5-b7c9625b6107,50f4348b-c883-4e2f-8f11-ce233b859fa1,fda095cb-831d-4601-ad94-846013963de8,f92806d7-1768-443f-afe8-12bcde84d0f0,dd3a144d-ab7f-41f0-82b8-2e43a090d496,f0416e68-0200-4b77-a926-4f9d16e494da,970b0598-bcb0-4714-91fb-2e81440dccd8,bcd64cc6-2dd9-43f6-abbe-66318d332032,d930590d-bb92-4cc8-8bd1-23cd027f9edf,a3cd009f-0ab0-420d-9278-b9fdab939bbc,6a2d0734-bd9e-4ddf-946e-caa52498cb75,c27215d8-6835-4b68-bfbb-bdeac6100c04,b5d6115f-0370-4d7c-aad3-c194cc71cf98,871c3b6c-7379-419d-bda3-794b239ab90d,ff9b0199-ce04-4cfe-86cc-6c719f08d6e4,de1c2107-70c8-4021-8459-6399f24d01c6,cbf30902-517f-40dc-af90-a550bac27cf1,5c601d96-e4c7-4698-991b-7ee674b11079
2026-5-20 10:31:38-debug: Init bundle root assets success..., progress: 0%
2026-5-20 10:31:38-debug:   Number of all scripts: 10
2026-5-20 10:31:38-debug:   Number of other assets: 338
2026-5-20 10:31:38-debug:   Number of all scenes: 2
2026-5-20 10:31:38-debug: // ---- build task 查询 Asset Bundle ---- (4ms)
2026-5-20 10:31:38-debug: [Build Memory track]: 查询 Asset Bundle start:239.97MB, end 239.57MB, increase: -410.68KB
2026-5-20 10:31:38-debug: 查询 Asset Bundle start, progress: 5%
2026-5-20 10:31:38-debug: // ---- build task 查询 Asset Bundle ----
2026-5-20 10:31:38-log: run build task 查询 Asset Bundle success in 4 ms√, progress: 5%
2026-5-20 10:31:38-debug: // ---- build task 查询 Asset Bundle ---- (1ms)
2026-5-20 10:31:38-log: run build task 查询 Asset Bundle success in 1 ms√, progress: 10%
2026-5-20 10:31:38-debug: 整理部分构建选项内数据到 settings.json start, progress: 10%
2026-5-20 10:31:38-debug: [Build Memory track]: 查询 Asset Bundle start:239.59MB, end 239.70MB, increase: 104.98KB
2026-5-20 10:31:38-debug: // ---- build task 整理部分构建选项内数据到 settings.json ----
2026-5-20 10:31:38-log: run build task 整理部分构建选项内数据到 settings.json success in √, progress: 12%
2026-5-20 10:31:38-debug: [Build Memory track]: 整理部分构建选项内数据到 settings.json start:239.72MB, end 239.74MB, increase: 16.21KB
2026-5-20 10:31:38-debug: // ---- build task 填充脚本数据到 settings.json ----
2026-5-20 10:31:38-debug: 填充脚本数据到 settings.json start, progress: 12%
2026-5-20 10:31:38-debug: // ---- build task 填充脚本数据到 settings.json ---- (1ms)
2026-5-20 10:31:38-debug: [Build Memory track]: 填充脚本数据到 settings.json start:239.77MB, end 239.79MB, increase: 23.61KB
2026-5-20 10:31:38-debug: 整理部分构建选项内数据到 settings.json start, progress: 13%
2026-5-20 10:31:38-debug: // ---- build task 整理部分构建选项内数据到 settings.json ----
2026-5-20 10:31:38-log: run build task 填充脚本数据到 settings.json success in 1 ms√, progress: 13%
2026-5-20 10:31:38-debug: // ---- build task 整理部分构建选项内数据到 settings.json ---- (4ms)
2026-5-20 10:31:38-log: run build task 整理部分构建选项内数据到 settings.json success in 4 ms√, progress: 15%
2026-5-20 10:31:38-debug: [Build Memory track]: 整理部分构建选项内数据到 settings.json start:239.82MB, end 239.94MB, increase: 126.68KB
2026-5-20 10:32:58-debug: refresh db internal success
2026-5-20 10:32:58-debug: %cImport%c: /Users/xiejianfeng/Downloads/Zuma/assets/Script/BallCollision.tsbackground: #aaff85; color: #000;color: #000;
2026-5-20 10:32:58-debug: refresh db assets success
2026-5-20 10:32:58-debug: Run asset db hook engine-extends:afterRefresh success!
2026-5-20 10:32:58-debug: Run asset db hook engine-extends:afterRefresh ...
2026-5-20 10:32:58-debug: asset-db:refresh-all-database (47ms)
2026-5-20 10:32:58-debug: asset-db:worker-effect-data-processing (2ms)
2026-5-20 10:32:58-debug: asset-db-hook-engine-extends-afterRefresh (3ms)
2026-5-20 10:32:59-debug: %cImport%c: /Users/xiejianfeng/Downloads/Zuma/assets/Prefab/blueball.prefabbackground: #aaff85; color: #000;color: #000;
2026-5-20 10:32:59-debug: asset-db:reimport-asset057fd5d8-92b4-4fd2-a19c-499722dcb9df (6ms)
2026-5-20 10:33:00-debug: Query all assets info in project
2026-5-20 10:33:00-debug: init custom config: keepNodeUuid: false, useCache: true
2026-5-20 10:33:00-debug: Skip compress image, progress: 0%
2026-5-20 10:33:00-debug: Init all bundles start..., progress: 0%
2026-5-20 10:33:00-debug: 查询 Asset Bundle start, progress: 0%
2026-5-20 10:33:00-debug: // ---- build task 查询 Asset Bundle ----
2026-5-20 10:33:00-debug: Init bundle root assets start..., progress: 0%
2026-5-20 10:33:00-debug: Num of bundles: 2..., progress: 0%
2026-5-20 10:33:00-debug: Query preload assets/scripts from cc.config.json: 60f7195c-ec2a-45eb-ba94-8955f60e81d0,1c02ae6f-4492-4915-b8f8-7492a3b1e4cd,810e96e4-e456-4468-9b59-f4e8f39732c0,efe8e2a3-eace-427b-b4f1-cb8a937ec77d,e9aa9a3e-5b2b-4ac7-a2c7-073de2b2b24f,8bbdbcdd-5cd4-4100-b6d5-b7c9625b6107,50f4348b-c883-4e2f-8f11-ce233b859fa1,fda095cb-831d-4601-ad94-846013963de8,f92806d7-1768-443f-afe8-12bcde84d0f0,dd3a144d-ab7f-41f0-82b8-2e43a090d496,f0416e68-0200-4b77-a926-4f9d16e494da,970b0598-bcb0-4714-91fb-2e81440dccd8,bcd64cc6-2dd9-43f6-abbe-66318d332032,d930590d-bb92-4cc8-8bd1-23cd027f9edf,a3cd009f-0ab0-420d-9278-b9fdab939bbc,6a2d0734-bd9e-4ddf-946e-caa52498cb75,c27215d8-6835-4b68-bfbb-bdeac6100c04,b5d6115f-0370-4d7c-aad3-c194cc71cf98,871c3b6c-7379-419d-bda3-794b239ab90d,ff9b0199-ce04-4cfe-86cc-6c719f08d6e4,de1c2107-70c8-4021-8459-6399f24d01c6,cbf30902-517f-40dc-af90-a550bac27cf1,5c601d96-e4c7-4698-991b-7ee674b11079
2026-5-20 10:33:00-debug:   Number of all scripts: 10
2026-5-20 10:33:00-debug: Init bundle root assets success..., progress: 0%
2026-5-20 10:33:00-debug:   Number of other assets: 338
2026-5-20 10:33:00-debug:   Number of all scenes: 2
2026-5-20 10:33:00-debug: // ---- build task 查询 Asset Bundle ---- (4ms)
2026-5-20 10:33:00-log: run build task 查询 Asset Bundle success in 4 ms√, progress: 5%
2026-5-20 10:33:00-debug: [Build Memory track]: 查询 Asset Bundle start:240.46MB, end 240.06MB, increase: -408.89KB
2026-5-20 10:33:00-debug: 查询 Asset Bundle start, progress: 5%
2026-5-20 10:33:00-debug: // ---- build task 查询 Asset Bundle ----
2026-5-20 10:33:00-debug: // ---- build task 查询 Asset Bundle ---- (1ms)
2026-5-20 10:33:00-log: run build task 查询 Asset Bundle success in 1 ms√, progress: 10%
2026-5-20 10:33:00-debug: [Build Memory track]: 查询 Asset Bundle start:240.09MB, end 240.19MB, increase: 105.00KB
2026-5-20 10:33:00-debug: 整理部分构建选项内数据到 settings.json start, progress: 10%
2026-5-20 10:33:00-debug: // ---- build task 整理部分构建选项内数据到 settings.json ----
2026-5-20 10:33:00-debug: // ---- build task 整理部分构建选项内数据到 settings.json ---- (1ms)
2026-5-20 10:33:00-debug: [Build Memory track]: 整理部分构建选项内数据到 settings.json start:240.22MB, end 240.24MB, increase: 25.01KB
2026-5-20 10:33:00-log: run build task 整理部分构建选项内数据到 settings.json success in 1 ms√, progress: 12%
2026-5-20 10:33:00-debug: // ---- build task 填充脚本数据到 settings.json ----
2026-5-20 10:33:00-debug: 填充脚本数据到 settings.json start, progress: 12%
2026-5-20 10:33:00-debug: // ---- build task 填充脚本数据到 settings.json ---- (1ms)
2026-5-20 10:33:00-log: run build task 填充脚本数据到 settings.json success in 1 ms√, progress: 13%
2026-5-20 10:33:00-debug: [Build Memory track]: 填充脚本数据到 settings.json start:240.27MB, end 240.29MB, increase: 24.40KB
2026-5-20 10:33:00-debug: 整理部分构建选项内数据到 settings.json start, progress: 13%
2026-5-20 10:33:00-debug: // ---- build task 整理部分构建选项内数据到 settings.json ----
2026-5-20 10:33:00-debug: // ---- build task 整理部分构建选项内数据到 settings.json ---- (4ms)
2026-5-20 10:33:00-log: run build task 整理部分构建选项内数据到 settings.json success in 4 ms√, progress: 15%
2026-5-20 10:33:00-debug: [Build Memory track]: 整理部分构建选项内数据到 settings.json start:240.32MB, end 240.44MB, increase: 122.76KB
2026-5-20 10:35:33-debug: refresh db internal success
2026-5-20 10:35:33-debug: %cImport%c: /Users/xiejianfeng/Downloads/Zuma/assets/Script/ZumaCurvePath.tsbackground: #aaff85; color: #000;color: #000;
2026-5-20 10:35:33-debug: refresh db assets success
2026-5-20 10:35:33-debug: Run asset db hook engine-extends:afterRefresh ...
2026-5-20 10:35:33-debug: Run asset db hook engine-extends:afterRefresh success!
2026-5-20 10:35:33-debug: asset-db:refresh-all-database (41ms)
2026-5-20 10:35:33-debug: asset-db:worker-effect-data-processing (1ms)
2026-5-20 10:35:33-debug: asset-db-hook-engine-extends-afterRefresh (2ms)
2026-5-20 10:35:34-debug: %cImport%c: /Users/xiejianfeng/Downloads/Zuma/assets/Prefab/blueball.prefabbackground: #aaff85; color: #000;color: #000;
2026-5-20 10:35:34-debug: asset-db:reimport-asset057fd5d8-92b4-4fd2-a19c-499722dcb9df (3ms)
2026-5-20 10:35:35-debug: Query all assets info in project
2026-5-20 10:35:35-debug: init custom config: keepNodeUuid: false, useCache: true
2026-5-20 10:35:35-debug: Skip compress image, progress: 0%
2026-5-20 10:35:35-debug: Init all bundles start..., progress: 0%
2026-5-20 10:35:35-debug: Num of bundles: 2..., progress: 0%
2026-5-20 10:35:35-debug: 查询 Asset Bundle start, progress: 0%
2026-5-20 10:35:35-debug: // ---- build task 查询 Asset Bundle ----
2026-5-20 10:35:35-debug: Init bundle root assets start..., progress: 0%
2026-5-20 10:35:35-debug: Query preload assets/scripts from cc.config.json: 60f7195c-ec2a-45eb-ba94-8955f60e81d0,1c02ae6f-4492-4915-b8f8-7492a3b1e4cd,810e96e4-e456-4468-9b59-f4e8f39732c0,efe8e2a3-eace-427b-b4f1-cb8a937ec77d,e9aa9a3e-5b2b-4ac7-a2c7-073de2b2b24f,8bbdbcdd-5cd4-4100-b6d5-b7c9625b6107,50f4348b-c883-4e2f-8f11-ce233b859fa1,fda095cb-831d-4601-ad94-846013963de8,f92806d7-1768-443f-afe8-12bcde84d0f0,dd3a144d-ab7f-41f0-82b8-2e43a090d496,f0416e68-0200-4b77-a926-4f9d16e494da,970b0598-bcb0-4714-91fb-2e81440dccd8,bcd64cc6-2dd9-43f6-abbe-66318d332032,d930590d-bb92-4cc8-8bd1-23cd027f9edf,a3cd009f-0ab0-420d-9278-b9fdab939bbc,6a2d0734-bd9e-4ddf-946e-caa52498cb75,c27215d8-6835-4b68-bfbb-bdeac6100c04,b5d6115f-0370-4d7c-aad3-c194cc71cf98,871c3b6c-7379-419d-bda3-794b239ab90d,ff9b0199-ce04-4cfe-86cc-6c719f08d6e4,de1c2107-70c8-4021-8459-6399f24d01c6,cbf30902-517f-40dc-af90-a550bac27cf1,5c601d96-e4c7-4698-991b-7ee674b11079
2026-5-20 10:35:35-debug:   Number of all scenes: 2
2026-5-20 10:35:35-debug:   Number of other assets: 338
2026-5-20 10:35:35-debug:   Number of all scripts: 10
2026-5-20 10:35:35-debug: Init bundle root assets success..., progress: 0%
2026-5-20 10:35:35-debug: // ---- build task 查询 Asset Bundle ---- (4ms)
2026-5-20 10:35:35-debug: // ---- build task 查询 Asset Bundle ----
2026-5-20 10:35:35-debug: [Build Memory track]: 查询 Asset Bundle start:240.83MB, end 240.43MB, increase: -407.32KB
2026-5-20 10:35:35-debug: 查询 Asset Bundle start, progress: 5%
2026-5-20 10:35:35-log: run build task 查询 Asset Bundle success in 4 ms√, progress: 5%
2026-5-20 10:35:35-debug: // ---- build task 查询 Asset Bundle ---- (2ms)
2026-5-20 10:35:35-log: run build task 查询 Asset Bundle success in 2 ms√, progress: 10%
2026-5-20 10:35:35-debug: // ---- build task 整理部分构建选项内数据到 settings.json ----
2026-5-20 10:35:35-debug: [Build Memory track]: 查询 Asset Bundle start:240.46MB, end 240.56MB, increase: 104.92KB
2026-5-20 10:35:35-debug: 整理部分构建选项内数据到 settings.json start, progress: 10%
2026-5-20 10:35:35-log: run build task 整理部分构建选项内数据到 settings.json success in √, progress: 12%
2026-5-20 10:35:35-debug: [Build Memory track]: 整理部分构建选项内数据到 settings.json start:240.59MB, end 240.61MB, increase: 16.27KB
2026-5-20 10:35:35-debug: // ---- build task 填充脚本数据到 settings.json ----
2026-5-20 10:35:35-debug: 填充脚本数据到 settings.json start, progress: 12%
2026-5-20 10:35:35-log: run build task 填充脚本数据到 settings.json success in √, progress: 13%
2026-5-20 10:35:35-debug: [Build Memory track]: 填充脚本数据到 settings.json start:240.63MB, end 240.65MB, increase: 14.70KB
2026-5-20 10:35:35-debug: // ---- build task 整理部分构建选项内数据到 settings.json ----
2026-5-20 10:35:35-debug: 整理部分构建选项内数据到 settings.json start, progress: 13%
2026-5-20 10:35:35-debug: // ---- build task 整理部分构建选项内数据到 settings.json ---- (4ms)
2026-5-20 10:35:35-log: run build task 整理部分构建选项内数据到 settings.json success in 4 ms√, progress: 15%
2026-5-20 10:35:35-debug: [Build Memory track]: 整理部分构建选项内数据到 settings.json start:240.68MB, end 240.81MB, increase: 140.34KB
2026-5-20 10:36:16-debug: refresh db internal success
2026-5-20 10:36:16-debug: refresh db assets success
2026-5-20 10:36:16-debug: Run asset db hook engine-extends:afterRefresh ...
2026-5-20 10:36:16-debug: Run asset db hook engine-extends:afterRefresh success!
2026-5-20 10:36:16-debug: asset-db:refresh-all-database (38ms)
2026-5-20 10:36:16-debug: asset-db:worker-effect-data-processing (1ms)
2026-5-20 10:36:16-debug: asset-db-hook-engine-extends-afterRefresh (1ms)
2026-5-20 10:36:27-debug: %cImport%c: /Users/xiejianfeng/Downloads/Zuma/assets/Prefab/greenball.prefabbackground: #aaff85; color: #000;color: #000;
2026-5-20 10:36:27-debug: asset-db:reimport-assetb2172737-b3d3-4abd-83f6-bc6f91dee69d (9ms)
2026-5-20 10:36:41-debug: refresh db internal success
2026-5-20 10:36:41-debug: refresh db assets success
2026-5-20 10:36:41-debug: Run asset db hook engine-extends:afterRefresh ...
2026-5-20 10:36:41-debug: Run asset db hook engine-extends:afterRefresh success!
2026-5-20 10:36:41-debug: asset-db:refresh-all-database (31ms)
2026-5-20 10:36:41-debug: asset-db:worker-effect-data-processing (1ms)
2026-5-20 10:36:41-debug: asset-db-hook-engine-extends-afterRefresh (1ms)
2026-5-20 10:36:46-debug: %cImport%c: /Users/xiejianfeng/Downloads/Zuma/assets/Prefab/purpleball.prefabbackground: #aaff85; color: #000;color: #000;
2026-5-20 10:36:46-debug: asset-db:reimport-assetd925c92c-a136-49bc-ab29-e3f5c827f7ea (6ms)
2026-5-20 10:36:49-debug: %cImport%c: /Users/xiejianfeng/Downloads/Zuma/assets/Prefab/purpleball.prefabbackground: #aaff85; color: #000;color: #000;
2026-5-20 10:36:49-debug: asset-db:reimport-assetd925c92c-a136-49bc-ab29-e3f5c827f7ea (10ms)
2026-5-20 10:36:58-debug: refresh db internal success
2026-5-20 10:36:58-debug: refresh db assets success
2026-5-20 10:36:58-debug: Run asset db hook engine-extends:afterRefresh ...
2026-5-20 10:36:58-debug: Run asset db hook engine-extends:afterRefresh success!
2026-5-20 10:36:58-debug: asset-db:refresh-all-database (32ms)
2026-5-20 10:36:58-debug: asset-db:worker-effect-data-processing (1ms)
2026-5-20 10:36:58-debug: asset-db-hook-engine-extends-afterRefresh (1ms)
2026-5-20 10:37:02-debug: %cImport%c: /Users/xiejianfeng/Downloads/Zuma/assets/Prefab/redball.prefabbackground: #aaff85; color: #000;color: #000;
2026-5-20 10:37:02-debug: asset-db:reimport-assetdf9fdd9b-4f58-4df2-8b0d-7aecc9a6daac (8ms)
2026-5-20 10:37:05-debug: %cImport%c: /Users/xiejianfeng/Downloads/Zuma/assets/Prefab/redball.prefabbackground: #aaff85; color: #000;color: #000;
2026-5-20 10:37:05-debug: asset-db:reimport-assetdf9fdd9b-4f58-4df2-8b0d-7aecc9a6daac (10ms)
2026-5-20 10:37:10-debug: refresh db internal success
2026-5-20 10:37:10-debug: refresh db assets success
2026-5-20 10:37:10-debug: Run asset db hook engine-extends:afterRefresh ...
2026-5-20 10:37:10-debug: Run asset db hook engine-extends:afterRefresh success!
2026-5-20 10:37:10-debug: asset-db:refresh-all-database (28ms)
2026-5-20 10:37:10-debug: asset-db-hook-engine-extends-afterRefresh (1ms)
2026-5-20 10:37:13-debug: %cImport%c: /Users/xiejianfeng/Downloads/Zuma/assets/Prefab/yellowball.prefabbackground: #aaff85; color: #000;color: #000;
2026-5-20 10:37:13-debug: asset-db:reimport-asset82911afa-a713-4522-99c2-437f3fd9e61a (10ms)
2026-5-20 10:37:15-debug: Query all assets info in project
2026-5-20 10:37:15-debug: init custom config: keepNodeUuid: false, useCache: true
2026-5-20 10:37:15-debug: Skip compress image, progress: 0%
2026-5-20 10:37:15-debug: Init all bundles start..., progress: 0%
2026-5-20 10:37:15-debug: Init bundle root assets start..., progress: 0%
2026-5-20 10:37:15-debug: 查询 Asset Bundle start, progress: 0%
2026-5-20 10:37:15-debug: // ---- build task 查询 Asset Bundle ----
2026-5-20 10:37:15-debug: Num of bundles: 2..., progress: 0%
2026-5-20 10:37:15-debug: Query preload assets/scripts from cc.config.json: 60f7195c-ec2a-45eb-ba94-8955f60e81d0,1c02ae6f-4492-4915-b8f8-7492a3b1e4cd,810e96e4-e456-4468-9b59-f4e8f39732c0,efe8e2a3-eace-427b-b4f1-cb8a937ec77d,e9aa9a3e-5b2b-4ac7-a2c7-073de2b2b24f,8bbdbcdd-5cd4-4100-b6d5-b7c9625b6107,50f4348b-c883-4e2f-8f11-ce233b859fa1,fda095cb-831d-4601-ad94-846013963de8,f92806d7-1768-443f-afe8-12bcde84d0f0,dd3a144d-ab7f-41f0-82b8-2e43a090d496,f0416e68-0200-4b77-a926-4f9d16e494da,970b0598-bcb0-4714-91fb-2e81440dccd8,bcd64cc6-2dd9-43f6-abbe-66318d332032,d930590d-bb92-4cc8-8bd1-23cd027f9edf,a3cd009f-0ab0-420d-9278-b9fdab939bbc,6a2d0734-bd9e-4ddf-946e-caa52498cb75,c27215d8-6835-4b68-bfbb-bdeac6100c04,b5d6115f-0370-4d7c-aad3-c194cc71cf98,871c3b6c-7379-419d-bda3-794b239ab90d,ff9b0199-ce04-4cfe-86cc-6c719f08d6e4,de1c2107-70c8-4021-8459-6399f24d01c6,cbf30902-517f-40dc-af90-a550bac27cf1,5c601d96-e4c7-4698-991b-7ee674b11079
2026-5-20 10:37:15-debug: Init bundle root assets success..., progress: 0%
2026-5-20 10:37:15-debug:   Number of all scripts: 10
2026-5-20 10:37:15-debug:   Number of all scenes: 2
2026-5-20 10:37:15-debug:   Number of other assets: 338
2026-5-20 10:37:15-debug: // ---- build task 查询 Asset Bundle ---- (3ms)
2026-5-20 10:37:15-debug: [Build Memory track]: 查询 Asset Bundle start:242.65MB, end 242.40MB, increase: -257.05KB
2026-5-20 10:37:15-debug: 查询 Asset Bundle start, progress: 5%
2026-5-20 10:37:15-debug: // ---- build task 查询 Asset Bundle ----
2026-5-20 10:37:15-log: run build task 查询 Asset Bundle success in 3 ms√, progress: 5%
2026-5-20 10:37:15-debug: // ---- build task 查询 Asset Bundle ---- (1ms)
2026-5-20 10:37:15-log: run build task 查询 Asset Bundle success in 1 ms√, progress: 10%
2026-5-20 10:37:15-debug: 整理部分构建选项内数据到 settings.json start, progress: 10%
2026-5-20 10:37:15-debug: [Build Memory track]: 查询 Asset Bundle start:242.42MB, end 242.53MB, increase: 104.70KB
2026-5-20 10:37:15-debug: // ---- build task 整理部分构建选项内数据到 settings.json ----
2026-5-20 10:37:15-log: run build task 整理部分构建选项内数据到 settings.json success in √, progress: 12%
2026-5-20 10:37:15-debug: [Build Memory track]: 整理部分构建选项内数据到 settings.json start:242.55MB, end 242.57MB, increase: 16.08KB
2026-5-20 10:37:15-debug: 填充脚本数据到 settings.json start, progress: 12%
2026-5-20 10:37:15-debug: // ---- build task 填充脚本数据到 settings.json ----
2026-5-20 10:37:15-debug: // ---- build task 填充脚本数据到 settings.json ---- (1ms)
2026-5-20 10:37:15-log: run build task 填充脚本数据到 settings.json success in 1 ms√, progress: 13%
2026-5-20 10:37:15-debug: [Build Memory track]: 填充脚本数据到 settings.json start:242.60MB, end 242.62MB, increase: 23.58KB
2026-5-20 10:37:15-debug: 整理部分构建选项内数据到 settings.json start, progress: 13%
2026-5-20 10:37:15-debug: // ---- build task 整理部分构建选项内数据到 settings.json ----
2026-5-20 10:37:15-debug: // ---- build task 整理部分构建选项内数据到 settings.json ---- (3ms)
2026-5-20 10:37:15-log: run build task 整理部分构建选项内数据到 settings.json success in 3 ms√, progress: 15%
2026-5-20 10:37:15-debug: [Build Memory track]: 整理部分构建选项内数据到 settings.json start:242.65MB, end 242.77MB, increase: 122.40KB
2026-5-20 10:37:45-debug: Query all assets info in project
2026-5-20 10:37:45-debug: init custom config: keepNodeUuid: false, useCache: true
2026-5-20 10:37:45-debug: Skip compress image, progress: 0%
2026-5-20 10:37:45-debug: Init all bundles start..., progress: 0%
2026-5-20 10:37:45-debug: // ---- build task 查询 Asset Bundle ----
2026-5-20 10:37:45-debug: Init bundle root assets start..., progress: 0%
2026-5-20 10:37:45-debug: Num of bundles: 2..., progress: 0%
2026-5-20 10:37:45-debug: 查询 Asset Bundle start, progress: 0%
2026-5-20 10:37:45-debug: Query preload assets/scripts from cc.config.json: 60f7195c-ec2a-45eb-ba94-8955f60e81d0,1c02ae6f-4492-4915-b8f8-7492a3b1e4cd,810e96e4-e456-4468-9b59-f4e8f39732c0,efe8e2a3-eace-427b-b4f1-cb8a937ec77d,e9aa9a3e-5b2b-4ac7-a2c7-073de2b2b24f,8bbdbcdd-5cd4-4100-b6d5-b7c9625b6107,50f4348b-c883-4e2f-8f11-ce233b859fa1,fda095cb-831d-4601-ad94-846013963de8,f92806d7-1768-443f-afe8-12bcde84d0f0,dd3a144d-ab7f-41f0-82b8-2e43a090d496,f0416e68-0200-4b77-a926-4f9d16e494da,970b0598-bcb0-4714-91fb-2e81440dccd8,bcd64cc6-2dd9-43f6-abbe-66318d332032,d930590d-bb92-4cc8-8bd1-23cd027f9edf,a3cd009f-0ab0-420d-9278-b9fdab939bbc,6a2d0734-bd9e-4ddf-946e-caa52498cb75,c27215d8-6835-4b68-bfbb-bdeac6100c04,b5d6115f-0370-4d7c-aad3-c194cc71cf98,871c3b6c-7379-419d-bda3-794b239ab90d,ff9b0199-ce04-4cfe-86cc-6c719f08d6e4,de1c2107-70c8-4021-8459-6399f24d01c6,cbf30902-517f-40dc-af90-a550bac27cf1,5c601d96-e4c7-4698-991b-7ee674b11079
2026-5-20 10:37:45-debug: Init bundle root assets success..., progress: 0%
2026-5-20 10:37:45-debug:   Number of all scripts: 10
2026-5-20 10:37:45-debug:   Number of other assets: 338
2026-5-20 10:37:45-debug:   Number of all scenes: 2
2026-5-20 10:37:45-debug: // ---- build task 查询 Asset Bundle ---- (4ms)
2026-5-20 10:37:45-debug: [Build Memory track]: 查询 Asset Bundle start:243.08MB, end 242.66MB, increase: -433.66KB
2026-5-20 10:37:45-debug: // ---- build task 查询 Asset Bundle ----
2026-5-20 10:37:45-log: run build task 查询 Asset Bundle success in 4 ms√, progress: 5%
2026-5-20 10:37:45-debug: 查询 Asset Bundle start, progress: 5%
2026-5-20 10:37:45-debug: // ---- build task 查询 Asset Bundle ---- (1ms)
2026-5-20 10:37:45-debug: 整理部分构建选项内数据到 settings.json start, progress: 10%
2026-5-20 10:37:45-debug: [Build Memory track]: 查询 Asset Bundle start:242.69MB, end 242.79MB, increase: 104.70KB
2026-5-20 10:37:45-debug: // ---- build task 整理部分构建选项内数据到 settings.json ----
2026-5-20 10:37:45-log: run build task 查询 Asset Bundle success in 1 ms√, progress: 10%
2026-5-20 10:37:45-debug: // ---- build task 整理部分构建选项内数据到 settings.json ---- (1ms)
2026-5-20 10:37:45-debug: [Build Memory track]: 整理部分构建选项内数据到 settings.json start:242.82MB, end 242.84MB, increase: 24.73KB
2026-5-20 10:37:45-log: run build task 整理部分构建选项内数据到 settings.json success in 1 ms√, progress: 12%
2026-5-20 10:37:45-debug: // ---- build task 填充脚本数据到 settings.json ----
2026-5-20 10:37:45-debug: 填充脚本数据到 settings.json start, progress: 12%
2026-5-20 10:37:45-debug: // ---- build task 填充脚本数据到 settings.json ---- (1ms)
2026-5-20 10:37:45-debug: [Build Memory track]: 填充脚本数据到 settings.json start:242.87MB, end 242.89MB, increase: 24.27KB
2026-5-20 10:37:45-debug: // ---- build task 整理部分构建选项内数据到 settings.json ----
2026-5-20 10:37:45-log: run build task 填充脚本数据到 settings.json success in 1 ms√, progress: 13%
2026-5-20 10:37:45-debug: 整理部分构建选项内数据到 settings.json start, progress: 13%
2026-5-20 10:37:45-debug: // ---- build task 整理部分构建选项内数据到 settings.json ---- (3ms)
2026-5-20 10:37:45-log: run build task 整理部分构建选项内数据到 settings.json success in 3 ms√, progress: 15%
2026-5-20 10:37:45-debug: [Build Memory track]: 整理部分构建选项内数据到 settings.json start:242.92MB, end 243.04MB, increase: 122.33KB
2026-5-20 10:38:06-debug: Query all assets info in project
2026-5-20 10:38:06-debug: Skip compress image, progress: 0%
2026-5-20 10:38:06-debug: init custom config: keepNodeUuid: false, useCache: true
2026-5-20 10:38:06-debug: Num of bundles: 2..., progress: 0%
2026-5-20 10:38:06-debug: Init all bundles start..., progress: 0%
2026-5-20 10:38:06-debug: // ---- build task 查询 Asset Bundle ----
2026-5-20 10:38:06-debug: Init bundle root assets start..., progress: 0%
2026-5-20 10:38:06-debug: 查询 Asset Bundle start, progress: 0%
2026-5-20 10:38:06-debug:   Number of all scenes: 2
2026-5-20 10:38:06-log: run build task 查询 Asset Bundle success in 7 ms√, progress: 5%
2026-5-20 10:38:06-debug:   Number of all scripts: 10
2026-5-20 10:38:06-debug: Init bundle root assets success..., progress: 0%
2026-5-20 10:38:06-debug: [Build Memory track]: 查询 Asset Bundle start:243.29MB, end 242.99MB, increase: -307.25KB
2026-5-20 10:38:06-debug: 查询 Asset Bundle start, progress: 5%
2026-5-20 10:38:06-debug: // ---- build task 查询 Asset Bundle ----
2026-5-20 10:38:06-debug: Query preload assets/scripts from cc.config.json: 60f7195c-ec2a-45eb-ba94-8955f60e81d0,1c02ae6f-4492-4915-b8f8-7492a3b1e4cd,810e96e4-e456-4468-9b59-f4e8f39732c0,efe8e2a3-eace-427b-b4f1-cb8a937ec77d,e9aa9a3e-5b2b-4ac7-a2c7-073de2b2b24f,8bbdbcdd-5cd4-4100-b6d5-b7c9625b6107,50f4348b-c883-4e2f-8f11-ce233b859fa1,fda095cb-831d-4601-ad94-846013963de8,f92806d7-1768-443f-afe8-12bcde84d0f0,dd3a144d-ab7f-41f0-82b8-2e43a090d496,f0416e68-0200-4b77-a926-4f9d16e494da,970b0598-bcb0-4714-91fb-2e81440dccd8,bcd64cc6-2dd9-43f6-abbe-66318d332032,d930590d-bb92-4cc8-8bd1-23cd027f9edf,a3cd009f-0ab0-420d-9278-b9fdab939bbc,6a2d0734-bd9e-4ddf-946e-caa52498cb75,c27215d8-6835-4b68-bfbb-bdeac6100c04,b5d6115f-0370-4d7c-aad3-c194cc71cf98,871c3b6c-7379-419d-bda3-794b239ab90d,ff9b0199-ce04-4cfe-86cc-6c719f08d6e4,de1c2107-70c8-4021-8459-6399f24d01c6,cbf30902-517f-40dc-af90-a550bac27cf1,5c601d96-e4c7-4698-991b-7ee674b11079
2026-5-20 10:38:06-debug: // ---- build task 查询 Asset Bundle ---- (7ms)
2026-5-20 10:38:06-debug:   Number of other assets: 338
2026-5-20 10:38:06-log: run build task 查询 Asset Bundle success in 6 ms√, progress: 10%
2026-5-20 10:38:06-debug: [Build Memory track]: 查询 Asset Bundle start:243.01MB, end 243.12MB, increase: 107.29KB
2026-5-20 10:38:06-debug: 整理部分构建选项内数据到 settings.json start, progress: 10%
2026-5-20 10:38:06-debug: // ---- build task 整理部分构建选项内数据到 settings.json ----
2026-5-20 10:38:06-debug: // ---- build task 整理部分构建选项内数据到 settings.json ---- (1ms)
2026-5-20 10:38:06-log: run build task 整理部分构建选项内数据到 settings.json success in 1 ms√, progress: 12%
2026-5-20 10:38:06-debug: [Build Memory track]: 整理部分构建选项内数据到 settings.json start:243.15MB, end 243.17MB, increase: 21.64KB
2026-5-20 10:38:06-debug: 填充脚本数据到 settings.json start, progress: 12%
2026-5-20 10:38:06-debug: // ---- build task 填充脚本数据到 settings.json ----
2026-5-20 10:38:06-debug: // ---- build task 查询 Asset Bundle ---- (6ms)
2026-5-20 10:38:06-debug: // ---- build task 填充脚本数据到 settings.json ---- (3ms)
2026-5-20 10:38:06-log: run build task 填充脚本数据到 settings.json success in 3 ms√, progress: 13%
2026-5-20 10:38:06-debug: [Build Memory track]: 填充脚本数据到 settings.json start:243.19MB, end 243.22MB, increase: 23.77KB
2026-5-20 10:38:06-debug: 整理部分构建选项内数据到 settings.json start, progress: 13%
2026-5-20 10:38:06-debug: // ---- build task 整理部分构建选项内数据到 settings.json ----
2026-5-20 10:38:06-log: run build task 整理部分构建选项内数据到 settings.json success in 5 ms√, progress: 15%
2026-5-20 10:38:06-debug: // ---- build task 整理部分构建选项内数据到 settings.json ---- (5ms)
2026-5-20 10:38:06-debug: [Build Memory track]: 整理部分构建选项内数据到 settings.json start:243.24MB, end 242.63MB, increase: -632.28KB
2026-5-20 10:38:15-debug: %cImport%c: /Users/xiejianfeng/Downloads/Zuma/assets/Prefab/yellowball.prefabbackground: #aaff85; color: #000;color: #000;
2026-5-20 10:38:15-debug: asset-db:reimport-asset82911afa-a713-4522-99c2-437f3fd9e61a (11ms)
2026-5-20 10:38:15-debug: %cImport%c: /Users/xiejianfeng/Downloads/Zuma/assets/Scene/Map1.scenebackground: #aaff85; color: #000;color: #000;
2026-5-20 10:38:15-debug: asset-db:reimport-assetba60efc0-dcd1-4d9b-a1fc-495b102b261d (8ms)
2026-5-20 10:38:17-debug: Query all assets info in project
2026-5-20 10:38:17-debug: init custom config: keepNodeUuid: false, useCache: true
2026-5-20 10:38:17-debug: Skip compress image, progress: 0%
2026-5-20 10:38:17-debug: Init all bundles start..., progress: 0%
2026-5-20 10:38:17-debug: // ---- build task 查询 Asset Bundle ----
2026-5-20 10:38:17-debug: Num of bundles: 2..., progress: 0%
2026-5-20 10:38:17-debug: 查询 Asset Bundle start, progress: 0%
2026-5-20 10:38:17-debug: Init bundle root assets start..., progress: 0%
2026-5-20 10:38:17-debug: Query preload assets/scripts from cc.config.json: 60f7195c-ec2a-45eb-ba94-8955f60e81d0,1c02ae6f-4492-4915-b8f8-7492a3b1e4cd,810e96e4-e456-4468-9b59-f4e8f39732c0,efe8e2a3-eace-427b-b4f1-cb8a937ec77d,e9aa9a3e-5b2b-4ac7-a2c7-073de2b2b24f,8bbdbcdd-5cd4-4100-b6d5-b7c9625b6107,50f4348b-c883-4e2f-8f11-ce233b859fa1,fda095cb-831d-4601-ad94-846013963de8,f92806d7-1768-443f-afe8-12bcde84d0f0,dd3a144d-ab7f-41f0-82b8-2e43a090d496,f0416e68-0200-4b77-a926-4f9d16e494da,970b0598-bcb0-4714-91fb-2e81440dccd8,bcd64cc6-2dd9-43f6-abbe-66318d332032,d930590d-bb92-4cc8-8bd1-23cd027f9edf,a3cd009f-0ab0-420d-9278-b9fdab939bbc,6a2d0734-bd9e-4ddf-946e-caa52498cb75,c27215d8-6835-4b68-bfbb-bdeac6100c04,b5d6115f-0370-4d7c-aad3-c194cc71cf98,871c3b6c-7379-419d-bda3-794b239ab90d,ff9b0199-ce04-4cfe-86cc-6c719f08d6e4,de1c2107-70c8-4021-8459-6399f24d01c6,cbf30902-517f-40dc-af90-a550bac27cf1,5c601d96-e4c7-4698-991b-7ee674b11079
2026-5-20 10:38:17-debug: Init bundle root assets success..., progress: 0%
2026-5-20 10:38:17-debug:   Number of all scripts: 10
2026-5-20 10:38:17-debug:   Number of other assets: 338
2026-5-20 10:38:17-debug:   Number of all scenes: 2
2026-5-20 10:38:17-debug: // ---- build task 查询 Asset Bundle ---- (3ms)
2026-5-20 10:38:17-log: run build task 查询 Asset Bundle success in 3 ms√, progress: 5%
2026-5-20 10:38:17-debug: // ---- build task 查询 Asset Bundle ----
2026-5-20 10:38:17-debug: [Build Memory track]: 查询 Asset Bundle start:242.75MB, end 243.27MB, increase: 540.38KB
2026-5-20 10:38:17-debug: 查询 Asset Bundle start, progress: 5%
2026-5-20 10:38:17-debug: // ---- build task 查询 Asset Bundle ---- (2ms)
2026-5-20 10:38:17-debug: // ---- build task 整理部分构建选项内数据到 settings.json ----
2026-5-20 10:38:17-debug: [Build Memory track]: 查询 Asset Bundle start:243.30MB, end 242.64MB, increase: -675.50KB
2026-5-20 10:38:17-debug: 整理部分构建选项内数据到 settings.json start, progress: 10%
2026-5-20 10:38:17-log: run build task 查询 Asset Bundle success in 2 ms√, progress: 10%
2026-5-20 10:38:17-log: run build task 整理部分构建选项内数据到 settings.json success in √, progress: 12%
2026-5-20 10:38:17-debug: 填充脚本数据到 settings.json start, progress: 12%
2026-5-20 10:38:17-debug: [Build Memory track]: 整理部分构建选项内数据到 settings.json start:242.67MB, end 242.68MB, increase: 15.96KB
2026-5-20 10:38:17-debug: // ---- build task 填充脚本数据到 settings.json ----
2026-5-20 10:38:17-debug: // ---- build task 填充脚本数据到 settings.json ---- (2ms)
2026-5-20 10:38:17-log: run build task 填充脚本数据到 settings.json success in 2 ms√, progress: 13%
2026-5-20 10:38:17-debug: 整理部分构建选项内数据到 settings.json start, progress: 13%
2026-5-20 10:38:17-debug: // ---- build task 整理部分构建选项内数据到 settings.json ----
2026-5-20 10:38:17-debug: [Build Memory track]: 填充脚本数据到 settings.json start:242.71MB, end 242.73MB, increase: 23.57KB
2026-5-20 10:38:17-debug: // ---- build task 整理部分构建选项内数据到 settings.json ---- (2ms)
2026-5-20 10:38:17-log: run build task 整理部分构建选项内数据到 settings.json success in 2 ms√, progress: 15%
2026-5-20 10:38:17-debug: [Build Memory track]: 整理部分构建选项内数据到 settings.json start:242.76MB, end 242.88MB, increase: 125.70KB
2026-5-20 10:39:06-debug: refresh db internal success
2026-5-20 10:39:06-debug: %cImport%c: /Users/xiejianfeng/Downloads/Zuma/assets/Script/BallCollision.tsbackground: #aaff85; color: #000;color: #000;
2026-5-20 10:39:06-debug: refresh db assets success
2026-5-20 10:39:06-debug: Run asset db hook engine-extends:afterRefresh ...
2026-5-20 10:39:06-debug: Run asset db hook engine-extends:afterRefresh success!
2026-5-20 10:39:06-debug: asset-db:refresh-all-database (46ms)
2026-5-20 10:39:06-debug: asset-db:worker-effect-data-processing (1ms)
2026-5-20 10:39:06-debug: asset-db-hook-engine-extends-afterRefresh (2ms)
2026-5-20 10:39:07-debug: %cImport%c: /Users/xiejianfeng/Downloads/Zuma/assets/Scene/Map1.scenebackground: #aaff85; color: #000;color: #000;
2026-5-20 10:39:07-debug: asset-db:reimport-assetba60efc0-dcd1-4d9b-a1fc-495b102b261d (7ms)
2026-5-20 10:39:09-debug: Query all assets info in project
2026-5-20 10:39:09-debug: init custom config: keepNodeUuid: false, useCache: true
2026-5-20 10:39:09-debug: Skip compress image, progress: 0%
2026-5-20 10:39:09-debug: Init all bundles start..., progress: 0%
2026-5-20 10:39:09-debug: Num of bundles: 2..., progress: 0%
2026-5-20 10:39:09-debug: 查询 Asset Bundle start, progress: 0%
2026-5-20 10:39:09-debug: // ---- build task 查询 Asset Bundle ----
2026-5-20 10:39:09-debug: Init bundle root assets start..., progress: 0%
2026-5-20 10:39:09-debug: Query preload assets/scripts from cc.config.json: 60f7195c-ec2a-45eb-ba94-8955f60e81d0,1c02ae6f-4492-4915-b8f8-7492a3b1e4cd,810e96e4-e456-4468-9b59-f4e8f39732c0,efe8e2a3-eace-427b-b4f1-cb8a937ec77d,e9aa9a3e-5b2b-4ac7-a2c7-073de2b2b24f,8bbdbcdd-5cd4-4100-b6d5-b7c9625b6107,50f4348b-c883-4e2f-8f11-ce233b859fa1,fda095cb-831d-4601-ad94-846013963de8,f92806d7-1768-443f-afe8-12bcde84d0f0,dd3a144d-ab7f-41f0-82b8-2e43a090d496,f0416e68-0200-4b77-a926-4f9d16e494da,970b0598-bcb0-4714-91fb-2e81440dccd8,bcd64cc6-2dd9-43f6-abbe-66318d332032,d930590d-bb92-4cc8-8bd1-23cd027f9edf,a3cd009f-0ab0-420d-9278-b9fdab939bbc,6a2d0734-bd9e-4ddf-946e-caa52498cb75,c27215d8-6835-4b68-bfbb-bdeac6100c04,b5d6115f-0370-4d7c-aad3-c194cc71cf98,871c3b6c-7379-419d-bda3-794b239ab90d,ff9b0199-ce04-4cfe-86cc-6c719f08d6e4,de1c2107-70c8-4021-8459-6399f24d01c6,cbf30902-517f-40dc-af90-a550bac27cf1,5c601d96-e4c7-4698-991b-7ee674b11079
2026-5-20 10:39:09-debug:   Number of other assets: 338
2026-5-20 10:39:09-debug:   Number of all scripts: 10
2026-5-20 10:39:09-debug:   Number of all scenes: 2
2026-5-20 10:39:09-debug: Init bundle root assets success..., progress: 0%
2026-5-20 10:39:09-debug: // ---- build task 查询 Asset Bundle ---- (4ms)
2026-5-20 10:39:09-log: run build task 查询 Asset Bundle success in 4 ms√, progress: 5%
2026-5-20 10:39:09-debug: [Build Memory track]: 查询 Asset Bundle start:244.11MB, end 243.82MB, increase: -296.22KB
2026-5-20 10:39:09-debug: 查询 Asset Bundle start, progress: 5%
2026-5-20 10:39:09-debug: // ---- build task 查询 Asset Bundle ----
2026-5-20 10:39:09-debug: // ---- build task 查询 Asset Bundle ---- (2ms)
2026-5-20 10:39:09-log: run build task 查询 Asset Bundle success in 2 ms√, progress: 10%
2026-5-20 10:39:09-debug: [Build Memory track]: 查询 Asset Bundle start:243.85MB, end 243.95MB, increase: 104.56KB
2026-5-20 10:39:09-debug: 整理部分构建选项内数据到 settings.json start, progress: 10%
2026-5-20 10:39:09-debug: // ---- build task 整理部分构建选项内数据到 settings.json ----
2026-5-20 10:39:09-log: run build task 整理部分构建选项内数据到 settings.json success in √, progress: 12%
2026-5-20 10:39:09-debug: [Build Memory track]: 整理部分构建选项内数据到 settings.json start:243.98MB, end 244.00MB, increase: 16.04KB
2026-5-20 10:39:09-debug: // ---- build task 填充脚本数据到 settings.json ----
2026-5-20 10:39:09-debug: 填充脚本数据到 settings.json start, progress: 12%
2026-5-20 10:39:09-debug: [Build Memory track]: 填充脚本数据到 settings.json start:244.02MB, end 244.04MB, increase: 14.82KB
2026-5-20 10:39:09-log: run build task 填充脚本数据到 settings.json success in √, progress: 13%
2026-5-20 10:39:09-debug: // ---- build task 整理部分构建选项内数据到 settings.json ----
2026-5-20 10:39:09-debug: 整理部分构建选项内数据到 settings.json start, progress: 13%
2026-5-20 10:39:09-debug: // ---- build task 整理部分构建选项内数据到 settings.json ---- (4ms)
2026-5-20 10:39:09-log: run build task 整理部分构建选项内数据到 settings.json success in 4 ms√, progress: 15%
2026-5-20 10:39:09-debug: [Build Memory track]: 整理部分构建选项内数据到 settings.json start:244.06MB, end 243.45MB, increase: -629.49KB
2026-5-20 10:39:21-debug: %cImport%c: /Users/xiejianfeng/Downloads/Zuma/assets/Scene/Map1.scenebackground: #aaff85; color: #000;color: #000;
2026-5-20 10:39:21-debug: asset-db:reimport-assetba60efc0-dcd1-4d9b-a1fc-495b102b261d (11ms)
2026-5-20 10:39:26-debug: refresh db internal success
2026-5-20 10:39:26-debug: refresh db assets success
2026-5-20 10:39:26-debug: Run asset db hook engine-extends:afterRefresh ...
2026-5-20 10:39:26-debug: Run asset db hook engine-extends:afterRefresh success!
2026-5-20 10:39:26-debug: asset-db:refresh-all-database (60ms)
2026-5-20 10:39:26-debug: asset-db:worker-effect-data-processing (7ms)
2026-5-20 10:39:26-debug: asset-db-hook-engine-extends-afterRefresh (9ms)
2026-5-20 10:39:35-debug: Query all assets info in project
2026-5-20 10:39:35-debug: init custom config: keepNodeUuid: false, useCache: true
2026-5-20 10:39:35-debug: Skip compress image, progress: 0%
2026-5-20 10:39:35-debug: Init all bundles start..., progress: 0%
2026-5-20 10:39:35-debug: 查询 Asset Bundle start, progress: 0%
2026-5-20 10:39:35-debug: Init bundle root assets start..., progress: 0%
2026-5-20 10:39:35-debug: Num of bundles: 2..., progress: 0%
2026-5-20 10:39:35-debug: // ---- build task 查询 Asset Bundle ----
2026-5-20 10:39:35-debug: Query preload assets/scripts from cc.config.json: 60f7195c-ec2a-45eb-ba94-8955f60e81d0,1c02ae6f-4492-4915-b8f8-7492a3b1e4cd,810e96e4-e456-4468-9b59-f4e8f39732c0,efe8e2a3-eace-427b-b4f1-cb8a937ec77d,e9aa9a3e-5b2b-4ac7-a2c7-073de2b2b24f,8bbdbcdd-5cd4-4100-b6d5-b7c9625b6107,50f4348b-c883-4e2f-8f11-ce233b859fa1,fda095cb-831d-4601-ad94-846013963de8,f92806d7-1768-443f-afe8-12bcde84d0f0,dd3a144d-ab7f-41f0-82b8-2e43a090d496,f0416e68-0200-4b77-a926-4f9d16e494da,970b0598-bcb0-4714-91fb-2e81440dccd8,bcd64cc6-2dd9-43f6-abbe-66318d332032,d930590d-bb92-4cc8-8bd1-23cd027f9edf,a3cd009f-0ab0-420d-9278-b9fdab939bbc,6a2d0734-bd9e-4ddf-946e-caa52498cb75,c27215d8-6835-4b68-bfbb-bdeac6100c04,b5d6115f-0370-4d7c-aad3-c194cc71cf98,871c3b6c-7379-419d-bda3-794b239ab90d,ff9b0199-ce04-4cfe-86cc-6c719f08d6e4,de1c2107-70c8-4021-8459-6399f24d01c6,cbf30902-517f-40dc-af90-a550bac27cf1,5c601d96-e4c7-4698-991b-7ee674b11079
2026-5-20 10:39:35-debug:   Number of other assets: 338
2026-5-20 10:39:35-debug:   Number of all scripts: 10
2026-5-20 10:39:35-debug: Init bundle root assets success..., progress: 0%
2026-5-20 10:39:35-debug:   Number of all scenes: 2
2026-5-20 10:39:35-debug: // ---- build task 查询 Asset Bundle ---- (3ms)
2026-5-20 10:39:35-debug: [Build Memory track]: 查询 Asset Bundle start:244.61MB, end 244.36MB, increase: -250.07KB
2026-5-20 10:39:35-debug: 查询 Asset Bundle start, progress: 5%
2026-5-20 10:39:35-debug: // ---- build task 查询 Asset Bundle ----
2026-5-20 10:39:35-log: run build task 查询 Asset Bundle success in 3 ms√, progress: 5%
2026-5-20 10:39:35-debug: // ---- build task 查询 Asset Bundle ---- (2ms)
2026-5-20 10:39:35-debug: 整理部分构建选项内数据到 settings.json start, progress: 10%
2026-5-20 10:39:35-debug: [Build Memory track]: 查询 Asset Bundle start:244.39MB, end 244.49MB, increase: 104.59KB
2026-5-20 10:39:35-debug: // ---- build task 整理部分构建选项内数据到 settings.json ----
2026-5-20 10:39:35-log: run build task 查询 Asset Bundle success in 2 ms√, progress: 10%
2026-5-20 10:39:35-debug: // ---- build task 整理部分构建选项内数据到 settings.json ---- (1ms)
2026-5-20 10:39:35-log: run build task 整理部分构建选项内数据到 settings.json success in 1 ms√, progress: 12%
2026-5-20 10:39:35-debug: [Build Memory track]: 整理部分构建选项内数据到 settings.json start:244.52MB, end 244.54MB, increase: 24.73KB
2026-5-20 10:39:35-debug: 填充脚本数据到 settings.json start, progress: 12%
2026-5-20 10:39:35-debug: // ---- build task 填充脚本数据到 settings.json ----
2026-5-20 10:39:35-debug: // ---- build task 填充脚本数据到 settings.json ---- (1ms)
2026-5-20 10:39:35-debug: [Build Memory track]: 填充脚本数据到 settings.json start:244.57MB, end 244.59MB, increase: 25.34KB
2026-5-20 10:39:35-log: run build task 填充脚本数据到 settings.json success in 1 ms√, progress: 13%
2026-5-20 10:39:35-debug: 整理部分构建选项内数据到 settings.json start, progress: 13%
2026-5-20 10:39:35-debug: // ---- build task 整理部分构建选项内数据到 settings.json ----
2026-5-20 10:39:35-debug: // ---- build task 整理部分构建选项内数据到 settings.json ---- (3ms)
2026-5-20 10:39:35-log: run build task 整理部分构建选项内数据到 settings.json success in 3 ms√, progress: 15%
2026-5-20 10:39:35-debug: [Build Memory track]: 整理部分构建选项内数据到 settings.json start:244.62MB, end 244.00MB, increase: -633.26KB
2026-5-20 10:40:03-debug: %cImport%c: /Users/xiejianfeng/Downloads/Zuma/assets/Scene/Map1.scenebackground: #aaff85; color: #000;color: #000;
2026-5-20 10:40:03-debug: asset-db:reimport-assetba60efc0-dcd1-4d9b-a1fc-495b102b261d (10ms)
2026-5-20 10:40:23-debug: %cImport%c: /Users/xiejianfeng/Downloads/Zuma/assets/Prefab/greenball.prefabbackground: #aaff85; color: #000;color: #000;
2026-5-20 10:40:23-debug: asset-db:reimport-assetb2172737-b3d3-4abd-83f6-bc6f91dee69d (9ms)
2026-5-20 10:40:28-debug: %cImport%c: /Users/xiejianfeng/Downloads/Zuma/assets/Prefab/purpleball.prefabbackground: #aaff85; color: #000;color: #000;
2026-5-20 10:40:28-debug: asset-db:reimport-assetd925c92c-a136-49bc-ab29-e3f5c827f7ea (5ms)
2026-5-20 10:40:33-debug: %cImport%c: /Users/xiejianfeng/Downloads/Zuma/assets/Prefab/redball.prefabbackground: #aaff85; color: #000;color: #000;
2026-5-20 10:40:33-debug: asset-db:reimport-assetdf9fdd9b-4f58-4df2-8b0d-7aecc9a6daac (8ms)
2026-5-20 10:40:38-debug: %cImport%c: /Users/xiejianfeng/Downloads/Zuma/assets/Prefab/yellowball.prefabbackground: #aaff85; color: #000;color: #000;
2026-5-20 10:40:38-debug: asset-db:reimport-asset82911afa-a713-4522-99c2-437f3fd9e61a (7ms)
2026-5-20 10:40:43-debug: Query all assets info in project
2026-5-20 10:40:43-debug: init custom config: keepNodeUuid: false, useCache: true
2026-5-20 10:40:43-debug: Skip compress image, progress: 0%
2026-5-20 10:40:43-debug: Init all bundles start..., progress: 0%
2026-5-20 10:40:43-debug: // ---- build task 查询 Asset Bundle ----
2026-5-20 10:40:43-debug: 查询 Asset Bundle start, progress: 0%
2026-5-20 10:40:43-debug: Init bundle root assets start..., progress: 0%
2026-5-20 10:40:43-debug: Num of bundles: 2..., progress: 0%
2026-5-20 10:40:43-debug: Query preload assets/scripts from cc.config.json: 60f7195c-ec2a-45eb-ba94-8955f60e81d0,1c02ae6f-4492-4915-b8f8-7492a3b1e4cd,810e96e4-e456-4468-9b59-f4e8f39732c0,efe8e2a3-eace-427b-b4f1-cb8a937ec77d,e9aa9a3e-5b2b-4ac7-a2c7-073de2b2b24f,8bbdbcdd-5cd4-4100-b6d5-b7c9625b6107,50f4348b-c883-4e2f-8f11-ce233b859fa1,fda095cb-831d-4601-ad94-846013963de8,f92806d7-1768-443f-afe8-12bcde84d0f0,dd3a144d-ab7f-41f0-82b8-2e43a090d496,f0416e68-0200-4b77-a926-4f9d16e494da,970b0598-bcb0-4714-91fb-2e81440dccd8,bcd64cc6-2dd9-43f6-abbe-66318d332032,d930590d-bb92-4cc8-8bd1-23cd027f9edf,a3cd009f-0ab0-420d-9278-b9fdab939bbc,6a2d0734-bd9e-4ddf-946e-caa52498cb75,c27215d8-6835-4b68-bfbb-bdeac6100c04,b5d6115f-0370-4d7c-aad3-c194cc71cf98,871c3b6c-7379-419d-bda3-794b239ab90d,ff9b0199-ce04-4cfe-86cc-6c719f08d6e4,de1c2107-70c8-4021-8459-6399f24d01c6,cbf30902-517f-40dc-af90-a550bac27cf1,5c601d96-e4c7-4698-991b-7ee674b11079
2026-5-20 10:40:43-debug:   Number of all scenes: 2
2026-5-20 10:40:43-debug: Init bundle root assets success..., progress: 0%
2026-5-20 10:40:43-debug:   Number of all scripts: 10
2026-5-20 10:40:43-debug:   Number of other assets: 338
2026-5-20 10:40:43-debug: // ---- build task 查询 Asset Bundle ---- (4ms)
2026-5-20 10:40:43-debug: [Build Memory track]: 查询 Asset Bundle start:244.57MB, end 244.16MB, increase: -422.58KB
2026-5-20 10:40:43-log: run build task 查询 Asset Bundle success in 4 ms√, progress: 5%
2026-5-20 10:40:43-debug: // ---- build task 查询 Asset Bundle ----
2026-5-20 10:40:43-debug: 查询 Asset Bundle start, progress: 5%
2026-5-20 10:40:43-debug: // ---- build task 查询 Asset Bundle ---- (2ms)
2026-5-20 10:40:43-debug: // ---- build task 整理部分构建选项内数据到 settings.json ----
2026-5-20 10:40:43-debug: 整理部分构建选项内数据到 settings.json start, progress: 10%
2026-5-20 10:40:43-log: run build task 查询 Asset Bundle success in 2 ms√, progress: 10%
2026-5-20 10:40:43-debug: [Build Memory track]: 查询 Asset Bundle start:244.18MB, end 244.29MB, increase: 104.68KB
2026-5-20 10:40:43-log: run build task 整理部分构建选项内数据到 settings.json success in √, progress: 12%
2026-5-20 10:40:43-debug: [Build Memory track]: 整理部分构建选项内数据到 settings.json start:244.31MB, end 244.33MB, increase: 15.99KB
2026-5-20 10:40:43-debug: 填充脚本数据到 settings.json start, progress: 12%
2026-5-20 10:40:43-debug: // ---- build task 填充脚本数据到 settings.json ----
2026-5-20 10:40:43-log: run build task 填充脚本数据到 settings.json success in √, progress: 13%
2026-5-20 10:40:43-debug: [Build Memory track]: 填充脚本数据到 settings.json start:244.36MB, end 244.37MB, increase: 17.25KB
2026-5-20 10:40:43-debug: // ---- build task 整理部分构建选项内数据到 settings.json ----
2026-5-20 10:40:43-debug: 整理部分构建选项内数据到 settings.json start, progress: 13%
2026-5-20 10:40:43-debug: // ---- build task 整理部分构建选项内数据到 settings.json ---- (4ms)
2026-5-20 10:40:43-log: run build task 整理部分构建选项内数据到 settings.json success in 4 ms√, progress: 15%
2026-5-20 10:40:43-debug: [Build Memory track]: 整理部分构建选项内数据到 settings.json start:244.40MB, end 244.52MB, increase: 121.68KB
2026-5-20 10:43:58-debug: refresh db internal success
2026-5-20 10:43:58-debug: refresh db assets success
2026-5-20 10:43:58-debug: Run asset db hook engine-extends:afterRefresh ...
2026-5-20 10:43:58-debug: Run asset db hook engine-extends:afterRefresh success!
2026-5-20 10:43:58-debug: asset-db:refresh-all-database (57ms)
2026-5-20 10:43:58-debug: asset-db:worker-effect-data-processing (1ms)
2026-5-20 10:43:58-debug: asset-db-hook-engine-extends-afterRefresh (3ms)
2026-5-20 10:45:06-debug: refresh db internal success
2026-5-20 10:45:06-debug: Run asset db hook engine-extends:afterRefresh ...
2026-5-20 10:45:06-debug: refresh db assets success
2026-5-20 10:45:06-debug: Run asset db hook engine-extends:afterRefresh success!
2026-5-20 10:45:06-debug: asset-db:refresh-all-database (199ms)
2026-5-20 10:45:06-debug: asset-db:worker-effect-data-processing (1ms)
2026-5-20 10:45:06-debug: asset-db-hook-engine-extends-afterRefresh (1ms)
2026-5-20 10:45:11-debug: refresh db internal success
2026-5-20 10:45:11-debug: refresh db assets success
2026-5-20 10:45:11-debug: Run asset db hook engine-extends:afterRefresh success!
2026-5-20 10:45:11-debug: Run asset db hook engine-extends:afterRefresh ...
2026-5-20 10:45:11-debug: asset-db:refresh-all-database (38ms)
2026-5-20 10:45:11-debug: asset-db:worker-effect-data-processing (1ms)
2026-5-20 10:45:11-debug: asset-db-hook-engine-extends-afterRefresh (2ms)
2026-5-20 10:45:15-debug: refresh db internal success
2026-5-20 10:45:15-debug: refresh db assets success
2026-5-20 10:45:15-debug: Run asset db hook engine-extends:afterRefresh ...
2026-5-20 10:45:15-debug: Run asset db hook engine-extends:afterRefresh success!
2026-5-20 10:45:15-debug: asset-db:refresh-all-database (70ms)
2026-5-20 10:45:15-debug: asset-db:worker-effect-data-processing (8ms)
2026-5-20 10:45:15-debug: asset-db-hook-engine-extends-afterRefresh (9ms)
2026-5-20 10:45:28-debug: start refresh asset from /Users/xiejianfeng/Downloads/Zuma/assets/Script/ball.ts...
2026-5-20 10:45:28-debug: %cImport%c: /Users/xiejianfeng/Downloads/Zuma/assets/Script/ball.tsbackground: #aaff85; color: #000;color: #000;
2026-5-20 10:45:28-debug: refresh asset /Users/xiejianfeng/Downloads/Zuma/assets/Script success
2026-5-20 10:45:28-debug: %cImport%c: /Users/xiejianfeng/Downloads/Zuma/assets/Scriptbackground: #aaff85; color: #000;color: #000;
2026-5-20 10:45:48-debug: refresh db internal success
2026-5-20 10:45:48-debug: %cImport%c: /Users/xiejianfeng/Downloads/Zuma/assets/Script/ball.tsbackground: #aaff85; color: #000;color: #000;
2026-5-20 10:45:48-debug: refresh db assets success
2026-5-20 10:45:48-debug: Run asset db hook engine-extends:afterRefresh ...
2026-5-20 10:45:48-debug: Run asset db hook engine-extends:afterRefresh success!
2026-5-20 10:45:48-debug: asset-db:refresh-all-database (60ms)
2026-5-20 10:45:48-debug: asset-db:worker-effect-data-processing (4ms)
2026-5-20 10:45:48-debug: asset-db-hook-engine-extends-afterRefresh (5ms)
2026-5-20 10:46:40-debug: refresh db internal success
2026-5-20 10:46:40-debug: refresh db assets success
2026-5-20 10:46:40-debug: Run asset db hook engine-extends:afterRefresh success!
2026-5-20 10:46:40-debug: Run asset db hook engine-extends:afterRefresh ...
2026-5-20 10:46:40-debug: asset-db:refresh-all-database (45ms)
2026-5-20 10:46:40-debug: asset-db-hook-engine-extends-afterRefresh (2ms)
2026-5-20 10:46:40-debug: asset-db:worker-effect-data-processing (1ms)
2026-5-20 10:47:15-debug: refresh db internal success
2026-5-20 10:47:15-debug: %cImport%c: /Users/xiejianfeng/Downloads/Zuma/assets/Script/ball.tsbackground: #aaff85; color: #000;color: #000;
2026-5-20 10:47:15-debug: refresh db assets success
2026-5-20 10:47:15-debug: Run asset db hook engine-extends:afterRefresh ...
2026-5-20 10:47:15-debug: Run asset db hook engine-extends:afterRefresh success!
2026-5-20 10:47:15-debug: asset-db:refresh-all-database (52ms)
2026-5-20 10:47:15-debug: asset-db:worker-effect-data-processing (1ms)
2026-5-20 10:47:15-debug: asset-db-hook-engine-extends-afterRefresh (2ms)
2026-5-20 10:47:16-debug: %cImport%c: /Users/xiejianfeng/Downloads/Zuma/assets/Prefab/yellowball.prefabbackground: #aaff85; color: #000;color: #000;
2026-5-20 10:47:16-debug: asset-db:reimport-asset82911afa-a713-4522-99c2-437f3fd9e61a (7ms)
2026-5-20 10:47:24-debug: refresh db internal success
2026-5-20 10:47:24-debug: refresh db assets success
2026-5-20 10:47:24-debug: Run asset db hook engine-extends:afterRefresh ...
2026-5-20 10:47:24-debug: Run asset db hook engine-extends:afterRefresh success!
2026-5-20 10:47:24-debug: asset-db:refresh-all-database (42ms)
2026-5-20 10:47:24-debug: asset-db:worker-effect-data-processing (1ms)
2026-5-20 10:47:24-debug: asset-db-hook-engine-extends-afterRefresh (1ms)
2026-5-20 10:47:28-debug: %cImport%c: /Users/xiejianfeng/Downloads/Zuma/assets/Prefab/blueball.prefabbackground: #aaff85; color: #000;color: #000;
2026-5-20 10:47:28-debug: asset-db:reimport-asset057fd5d8-92b4-4fd2-a19c-499722dcb9df (7ms)
2026-5-20 10:47:32-debug: refresh db internal success
2026-5-20 10:47:32-debug: refresh db assets success
2026-5-20 10:47:32-debug: Run asset db hook engine-extends:afterRefresh ...
2026-5-20 10:47:32-debug: Run asset db hook engine-extends:afterRefresh success!
2026-5-20 10:47:32-debug: asset-db:refresh-all-database (32ms)
2026-5-20 10:47:32-debug: asset-db-hook-engine-extends-afterRefresh (1ms)
2026-5-20 10:47:32-debug: asset-db:worker-effect-data-processing (1ms)
2026-5-20 10:47:33-debug: %cImport%c: /Users/xiejianfeng/Downloads/Zuma/assets/Prefab/greenball.prefabbackground: #aaff85; color: #000;color: #000;
2026-5-20 10:47:33-debug: asset-db:reimport-assetb2172737-b3d3-4abd-83f6-bc6f91dee69d (9ms)
2026-5-20 10:47:39-debug: refresh db internal success
2026-5-20 10:47:39-debug: refresh db assets success
2026-5-20 10:47:39-debug: Run asset db hook engine-extends:afterRefresh ...
2026-5-20 10:47:39-debug: Run asset db hook engine-extends:afterRefresh success!
2026-5-20 10:47:39-debug: asset-db:refresh-all-database (30ms)
2026-5-20 10:47:39-debug: asset-db:worker-effect-data-processing (1ms)
2026-5-20 10:47:39-debug: asset-db-hook-engine-extends-afterRefresh (1ms)
2026-5-20 10:47:40-debug: %cImport%c: /Users/xiejianfeng/Downloads/Zuma/assets/Prefab/purpleball.prefabbackground: #aaff85; color: #000;color: #000;
2026-5-20 10:47:40-debug: asset-db:reimport-assetd925c92c-a136-49bc-ab29-e3f5c827f7ea (9ms)
2026-5-20 10:47:46-debug: refresh db internal success
2026-5-20 10:47:46-debug: refresh db assets success
2026-5-20 10:47:46-debug: Run asset db hook engine-extends:afterRefresh ...
2026-5-20 10:47:46-debug: Run asset db hook engine-extends:afterRefresh success!
2026-5-20 10:47:46-debug: asset-db:refresh-all-database (27ms)
2026-5-20 10:47:46-debug: asset-db:worker-effect-data-processing (1ms)
2026-5-20 10:47:46-debug: asset-db-hook-engine-extends-afterRefresh (2ms)
2026-5-20 10:47:47-debug: %cImport%c: /Users/xiejianfeng/Downloads/Zuma/assets/Prefab/redball.prefabbackground: #aaff85; color: #000;color: #000;
2026-5-20 10:47:47-debug: asset-db:reimport-assetdf9fdd9b-4f58-4df2-8b0d-7aecc9a6daac (9ms)
2026-5-20 10:47:55-debug: refresh db internal success
2026-5-20 10:47:55-debug: refresh db assets success
2026-5-20 10:47:55-debug: Run asset db hook engine-extends:afterRefresh ...
2026-5-20 10:47:55-debug: Run asset db hook engine-extends:afterRefresh success!
2026-5-20 10:47:55-debug: asset-db:refresh-all-database (37ms)
2026-5-20 10:47:55-debug: asset-db:worker-effect-data-processing (1ms)
2026-5-20 10:47:55-debug: asset-db-hook-engine-extends-afterRefresh (2ms)
2026-5-20 10:47:56-debug: %cImport%c: /Users/xiejianfeng/Downloads/Zuma/assets/Prefab/yellowball.prefabbackground: #aaff85; color: #000;color: #000;
2026-5-20 10:47:56-debug: asset-db:reimport-asset82911afa-a713-4522-99c2-437f3fd9e61a (9ms)
2026-5-20 10:50:37-debug: refresh db internal success
2026-5-20 10:50:37-debug: %cImport%c: /Users/xiejianfeng/Downloads/Zuma/assets/Script/BallCollision.tsbackground: #aaff85; color: #000;color: #000;
2026-5-20 10:50:37-debug: %cImport%c: /Users/xiejianfeng/Downloads/Zuma/assets/Script/ball.tsbackground: #aaff85; color: #000;color: #000;
2026-5-20 10:50:37-debug: refresh db assets success
2026-5-20 10:50:37-debug: Run asset db hook engine-extends:afterRefresh ...
2026-5-20 10:50:37-debug: Run asset db hook engine-extends:afterRefresh success!
2026-5-20 10:50:37-debug: asset-db:refresh-all-database (44ms)
2026-5-20 10:50:37-debug: asset-db:worker-effect-data-processing (2ms)
2026-5-20 10:50:37-debug: asset-db-hook-engine-extends-afterRefresh (2ms)
2026-5-20 10:50:59-debug: refresh db internal success
2026-5-20 10:50:59-debug: %cImport%c: /Users/xiejianfeng/Downloads/Zuma/assets/Script/BallCollision.tsbackground: #aaff85; color: #000;color: #000;
2026-5-20 10:50:59-debug: refresh db assets success
2026-5-20 10:50:59-debug: Run asset db hook engine-extends:afterRefresh ...
2026-5-20 10:50:59-debug: Run asset db hook engine-extends:afterRefresh success!
2026-5-20 10:50:59-debug: asset-db:worker-effect-data-processing (2ms)
2026-5-20 10:50:59-debug: asset-db:refresh-all-database (37ms)
2026-5-20 10:50:59-debug: asset-db-hook-engine-extends-afterRefresh (2ms)
2026-5-20 10:51:02-debug: %cImport%c: /Users/xiejianfeng/Downloads/Zuma/assets/Prefab/yellowball.prefabbackground: #aaff85; color: #000;color: #000;
2026-5-20 10:51:02-debug: asset-db:reimport-asset82911afa-a713-4522-99c2-437f3fd9e61a (4ms)
2026-5-20 10:51:04-debug: Query all assets info in project
2026-5-20 10:51:04-debug: init custom config: keepNodeUuid: false, useCache: true
2026-5-20 10:51:04-debug: Skip compress image, progress: 0%
2026-5-20 10:51:04-debug: Init all bundles start..., progress: 0%
2026-5-20 10:51:04-debug: Num of bundles: 2..., progress: 0%
2026-5-20 10:51:04-debug: 查询 Asset Bundle start, progress: 0%
2026-5-20 10:51:04-debug: // ---- build task 查询 Asset Bundle ----
2026-5-20 10:51:04-debug: Init bundle root assets start..., progress: 0%
2026-5-20 10:51:04-debug: Query preload assets/scripts from cc.config.json: 60f7195c-ec2a-45eb-ba94-8955f60e81d0,1c02ae6f-4492-4915-b8f8-7492a3b1e4cd,810e96e4-e456-4468-9b59-f4e8f39732c0,efe8e2a3-eace-427b-b4f1-cb8a937ec77d,e9aa9a3e-5b2b-4ac7-a2c7-073de2b2b24f,8bbdbcdd-5cd4-4100-b6d5-b7c9625b6107,50f4348b-c883-4e2f-8f11-ce233b859fa1,fda095cb-831d-4601-ad94-846013963de8,f92806d7-1768-443f-afe8-12bcde84d0f0,dd3a144d-ab7f-41f0-82b8-2e43a090d496,f0416e68-0200-4b77-a926-4f9d16e494da,970b0598-bcb0-4714-91fb-2e81440dccd8,bcd64cc6-2dd9-43f6-abbe-66318d332032,d930590d-bb92-4cc8-8bd1-23cd027f9edf,a3cd009f-0ab0-420d-9278-b9fdab939bbc,6a2d0734-bd9e-4ddf-946e-caa52498cb75,c27215d8-6835-4b68-bfbb-bdeac6100c04,b5d6115f-0370-4d7c-aad3-c194cc71cf98,871c3b6c-7379-419d-bda3-794b239ab90d,ff9b0199-ce04-4cfe-86cc-6c719f08d6e4,de1c2107-70c8-4021-8459-6399f24d01c6,cbf30902-517f-40dc-af90-a550bac27cf1,5c601d96-e4c7-4698-991b-7ee674b11079
2026-5-20 10:51:04-debug:   Number of all scripts: 11
2026-5-20 10:51:04-debug:   Number of other assets: 338
2026-5-20 10:51:04-debug: Init bundle root assets success..., progress: 0%
2026-5-20 10:51:04-debug:   Number of all scenes: 2
2026-5-20 10:51:04-debug: // ---- build task 查询 Asset Bundle ---- (4ms)
2026-5-20 10:51:04-log: run build task 查询 Asset Bundle success in 4 ms√, progress: 5%
2026-5-20 10:51:04-debug: [Build Memory track]: 查询 Asset Bundle start:234.15MB, end 233.79MB, increase: -368.68KB
2026-5-20 10:51:04-debug: 查询 Asset Bundle start, progress: 5%
2026-5-20 10:51:04-debug: // ---- build task 查询 Asset Bundle ----
2026-5-20 10:51:04-debug: // ---- build task 查询 Asset Bundle ---- (2ms)
2026-5-20 10:51:04-log: run build task 查询 Asset Bundle success in 2 ms√, progress: 10%
2026-5-20 10:51:04-debug: [Build Memory track]: 查询 Asset Bundle start:233.81MB, end 233.92MB, increase: 104.47KB
2026-5-20 10:51:04-debug: 整理部分构建选项内数据到 settings.json start, progress: 10%
2026-5-20 10:51:04-debug: // ---- build task 整理部分构建选项内数据到 settings.json ----
2026-5-20 10:51:04-debug: // ---- build task 整理部分构建选项内数据到 settings.json ---- (1ms)
2026-5-20 10:51:04-log: run build task 整理部分构建选项内数据到 settings.json success in 1 ms√, progress: 12%
2026-5-20 10:51:04-debug: [Build Memory track]: 整理部分构建选项内数据到 settings.json start:233.94MB, end 233.97MB, increase: 24.31KB
2026-5-20 10:51:04-debug: // ---- build task 填充脚本数据到 settings.json ----
2026-5-20 10:51:04-debug: 填充脚本数据到 settings.json start, progress: 12%
2026-5-20 10:51:04-debug: // ---- build task 填充脚本数据到 settings.json ---- (1ms)
2026-5-20 10:51:04-debug: [Build Memory track]: 填充脚本数据到 settings.json start:233.99MB, end 234.02MB, increase: 23.71KB
2026-5-20 10:51:04-debug: 整理部分构建选项内数据到 settings.json start, progress: 13%
2026-5-20 10:51:04-log: run build task 填充脚本数据到 settings.json success in 1 ms√, progress: 13%
2026-5-20 10:51:04-debug: // ---- build task 整理部分构建选项内数据到 settings.json ----
2026-5-20 10:51:04-debug: // ---- build task 整理部分构建选项内数据到 settings.json ---- (3ms)
2026-5-20 10:51:04-debug: [Build Memory track]: 整理部分构建选项内数据到 settings.json start:234.04MB, end 234.17MB, increase: 126.17KB
2026-5-20 10:51:04-log: run build task 整理部分构建选项内数据到 settings.json success in 3 ms√, progress: 15%
2026-5-20 10:52:54-debug: refresh db internal success
2026-5-20 10:52:54-debug: %cImport%c: /Users/xiejianfeng/Downloads/Zuma/assets/Script/Control.tsbackground: #aaff85; color: #000;color: #000;
2026-5-20 10:52:54-debug: refresh db assets success
2026-5-20 10:52:54-debug: Run asset db hook engine-extends:afterRefresh ...
2026-5-20 10:52:54-debug: Run asset db hook engine-extends:afterRefresh success!
2026-5-20 10:52:54-debug: asset-db:refresh-all-database (50ms)
2026-5-20 10:52:54-debug: asset-db:worker-effect-data-processing (5ms)
2026-5-20 10:52:54-debug: asset-db-hook-engine-extends-afterRefresh (5ms)
2026-5-20 10:52:55-debug: %cImport%c: /Users/xiejianfeng/Downloads/Zuma/assets/Prefab/yellowball.prefabbackground: #aaff85; color: #000;color: #000;
2026-5-20 10:52:55-debug: asset-db:reimport-asset82911afa-a713-4522-99c2-437f3fd9e61a (6ms)
2026-5-20 10:52:58-debug: Query all assets info in project
2026-5-20 10:52:58-debug: init custom config: keepNodeUuid: false, useCache: true
2026-5-20 10:52:58-debug: Skip compress image, progress: 0%
2026-5-20 10:52:58-debug: Init all bundles start..., progress: 0%
2026-5-20 10:52:58-debug: Init bundle root assets start..., progress: 0%
2026-5-20 10:52:58-debug: Num of bundles: 2..., progress: 0%
2026-5-20 10:52:58-debug: 查询 Asset Bundle start, progress: 0%
2026-5-20 10:52:58-debug: // ---- build task 查询 Asset Bundle ----
2026-5-20 10:52:58-debug: Query preload assets/scripts from cc.config.json: 60f7195c-ec2a-45eb-ba94-8955f60e81d0,1c02ae6f-4492-4915-b8f8-7492a3b1e4cd,810e96e4-e456-4468-9b59-f4e8f39732c0,efe8e2a3-eace-427b-b4f1-cb8a937ec77d,e9aa9a3e-5b2b-4ac7-a2c7-073de2b2b24f,8bbdbcdd-5cd4-4100-b6d5-b7c9625b6107,50f4348b-c883-4e2f-8f11-ce233b859fa1,fda095cb-831d-4601-ad94-846013963de8,f92806d7-1768-443f-afe8-12bcde84d0f0,dd3a144d-ab7f-41f0-82b8-2e43a090d496,f0416e68-0200-4b77-a926-4f9d16e494da,970b0598-bcb0-4714-91fb-2e81440dccd8,bcd64cc6-2dd9-43f6-abbe-66318d332032,d930590d-bb92-4cc8-8bd1-23cd027f9edf,a3cd009f-0ab0-420d-9278-b9fdab939bbc,6a2d0734-bd9e-4ddf-946e-caa52498cb75,c27215d8-6835-4b68-bfbb-bdeac6100c04,b5d6115f-0370-4d7c-aad3-c194cc71cf98,871c3b6c-7379-419d-bda3-794b239ab90d,ff9b0199-ce04-4cfe-86cc-6c719f08d6e4,de1c2107-70c8-4021-8459-6399f24d01c6,cbf30902-517f-40dc-af90-a550bac27cf1,5c601d96-e4c7-4698-991b-7ee674b11079
2026-5-20 10:52:58-debug: Init bundle root assets success..., progress: 0%
2026-5-20 10:52:58-debug:   Number of all scripts: 11
2026-5-20 10:52:58-debug:   Number of other assets: 338
2026-5-20 10:52:58-debug:   Number of all scenes: 2
2026-5-20 10:52:58-debug: // ---- build task 查询 Asset Bundle ---- (5ms)
2026-5-20 10:52:58-debug: [Build Memory track]: 查询 Asset Bundle start:234.70MB, end 234.30MB, increase: -413.36KB
2026-5-20 10:52:58-debug: 查询 Asset Bundle start, progress: 5%
2026-5-20 10:52:58-debug: // ---- build task 查询 Asset Bundle ----
2026-5-20 10:52:58-log: run build task 查询 Asset Bundle success in 5 ms√, progress: 5%
2026-5-20 10:52:58-debug: // ---- build task 查询 Asset Bundle ---- (1ms)
2026-5-20 10:52:58-debug: 整理部分构建选项内数据到 settings.json start, progress: 10%
2026-5-20 10:52:58-debug: [Build Memory track]: 查询 Asset Bundle start:234.33MB, end 234.43MB, increase: 104.20KB
2026-5-20 10:52:58-debug: // ---- build task 整理部分构建选项内数据到 settings.json ----
2026-5-20 10:52:58-log: run build task 查询 Asset Bundle success in 1 ms√, progress: 10%
2026-5-20 10:52:58-debug: // ---- build task 整理部分构建选项内数据到 settings.json ---- (1ms)
2026-5-20 10:52:58-debug: [Build Memory track]: 整理部分构建选项内数据到 settings.json start:234.45MB, end 234.48MB, increase: 24.28KB
2026-5-20 10:52:58-log: run build task 整理部分构建选项内数据到 settings.json success in 1 ms√, progress: 12%
2026-5-20 10:52:58-debug: 填充脚本数据到 settings.json start, progress: 12%
2026-5-20 10:52:58-debug: // ---- build task 填充脚本数据到 settings.json ----
2026-5-20 10:52:58-debug: // ---- build task 填充脚本数据到 settings.json ---- (1ms)
2026-5-20 10:52:58-debug: [Build Memory track]: 填充脚本数据到 settings.json start:234.51MB, end 234.53MB, increase: 23.66KB
2026-5-20 10:52:58-log: run build task 填充脚本数据到 settings.json success in 1 ms√, progress: 13%
2026-5-20 10:52:58-debug: 整理部分构建选项内数据到 settings.json start, progress: 13%
2026-5-20 10:52:58-debug: // ---- build task 整理部分构建选项内数据到 settings.json ----
2026-5-20 10:52:58-debug: // ---- build task 整理部分构建选项内数据到 settings.json ---- (3ms)
2026-5-20 10:52:58-log: run build task 整理部分构建选项内数据到 settings.json success in 3 ms√, progress: 15%
2026-5-20 10:52:58-debug: [Build Memory track]: 整理部分构建选项内数据到 settings.json start:234.56MB, end 234.67MB, increase: 121.80KB
2026-5-20 10:53:31-debug: refresh db internal success
2026-5-20 10:53:31-debug: refresh db assets success
2026-5-20 10:53:31-debug: Run asset db hook engine-extends:afterRefresh ...
2026-5-20 10:53:31-debug: Run asset db hook engine-extends:afterRefresh success!
2026-5-20 10:53:31-debug: asset-db:refresh-all-database (67ms)
2026-5-20 10:53:31-debug: asset-db:worker-effect-data-processing (1ms)
2026-5-20 10:53:31-debug: asset-db-hook-engine-extends-afterRefresh (2ms)
2026-5-20 10:56:05-debug: refresh db internal success
2026-5-20 10:56:05-debug: %cImport%c: /Users/xiejianfeng/Downloads/Zuma/assets/Script/BallCollision.tsbackground: #aaff85; color: #000;color: #000;
2026-5-20 10:56:05-debug: refresh db assets success
2026-5-20 10:56:05-debug: Run asset db hook engine-extends:afterRefresh ...
2026-5-20 10:56:05-debug: Run asset db hook engine-extends:afterRefresh success!
2026-5-20 10:56:05-debug: asset-db:refresh-all-database (86ms)
2026-5-20 10:56:05-debug: asset-db:worker-effect-data-processing (3ms)
2026-5-20 10:56:05-debug: asset-db-hook-engine-extends-afterRefresh (4ms)
2026-5-20 10:56:06-debug: %cImport%c: /Users/xiejianfeng/Downloads/Zuma/assets/Prefab/yellowball.prefabbackground: #aaff85; color: #000;color: #000;
2026-5-20 10:56:06-debug: asset-db:reimport-asset82911afa-a713-4522-99c2-437f3fd9e61a (5ms)
2026-5-20 10:56:08-debug: Query all assets info in project
2026-5-20 10:56:08-debug: init custom config: keepNodeUuid: false, useCache: true
2026-5-20 10:56:08-debug: Skip compress image, progress: 0%
2026-5-20 10:56:08-debug: Init all bundles start..., progress: 0%
2026-5-20 10:56:08-debug: 查询 Asset Bundle start, progress: 0%
2026-5-20 10:56:08-debug: // ---- build task 查询 Asset Bundle ----
2026-5-20 10:56:08-debug: Num of bundles: 2..., progress: 0%
2026-5-20 10:56:08-debug: Init bundle root assets start..., progress: 0%
2026-5-20 10:56:08-debug: Query preload assets/scripts from cc.config.json: 60f7195c-ec2a-45eb-ba94-8955f60e81d0,1c02ae6f-4492-4915-b8f8-7492a3b1e4cd,810e96e4-e456-4468-9b59-f4e8f39732c0,efe8e2a3-eace-427b-b4f1-cb8a937ec77d,e9aa9a3e-5b2b-4ac7-a2c7-073de2b2b24f,8bbdbcdd-5cd4-4100-b6d5-b7c9625b6107,50f4348b-c883-4e2f-8f11-ce233b859fa1,fda095cb-831d-4601-ad94-846013963de8,f92806d7-1768-443f-afe8-12bcde84d0f0,dd3a144d-ab7f-41f0-82b8-2e43a090d496,f0416e68-0200-4b77-a926-4f9d16e494da,970b0598-bcb0-4714-91fb-2e81440dccd8,bcd64cc6-2dd9-43f6-abbe-66318d332032,d930590d-bb92-4cc8-8bd1-23cd027f9edf,a3cd009f-0ab0-420d-9278-b9fdab939bbc,6a2d0734-bd9e-4ddf-946e-caa52498cb75,c27215d8-6835-4b68-bfbb-bdeac6100c04,b5d6115f-0370-4d7c-aad3-c194cc71cf98,871c3b6c-7379-419d-bda3-794b239ab90d,ff9b0199-ce04-4cfe-86cc-6c719f08d6e4,de1c2107-70c8-4021-8459-6399f24d01c6,cbf30902-517f-40dc-af90-a550bac27cf1,5c601d96-e4c7-4698-991b-7ee674b11079
2026-5-20 10:56:08-debug:   Number of all scenes: 2
2026-5-20 10:56:08-debug:   Number of other assets: 338
2026-5-20 10:56:08-debug:   Number of all scripts: 11
2026-5-20 10:56:08-debug: Init bundle root assets success..., progress: 0%
2026-5-20 10:56:08-debug: // ---- build task 查询 Asset Bundle ---- (4ms)
2026-5-20 10:56:08-debug: 查询 Asset Bundle start, progress: 5%
2026-5-20 10:56:08-debug: [Build Memory track]: 查询 Asset Bundle start:235.80MB, end 235.59MB, increase: -214.80KB
2026-5-20 10:56:08-debug: // ---- build task 查询 Asset Bundle ----
2026-5-20 10:56:08-log: run build task 查询 Asset Bundle success in 4 ms√, progress: 5%
2026-5-20 10:56:08-debug: // ---- build task 查询 Asset Bundle ---- (2ms)
2026-5-20 10:56:08-log: run build task 查询 Asset Bundle success in 2 ms√, progress: 10%
2026-5-20 10:56:08-debug: [Build Memory track]: 查询 Asset Bundle start:235.61MB, end 235.72MB, increase: 104.28KB
2026-5-20 10:56:08-debug: 整理部分构建选项内数据到 settings.json start, progress: 10%
2026-5-20 10:56:08-debug: // ---- build task 整理部分构建选项内数据到 settings.json ----
2026-5-20 10:56:08-debug: // ---- build task 整理部分构建选项内数据到 settings.json ---- (1ms)
2026-5-20 10:56:08-log: run build task 整理部分构建选项内数据到 settings.json success in 1 ms√, progress: 12%
2026-5-20 10:56:08-debug: [Build Memory track]: 整理部分构建选项内数据到 settings.json start:235.74MB, end 235.77MB, increase: 24.31KB
2026-5-20 10:56:08-debug: 填充脚本数据到 settings.json start, progress: 12%
2026-5-20 10:56:08-debug: // ---- build task 填充脚本数据到 settings.json ----
2026-5-20 10:56:08-log: run build task 填充脚本数据到 settings.json success in √, progress: 13%
2026-5-20 10:56:08-debug: [Build Memory track]: 填充脚本数据到 settings.json start:235.80MB, end 235.81MB, increase: 14.89KB
2026-5-20 10:56:08-debug: 整理部分构建选项内数据到 settings.json start, progress: 13%
2026-5-20 10:56:08-debug: // ---- build task 整理部分构建选项内数据到 settings.json ----
2026-5-20 10:56:08-debug: // ---- build task 整理部分构建选项内数据到 settings.json ---- (4ms)
2026-5-20 10:56:08-log: run build task 整理部分构建选项内数据到 settings.json success in 4 ms√, progress: 15%
2026-5-20 10:56:08-debug: [Build Memory track]: 整理部分构建选项内数据到 settings.json start:235.84MB, end 235.22MB, increase: -631.96KB
2026-5-20 10:56:26-debug: Query all assets info in project
2026-5-20 10:56:26-debug: init custom config: keepNodeUuid: false, useCache: true
2026-5-20 10:56:26-debug: Skip compress image, progress: 0%
2026-5-20 10:56:26-debug: Init all bundles start..., progress: 0%
2026-5-20 10:56:26-debug: Init bundle root assets start..., progress: 0%
2026-5-20 10:56:26-debug: 查询 Asset Bundle start, progress: 0%
2026-5-20 10:56:26-debug: // ---- build task 查询 Asset Bundle ----
2026-5-20 10:56:26-debug: Num of bundles: 2..., progress: 0%
2026-5-20 10:56:26-debug: Query preload assets/scripts from cc.config.json: 60f7195c-ec2a-45eb-ba94-8955f60e81d0,1c02ae6f-4492-4915-b8f8-7492a3b1e4cd,810e96e4-e456-4468-9b59-f4e8f39732c0,efe8e2a3-eace-427b-b4f1-cb8a937ec77d,e9aa9a3e-5b2b-4ac7-a2c7-073de2b2b24f,8bbdbcdd-5cd4-4100-b6d5-b7c9625b6107,50f4348b-c883-4e2f-8f11-ce233b859fa1,fda095cb-831d-4601-ad94-846013963de8,f92806d7-1768-443f-afe8-12bcde84d0f0,dd3a144d-ab7f-41f0-82b8-2e43a090d496,f0416e68-0200-4b77-a926-4f9d16e494da,970b0598-bcb0-4714-91fb-2e81440dccd8,bcd64cc6-2dd9-43f6-abbe-66318d332032,d930590d-bb92-4cc8-8bd1-23cd027f9edf,a3cd009f-0ab0-420d-9278-b9fdab939bbc,6a2d0734-bd9e-4ddf-946e-caa52498cb75,c27215d8-6835-4b68-bfbb-bdeac6100c04,b5d6115f-0370-4d7c-aad3-c194cc71cf98,871c3b6c-7379-419d-bda3-794b239ab90d,ff9b0199-ce04-4cfe-86cc-6c719f08d6e4,de1c2107-70c8-4021-8459-6399f24d01c6,cbf30902-517f-40dc-af90-a550bac27cf1,5c601d96-e4c7-4698-991b-7ee674b11079
2026-5-20 10:56:26-debug: Init bundle root assets success..., progress: 0%
2026-5-20 10:56:26-debug:   Number of all scripts: 11
2026-5-20 10:56:26-debug:   Number of other assets: 338
2026-5-20 10:56:26-debug:   Number of all scenes: 2
2026-5-20 10:56:26-debug: // ---- build task 查询 Asset Bundle ---- (4ms)
2026-5-20 10:56:26-log: run build task 查询 Asset Bundle success in 4 ms√, progress: 5%
2026-5-20 10:56:26-debug: // ---- build task 查询 Asset Bundle ----
2026-5-20 10:56:26-debug: [Build Memory track]: 查询 Asset Bundle start:235.62MB, end 235.29MB, increase: -335.87KB
2026-5-20 10:56:26-debug: 查询 Asset Bundle start, progress: 5%
2026-5-20 10:56:26-debug: // ---- build task 查询 Asset Bundle ---- (2ms)
2026-5-20 10:56:26-debug: // ---- build task 整理部分构建选项内数据到 settings.json ----
2026-5-20 10:56:26-debug: [Build Memory track]: 查询 Asset Bundle start:235.32MB, end 235.43MB, increase: 112.77KB
2026-5-20 10:56:26-debug: 整理部分构建选项内数据到 settings.json start, progress: 10%
2026-5-20 10:56:26-log: run build task 查询 Asset Bundle success in 2 ms√, progress: 10%
2026-5-20 10:56:26-debug: // ---- build task 整理部分构建选项内数据到 settings.json ---- (1ms)
2026-5-20 10:56:26-debug: [Build Memory track]: 整理部分构建选项内数据到 settings.json start:235.46MB, end 235.48MB, increase: 24.10KB
2026-5-20 10:56:26-log: run build task 整理部分构建选项内数据到 settings.json success in 1 ms√, progress: 12%
2026-5-20 10:56:26-debug: // ---- build task 填充脚本数据到 settings.json ----
2026-5-20 10:56:26-debug: 填充脚本数据到 settings.json start, progress: 12%
2026-5-20 10:56:26-debug: // ---- build task 填充脚本数据到 settings.json ---- (1ms)
2026-5-20 10:56:26-log: run build task 填充脚本数据到 settings.json success in 1 ms√, progress: 13%
2026-5-20 10:56:26-debug: [Build Memory track]: 填充脚本数据到 settings.json start:235.51MB, end 235.53MB, increase: 24.65KB
2026-5-20 10:56:26-debug: 整理部分构建选项内数据到 settings.json start, progress: 13%
2026-5-20 10:56:26-debug: // ---- build task 整理部分构建选项内数据到 settings.json ----
2026-5-20 10:56:26-debug: // ---- build task 整理部分构建选项内数据到 settings.json ---- (3ms)
2026-5-20 10:56:26-log: run build task 整理部分构建选项内数据到 settings.json success in 3 ms√, progress: 15%
2026-5-20 10:56:26-debug: [Build Memory track]: 整理部分构建选项内数据到 settings.json start:235.56MB, end 235.68MB, increase: 121.75KB
2026-5-20 10:56:47-debug: refresh db internal success
2026-5-20 10:56:47-debug: refresh db assets success
2026-5-20 10:56:47-debug: Run asset db hook engine-extends:afterRefresh ...
2026-5-20 10:56:47-debug: Run asset db hook engine-extends:afterRefresh success!
2026-5-20 10:56:47-debug: asset-db:refresh-all-database (48ms)
2026-5-20 10:56:47-debug: asset-db:worker-effect-data-processing (1ms)
2026-5-20 10:56:47-debug: asset-db-hook-engine-extends-afterRefresh (2ms)
2026-5-20 10:56:56-debug: refresh db internal success
2026-5-20 10:56:56-debug: refresh db assets success
2026-5-20 10:56:56-debug: Run asset db hook engine-extends:afterRefresh ...
2026-5-20 10:56:56-debug: Run asset db hook engine-extends:afterRefresh success!
2026-5-20 10:56:56-debug: asset-db:refresh-all-database (44ms)
2026-5-20 10:56:56-debug: asset-db-hook-engine-extends-afterRefresh (5ms)
2026-5-20 10:56:56-debug: asset-db:worker-effect-data-processing (4ms)
2026-5-20 11:55:03-debug: refresh db internal success
2026-5-20 11:55:03-debug: refresh db assets success
2026-5-20 11:55:03-debug: Run asset db hook engine-extends:afterRefresh ...
2026-5-20 11:55:03-debug: Run asset db hook engine-extends:afterRefresh success!
2026-5-20 11:55:03-debug: asset-db:refresh-all-database (61ms)
2026-5-20 11:55:03-debug: asset-db:worker-effect-data-processing (9ms)
2026-5-20 11:55:03-debug: asset-db-hook-engine-extends-afterRefresh (10ms)
2026-5-20 11:59:08-debug: refresh db internal success
2026-5-20 11:59:08-debug: refresh db assets success
2026-5-20 11:59:08-debug: Run asset db hook engine-extends:afterRefresh ...
2026-5-20 11:59:08-debug: Run asset db hook engine-extends:afterRefresh success!
2026-5-20 11:59:08-debug: asset-db:refresh-all-database (71ms)
2026-5-20 11:59:08-debug: asset-db:worker-effect-data-processing (1ms)
2026-5-20 11:59:08-debug: asset-db-hook-engine-extends-afterRefresh (3ms)
2026-5-20 11:59:12-debug: %cImport%c: /Users/xiejianfeng/Downloads/Zuma/assets/Prefab/yellowball.prefabbackground: #aaff85; color: #000;color: #000;
2026-5-20 11:59:12-debug: asset-db:reimport-asset82911afa-a713-4522-99c2-437f3fd9e61a (17ms)
2026-5-20 11:59:28-debug: Query all assets info in project
2026-5-20 11:59:28-debug: init custom config: keepNodeUuid: false, useCache: true
2026-5-20 11:59:28-debug: Skip compress image, progress: 0%
2026-5-20 11:59:28-debug: Init all bundles start..., progress: 0%
2026-5-20 11:59:28-debug: Num of bundles: 2..., progress: 0%
2026-5-20 11:59:28-debug: 查询 Asset Bundle start, progress: 0%
2026-5-20 11:59:28-debug: // ---- build task 查询 Asset Bundle ----
2026-5-20 11:59:28-debug: Init bundle root assets start..., progress: 0%
2026-5-20 11:59:28-debug: Query preload assets/scripts from cc.config.json: 60f7195c-ec2a-45eb-ba94-8955f60e81d0,1c02ae6f-4492-4915-b8f8-7492a3b1e4cd,810e96e4-e456-4468-9b59-f4e8f39732c0,efe8e2a3-eace-427b-b4f1-cb8a937ec77d,e9aa9a3e-5b2b-4ac7-a2c7-073de2b2b24f,8bbdbcdd-5cd4-4100-b6d5-b7c9625b6107,50f4348b-c883-4e2f-8f11-ce233b859fa1,fda095cb-831d-4601-ad94-846013963de8,f92806d7-1768-443f-afe8-12bcde84d0f0,dd3a144d-ab7f-41f0-82b8-2e43a090d496,f0416e68-0200-4b77-a926-4f9d16e494da,970b0598-bcb0-4714-91fb-2e81440dccd8,bcd64cc6-2dd9-43f6-abbe-66318d332032,d930590d-bb92-4cc8-8bd1-23cd027f9edf,a3cd009f-0ab0-420d-9278-b9fdab939bbc,6a2d0734-bd9e-4ddf-946e-caa52498cb75,c27215d8-6835-4b68-bfbb-bdeac6100c04,b5d6115f-0370-4d7c-aad3-c194cc71cf98,871c3b6c-7379-419d-bda3-794b239ab90d,ff9b0199-ce04-4cfe-86cc-6c719f08d6e4,de1c2107-70c8-4021-8459-6399f24d01c6,cbf30902-517f-40dc-af90-a550bac27cf1,5c601d96-e4c7-4698-991b-7ee674b11079
2026-5-20 11:59:28-debug: Init bundle root assets success..., progress: 0%
2026-5-20 11:59:28-debug:   Number of other assets: 338
2026-5-20 11:59:28-debug:   Number of all scripts: 11
2026-5-20 11:59:28-debug:   Number of all scenes: 2
2026-5-20 11:59:28-debug: // ---- build task 查询 Asset Bundle ---- (5ms)
2026-5-20 11:59:28-log: run build task 查询 Asset Bundle success in 5 ms√, progress: 5%
2026-5-20 11:59:28-debug: [Build Memory track]: 查询 Asset Bundle start:237.60MB, end 237.36MB, increase: -244.16KB
2026-5-20 11:59:28-debug: 查询 Asset Bundle start, progress: 5%
2026-5-20 11:59:28-debug: // ---- build task 查询 Asset Bundle ----
2026-5-20 11:59:28-debug: // ---- build task 查询 Asset Bundle ---- (1ms)
2026-5-20 11:59:28-log: run build task 查询 Asset Bundle success in 1 ms√, progress: 10%
2026-5-20 11:59:28-debug: [Build Memory track]: 查询 Asset Bundle start:237.38MB, end 237.49MB, increase: 104.26KB
2026-5-20 11:59:28-debug: 整理部分构建选项内数据到 settings.json start, progress: 10%
2026-5-20 11:59:28-debug: // ---- build task 整理部分构建选项内数据到 settings.json ----
2026-5-20 11:59:28-log: run build task 整理部分构建选项内数据到 settings.json success in √, progress: 12%
2026-5-20 11:59:28-debug: [Build Memory track]: 整理部分构建选项内数据到 settings.json start:237.51MB, end 237.53MB, increase: 15.49KB
2026-5-20 11:59:28-debug: // ---- build task 填充脚本数据到 settings.json ----
2026-5-20 11:59:28-debug: 填充脚本数据到 settings.json start, progress: 12%
2026-5-20 11:59:28-debug: // ---- build task 填充脚本数据到 settings.json ---- (1ms)
2026-5-20 11:59:28-debug: // ---- build task 整理部分构建选项内数据到 settings.json ----
2026-5-20 11:59:28-log: run build task 填充脚本数据到 settings.json success in 1 ms√, progress: 13%
2026-5-20 11:59:28-debug: [Build Memory track]: 填充脚本数据到 settings.json start:237.55MB, end 237.58MB, increase: 23.09KB
2026-5-20 11:59:28-debug: 整理部分构建选项内数据到 settings.json start, progress: 13%
2026-5-20 11:59:28-debug: // ---- build task 整理部分构建选项内数据到 settings.json ---- (5ms)
2026-5-20 11:59:28-log: run build task 整理部分构建选项内数据到 settings.json success in 5 ms√, progress: 15%
2026-5-20 11:59:28-debug: [Build Memory track]: 整理部分构建选项内数据到 settings.json start:237.60MB, end 237.72MB, increase: 121.83KB
2026-5-20 12:00:43-debug: refresh db internal success
2026-5-20 12:00:43-debug: %cImport%c: /Users/xiejianfeng/Downloads/Zuma/assets/Script/ball.tsbackground: #aaff85; color: #000;color: #000;
2026-5-20 12:00:43-debug: refresh db assets success
2026-5-20 12:00:43-debug: Run asset db hook engine-extends:afterRefresh ...
2026-5-20 12:00:43-debug: Run asset db hook engine-extends:afterRefresh success!
2026-5-20 12:00:43-debug: asset-db:refresh-all-database (82ms)
2026-5-20 12:00:43-debug: asset-db:worker-effect-data-processing (2ms)
2026-5-20 12:00:43-debug: asset-db-hook-engine-extends-afterRefresh (3ms)
2026-5-20 12:04:14-debug: refresh db internal success
2026-5-20 12:04:14-debug: %cImport%c: /Users/xiejianfeng/Downloads/Zuma/assets/Script/ball.tsbackground: #aaff85; color: #000;color: #000;
2026-5-20 12:04:14-debug: refresh db assets success
2026-5-20 12:04:14-debug: Run asset db hook engine-extends:afterRefresh ...
2026-5-20 12:04:14-debug: Run asset db hook engine-extends:afterRefresh success!
2026-5-20 12:04:14-debug: asset-db:worker-effect-data-processing (4ms)
2026-5-20 12:04:14-debug: asset-db:refresh-all-database (67ms)
2026-5-20 12:04:14-debug: asset-db-hook-engine-extends-afterRefresh (5ms)
2026-5-20 12:04:36-debug: refresh db internal success
2026-5-20 12:04:36-debug: refresh db assets success
2026-5-20 12:04:36-debug: Run asset db hook engine-extends:afterRefresh ...
2026-5-20 12:04:36-debug: Run asset db hook engine-extends:afterRefresh success!
2026-5-20 12:04:36-debug: asset-db:refresh-all-database (49ms)
2026-5-20 12:04:36-debug: asset-db:worker-effect-data-processing (3ms)
2026-5-20 12:04:36-debug: asset-db-hook-engine-extends-afterRefresh (4ms)
2026-5-20 12:04:52-debug: refresh db internal success
2026-5-20 12:04:52-debug: refresh db assets success
2026-5-20 12:04:52-debug: Run asset db hook engine-extends:afterRefresh ...
2026-5-20 12:04:52-debug: Run asset db hook engine-extends:afterRefresh success!
2026-5-20 12:04:52-debug: asset-db:refresh-all-database (28ms)
2026-5-20 12:04:52-debug: asset-db:worker-effect-data-processing (1ms)
2026-5-20 12:04:52-debug: asset-db-hook-engine-extends-afterRefresh (1ms)
2026-5-20 12:05:18-debug: refresh db internal success
2026-5-20 12:05:18-debug: refresh db assets success
2026-5-20 12:05:18-debug: Run asset db hook engine-extends:afterRefresh ...
2026-5-20 12:05:18-debug: Run asset db hook engine-extends:afterRefresh success!
2026-5-20 12:05:18-debug: asset-db:refresh-all-database (36ms)
2026-5-20 12:05:18-debug: asset-db:worker-effect-data-processing (3ms)
2026-5-20 12:05:18-debug: asset-db-hook-engine-extends-afterRefresh (4ms)
2026-5-20 12:05:21-debug: refresh db internal success
2026-5-20 12:05:21-debug: refresh db assets success
2026-5-20 12:05:21-debug: Run asset db hook engine-extends:afterRefresh ...
2026-5-20 12:05:21-debug: Run asset db hook engine-extends:afterRefresh success!
2026-5-20 12:05:21-debug: asset-db:refresh-all-database (55ms)
2026-5-20 12:05:21-debug: asset-db:worker-effect-data-processing (1ms)
2026-5-20 12:05:21-debug: asset-db-hook-engine-extends-afterRefresh (1ms)
2026-5-20 12:05:22-debug: %cImport%c: /Users/xiejianfeng/Downloads/Zuma/assets/Prefab/blueball.prefabbackground: #aaff85; color: #000;color: #000;
2026-5-20 12:05:22-debug: asset-db:reimport-asset057fd5d8-92b4-4fd2-a19c-499722dcb9df (14ms)
2026-5-20 12:05:31-debug: refresh db internal success
2026-5-20 12:05:31-debug: refresh db assets success
2026-5-20 12:05:31-debug: Run asset db hook engine-extends:afterRefresh ...
2026-5-20 12:05:31-debug: Run asset db hook engine-extends:afterRefresh success!
2026-5-20 12:05:31-debug: asset-db:refresh-all-database (44ms)
2026-5-20 12:05:31-debug: asset-db:worker-effect-data-processing (1ms)
2026-5-20 12:05:31-debug: asset-db-hook-engine-extends-afterRefresh (1ms)
2026-5-20 12:05:32-debug: %cImport%c: /Users/xiejianfeng/Downloads/Zuma/assets/Prefab/greenball.prefabbackground: #aaff85; color: #000;color: #000;
2026-5-20 12:05:32-debug: asset-db:reimport-assetb2172737-b3d3-4abd-83f6-bc6f91dee69d (10ms)
2026-5-20 12:05:43-debug: %cImport%c: /Users/xiejianfeng/Downloads/Zuma/assets/Prefab/redball.prefabbackground: #aaff85; color: #000;color: #000;
2026-5-20 12:05:43-debug: asset-db:reimport-assetdf9fdd9b-4f58-4df2-8b0d-7aecc9a6daac (8ms)
2026-5-20 12:05:43-debug: refresh db internal success
2026-5-20 12:05:43-debug: refresh db assets success
2026-5-20 12:05:43-debug: Run asset db hook engine-extends:afterRefresh ...
2026-5-20 12:05:43-debug: Run asset db hook engine-extends:afterRefresh success!
2026-5-20 12:05:43-debug: asset-db:refresh-all-database (32ms)
2026-5-20 12:05:43-debug: asset-db:worker-effect-data-processing (2ms)
2026-5-20 12:05:43-debug: asset-db-hook-engine-extends-afterRefresh (2ms)
2026-5-20 12:05:54-debug: refresh db internal success
2026-5-20 12:05:54-debug: refresh db assets success
2026-5-20 12:05:54-debug: Run asset db hook engine-extends:afterRefresh ...
2026-5-20 12:05:54-debug: Run asset db hook engine-extends:afterRefresh success!
2026-5-20 12:05:54-debug: asset-db:refresh-all-database (26ms)
2026-5-20 12:05:54-debug: asset-db-hook-engine-extends-afterRefresh (1ms)
2026-5-20 12:05:54-debug: asset-db:worker-effect-data-processing (1ms)
2026-5-20 12:05:54-debug: %cImport%c: /Users/xiejianfeng/Downloads/Zuma/assets/Prefab/yellowball.prefabbackground: #aaff85; color: #000;color: #000;
2026-5-20 12:05:54-debug: asset-db:reimport-asset82911afa-a713-4522-99c2-437f3fd9e61a (9ms)
2026-5-20 12:06:06-debug: refresh db internal success
2026-5-20 12:06:06-debug: refresh db assets success
2026-5-20 12:06:06-debug: Run asset db hook engine-extends:afterRefresh success!
2026-5-20 12:06:06-debug: Run asset db hook engine-extends:afterRefresh ...
2026-5-20 12:06:06-debug: asset-db:refresh-all-database (36ms)
2026-5-20 12:06:06-debug: asset-db:worker-effect-data-processing (1ms)
2026-5-20 12:06:06-debug: asset-db-hook-engine-extends-afterRefresh (2ms)
2026-5-20 12:06:21-debug: refresh db internal success
2026-5-20 12:06:21-debug: refresh db assets success
2026-5-20 12:06:21-debug: Run asset db hook engine-extends:afterRefresh ...
2026-5-20 12:06:21-debug: Run asset db hook engine-extends:afterRefresh success!
2026-5-20 12:06:21-debug: asset-db:refresh-all-database (29ms)
2026-5-20 12:06:21-debug: asset-db:worker-effect-data-processing (1ms)
2026-5-20 12:06:21-debug: asset-db-hook-engine-extends-afterRefresh (1ms)
2026-5-20 12:06:24-debug: %cImport%c: /Users/xiejianfeng/Downloads/Zuma/assets/Prefab/purpleball.prefabbackground: #aaff85; color: #000;color: #000;
2026-5-20 12:06:24-debug: asset-db:reimport-assetd925c92c-a136-49bc-ab29-e3f5c827f7ea (5ms)
2026-5-20 12:06:45-debug: refresh db internal success
2026-5-20 12:06:45-debug: refresh db assets success
2026-5-20 12:06:45-debug: Run asset db hook engine-extends:afterRefresh success!
2026-5-20 12:06:45-debug: Run asset db hook engine-extends:afterRefresh ...
2026-5-20 12:06:45-debug: asset-db:refresh-all-database (33ms)
2026-5-20 12:06:45-debug: asset-db:worker-effect-data-processing (2ms)
2026-5-20 12:06:45-debug: asset-db-hook-engine-extends-afterRefresh (2ms)
2026-5-20 12:07:04-debug: refresh db internal success
2026-5-20 12:07:04-debug: %cImport%c: /Users/xiejianfeng/Downloads/Zuma/assets/Script/BallCollision.tsbackground: #aaff85; color: #000;color: #000;
2026-5-20 12:07:04-debug: refresh db assets success
2026-5-20 12:07:04-debug: Run asset db hook engine-extends:afterRefresh ...
2026-5-20 12:07:04-debug: Run asset db hook engine-extends:afterRefresh success!
2026-5-20 12:07:04-debug: asset-db:refresh-all-database (42ms)
2026-5-20 12:07:04-debug: asset-db:worker-effect-data-processing (3ms)
2026-5-20 12:07:04-debug: asset-db-hook-engine-extends-afterRefresh (3ms)
2026-5-20 12:07:06-debug: %cImport%c: /Users/xiejianfeng/Downloads/Zuma/assets/Prefab/purpleball.prefabbackground: #aaff85; color: #000;color: #000;
2026-5-20 12:07:06-debug: asset-db:reimport-assetd925c92c-a136-49bc-ab29-e3f5c827f7ea (6ms)
2026-5-20 12:07:11-debug: Query all assets info in project
2026-5-20 12:07:11-debug: init custom config: keepNodeUuid: false, useCache: true
2026-5-20 12:07:11-debug: Skip compress image, progress: 0%
2026-5-20 12:07:11-debug: Init all bundles start..., progress: 0%
2026-5-20 12:07:11-debug: Num of bundles: 2..., progress: 0%
2026-5-20 12:07:11-debug: 查询 Asset Bundle start, progress: 0%
2026-5-20 12:07:11-debug: // ---- build task 查询 Asset Bundle ----
2026-5-20 12:07:11-debug: Init bundle root assets start..., progress: 0%
2026-5-20 12:07:11-debug: Query preload assets/scripts from cc.config.json: 60f7195c-ec2a-45eb-ba94-8955f60e81d0,1c02ae6f-4492-4915-b8f8-7492a3b1e4cd,810e96e4-e456-4468-9b59-f4e8f39732c0,efe8e2a3-eace-427b-b4f1-cb8a937ec77d,e9aa9a3e-5b2b-4ac7-a2c7-073de2b2b24f,8bbdbcdd-5cd4-4100-b6d5-b7c9625b6107,50f4348b-c883-4e2f-8f11-ce233b859fa1,fda095cb-831d-4601-ad94-846013963de8,f92806d7-1768-443f-afe8-12bcde84d0f0,dd3a144d-ab7f-41f0-82b8-2e43a090d496,f0416e68-0200-4b77-a926-4f9d16e494da,970b0598-bcb0-4714-91fb-2e81440dccd8,bcd64cc6-2dd9-43f6-abbe-66318d332032,d930590d-bb92-4cc8-8bd1-23cd027f9edf,a3cd009f-0ab0-420d-9278-b9fdab939bbc,6a2d0734-bd9e-4ddf-946e-caa52498cb75,c27215d8-6835-4b68-bfbb-bdeac6100c04,b5d6115f-0370-4d7c-aad3-c194cc71cf98,871c3b6c-7379-419d-bda3-794b239ab90d,ff9b0199-ce04-4cfe-86cc-6c719f08d6e4,de1c2107-70c8-4021-8459-6399f24d01c6,cbf30902-517f-40dc-af90-a550bac27cf1,5c601d96-e4c7-4698-991b-7ee674b11079
2026-5-20 12:07:11-debug: Init bundle root assets success..., progress: 0%
2026-5-20 12:07:11-debug:   Number of all scenes: 2
2026-5-20 12:07:11-debug:   Number of other assets: 338
2026-5-20 12:07:11-debug:   Number of all scripts: 11
2026-5-20 12:07:11-debug: // ---- build task 查询 Asset Bundle ---- (15ms)
2026-5-20 12:07:11-log: run build task 查询 Asset Bundle success in 15 ms√, progress: 5%
2026-5-20 12:07:11-debug: [Build Memory track]: 查询 Asset Bundle start:243.96MB, end 243.56MB, increase: -399.75KB
2026-5-20 12:07:11-debug: // ---- build task 查询 Asset Bundle ----
2026-5-20 12:07:11-debug: 查询 Asset Bundle start, progress: 5%
2026-5-20 12:07:11-debug: // ---- build task 查询 Asset Bundle ---- (2ms)
2026-5-20 12:07:11-log: run build task 查询 Asset Bundle success in 2 ms√, progress: 10%
2026-5-20 12:07:11-debug: [Build Memory track]: 查询 Asset Bundle start:243.59MB, end 243.69MB, increase: 104.97KB
2026-5-20 12:07:11-debug: 整理部分构建选项内数据到 settings.json start, progress: 10%
2026-5-20 12:07:11-debug: // ---- build task 整理部分构建选项内数据到 settings.json ----
2026-5-20 12:07:11-debug: // ---- build task 整理部分构建选项内数据到 settings.json ---- (1ms)
2026-5-20 12:07:11-log: run build task 整理部分构建选项内数据到 settings.json success in 1 ms√, progress: 12%
2026-5-20 12:07:11-debug: [Build Memory track]: 整理部分构建选项内数据到 settings.json start:243.72MB, end 243.74MB, increase: 24.11KB
2026-5-20 12:07:11-debug: 填充脚本数据到 settings.json start, progress: 12%
2026-5-20 12:07:11-debug: // ---- build task 填充脚本数据到 settings.json ----
2026-5-20 12:07:11-debug: // ---- build task 填充脚本数据到 settings.json ---- (2ms)
2026-5-20 12:07:11-log: run build task 填充脚本数据到 settings.json success in 2 ms√, progress: 13%
2026-5-20 12:07:11-debug: [Build Memory track]: 填充脚本数据到 settings.json start:243.77MB, end 243.79MB, increase: 23.61KB
2026-5-20 12:07:11-debug: 整理部分构建选项内数据到 settings.json start, progress: 13%
2026-5-20 12:07:11-debug: // ---- build task 整理部分构建选项内数据到 settings.json ----
2026-5-20 12:07:11-debug: // ---- build task 整理部分构建选项内数据到 settings.json ---- (4ms)
2026-5-20 12:07:11-log: run build task 整理部分构建选项内数据到 settings.json success in 4 ms√, progress: 15%
2026-5-20 12:07:11-debug: [Build Memory track]: 整理部分构建选项内数据到 settings.json start:243.82MB, end 243.94MB, increase: 121.76KB
2026-5-20 12:10:54-debug: refresh db internal success
2026-5-20 12:10:54-debug: %cImport%c: /Users/xiejianfeng/Downloads/Zuma/assets/Script/Control.tsbackground: #aaff85; color: #000;color: #000;
2026-5-20 12:10:54-debug: refresh db assets success
2026-5-20 12:10:54-debug: Run asset db hook engine-extends:afterRefresh success!
2026-5-20 12:10:54-debug: Run asset db hook engine-extends:afterRefresh ...
2026-5-20 12:10:54-debug: asset-db:refresh-all-database (52ms)
2026-5-20 12:10:54-debug: asset-db:worker-effect-data-processing (3ms)
2026-5-20 12:10:54-debug: asset-db-hook-engine-extends-afterRefresh (3ms)
2026-5-20 12:10:55-debug: %cImport%c: /Users/xiejianfeng/Downloads/Zuma/assets/Scene/Map1.scenebackground: #aaff85; color: #000;color: #000;
2026-5-20 12:10:55-debug: asset-db:reimport-assetba60efc0-dcd1-4d9b-a1fc-495b102b261d (19ms)
2026-5-20 12:10:58-debug: Query all assets info in project
2026-5-20 12:10:58-debug: init custom config: keepNodeUuid: false, useCache: true
2026-5-20 12:10:58-debug: Skip compress image, progress: 0%
2026-5-20 12:10:58-debug: Init all bundles start..., progress: 0%
2026-5-20 12:10:58-debug: Num of bundles: 2..., progress: 0%
2026-5-20 12:10:58-debug: 查询 Asset Bundle start, progress: 0%
2026-5-20 12:10:58-debug: // ---- build task 查询 Asset Bundle ----
2026-5-20 12:10:58-debug: Init bundle root assets start..., progress: 0%
2026-5-20 12:10:58-debug: Query preload assets/scripts from cc.config.json: 60f7195c-ec2a-45eb-ba94-8955f60e81d0,1c02ae6f-4492-4915-b8f8-7492a3b1e4cd,810e96e4-e456-4468-9b59-f4e8f39732c0,efe8e2a3-eace-427b-b4f1-cb8a937ec77d,e9aa9a3e-5b2b-4ac7-a2c7-073de2b2b24f,8bbdbcdd-5cd4-4100-b6d5-b7c9625b6107,50f4348b-c883-4e2f-8f11-ce233b859fa1,fda095cb-831d-4601-ad94-846013963de8,f92806d7-1768-443f-afe8-12bcde84d0f0,dd3a144d-ab7f-41f0-82b8-2e43a090d496,f0416e68-0200-4b77-a926-4f9d16e494da,970b0598-bcb0-4714-91fb-2e81440dccd8,bcd64cc6-2dd9-43f6-abbe-66318d332032,d930590d-bb92-4cc8-8bd1-23cd027f9edf,a3cd009f-0ab0-420d-9278-b9fdab939bbc,6a2d0734-bd9e-4ddf-946e-caa52498cb75,c27215d8-6835-4b68-bfbb-bdeac6100c04,b5d6115f-0370-4d7c-aad3-c194cc71cf98,871c3b6c-7379-419d-bda3-794b239ab90d,ff9b0199-ce04-4cfe-86cc-6c719f08d6e4,de1c2107-70c8-4021-8459-6399f24d01c6,cbf30902-517f-40dc-af90-a550bac27cf1,5c601d96-e4c7-4698-991b-7ee674b11079
2026-5-20 12:10:58-debug:   Number of all scripts: 11
2026-5-20 12:10:58-debug: Init bundle root assets success..., progress: 0%
2026-5-20 12:10:58-debug:   Number of other assets: 338
2026-5-20 12:10:58-debug:   Number of all scenes: 2
2026-5-20 12:10:58-debug: // ---- build task 查询 Asset Bundle ---- (4ms)
2026-5-20 12:10:58-debug: [Build Memory track]: 查询 Asset Bundle start:244.72MB, end 244.44MB, increase: -278.27KB
2026-5-20 12:10:58-debug: 查询 Asset Bundle start, progress: 5%
2026-5-20 12:10:58-log: run build task 查询 Asset Bundle success in 4 ms√, progress: 5%
2026-5-20 12:10:58-debug: // ---- build task 查询 Asset Bundle ----
2026-5-20 12:10:58-debug: // ---- build task 查询 Asset Bundle ---- (1ms)
2026-5-20 12:10:58-debug: // ---- build task 整理部分构建选项内数据到 settings.json ----
2026-5-20 12:10:58-debug: [Build Memory track]: 查询 Asset Bundle start:244.47MB, end 244.57MB, increase: 104.08KB
2026-5-20 12:10:58-debug: 整理部分构建选项内数据到 settings.json start, progress: 10%
2026-5-20 12:10:58-log: run build task 查询 Asset Bundle success in 1 ms√, progress: 10%
2026-5-20 12:10:58-log: run build task 整理部分构建选项内数据到 settings.json success in √, progress: 12%
2026-5-20 12:10:58-debug: 填充脚本数据到 settings.json start, progress: 12%
2026-5-20 12:10:58-debug: // ---- build task 填充脚本数据到 settings.json ----
2026-5-20 12:10:58-debug: [Build Memory track]: 整理部分构建选项内数据到 settings.json start:244.60MB, end 244.62MB, increase: 17.22KB
2026-5-20 12:10:58-log: run build task 填充脚本数据到 settings.json success in √, progress: 13%
2026-5-20 12:10:58-debug: [Build Memory track]: 填充脚本数据到 settings.json start:244.64MB, end 243.94MB, increase: -721.13KB
2026-5-20 12:10:58-debug: 整理部分构建选项内数据到 settings.json start, progress: 13%
2026-5-20 12:10:58-debug: // ---- build task 整理部分构建选项内数据到 settings.json ----
2026-5-20 12:10:58-debug: // ---- build task 整理部分构建选项内数据到 settings.json ---- (3ms)
2026-5-20 12:10:58-log: run build task 整理部分构建选项内数据到 settings.json success in 3 ms√, progress: 15%
2026-5-20 12:10:58-debug: [Build Memory track]: 整理部分构建选项内数据到 settings.json start:243.97MB, end 244.08MB, increase: 121.83KB
2026-5-20 12:12:39-debug: refresh db internal success
2026-5-20 12:12:39-debug: refresh db assets success
2026-5-20 12:12:39-debug: Run asset db hook engine-extends:afterRefresh ...
2026-5-20 12:12:39-debug: Run asset db hook engine-extends:afterRefresh success!
2026-5-20 12:12:39-debug: asset-db:refresh-all-database (55ms)
2026-5-20 12:12:39-debug: asset-db:worker-effect-data-processing (1ms)
2026-5-20 12:12:39-debug: asset-db-hook-engine-extends-afterRefresh (1ms)
2026-5-20 12:13:30-debug: refresh db internal success
2026-5-20 12:13:30-debug: refresh db assets success
2026-5-20 12:13:30-debug: Run asset db hook engine-extends:afterRefresh success!
2026-5-20 12:13:30-debug: Run asset db hook engine-extends:afterRefresh ...
2026-5-20 12:13:30-debug: asset-db:refresh-all-database (39ms)
2026-5-20 12:13:30-debug: asset-db:worker-effect-data-processing (1ms)
2026-5-20 12:13:30-debug: asset-db-hook-engine-extends-afterRefresh (1ms)
2026-5-20 12:14:45-debug: refresh db internal success
2026-5-20 12:14:45-debug: %cImport%c: /Users/xiejianfeng/Downloads/Zuma/assets/Script/Control.tsbackground: #aaff85; color: #000;color: #000;
2026-5-20 12:14:45-debug: refresh db assets success
2026-5-20 12:14:45-debug: Run asset db hook engine-extends:afterRefresh ...
2026-5-20 12:14:45-debug: Run asset db hook engine-extends:afterRefresh success!
2026-5-20 12:14:45-debug: asset-db:refresh-all-database (250ms)
2026-5-20 12:14:45-debug: asset-db-hook-engine-extends-afterRefresh (3ms)
2026-5-20 12:14:45-debug: asset-db:worker-effect-data-processing (2ms)
2026-5-20 12:14:46-debug: %cImport%c: /Users/xiejianfeng/Downloads/Zuma/assets/Scene/Map1.scenebackground: #aaff85; color: #000;color: #000;
2026-5-20 12:14:46-debug: asset-db:reimport-assetba60efc0-dcd1-4d9b-a1fc-495b102b261d (11ms)
2026-5-20 12:14:52-debug: %cImport%c: /Users/xiejianfeng/Downloads/Zuma/assets/Scene/Map1.scenebackground: #aaff85; color: #000;color: #000;
2026-5-20 12:14:52-debug: asset-db:reimport-assetba60efc0-dcd1-4d9b-a1fc-495b102b261d (25ms)
2026-5-20 12:14:54-debug: Query all assets info in project
2026-5-20 12:14:54-debug: init custom config: keepNodeUuid: false, useCache: true
2026-5-20 12:14:54-debug: Skip compress image, progress: 0%
2026-5-20 12:14:54-debug: Init all bundles start..., progress: 0%
2026-5-20 12:14:54-debug: Num of bundles: 2..., progress: 0%
2026-5-20 12:14:54-debug: 查询 Asset Bundle start, progress: 0%
2026-5-20 12:14:54-debug: // ---- build task 查询 Asset Bundle ----
2026-5-20 12:14:54-debug: Init bundle root assets start..., progress: 0%
2026-5-20 12:14:54-debug: Query preload assets/scripts from cc.config.json: 60f7195c-ec2a-45eb-ba94-8955f60e81d0,1c02ae6f-4492-4915-b8f8-7492a3b1e4cd,810e96e4-e456-4468-9b59-f4e8f39732c0,efe8e2a3-eace-427b-b4f1-cb8a937ec77d,e9aa9a3e-5b2b-4ac7-a2c7-073de2b2b24f,8bbdbcdd-5cd4-4100-b6d5-b7c9625b6107,50f4348b-c883-4e2f-8f11-ce233b859fa1,fda095cb-831d-4601-ad94-846013963de8,f92806d7-1768-443f-afe8-12bcde84d0f0,dd3a144d-ab7f-41f0-82b8-2e43a090d496,f0416e68-0200-4b77-a926-4f9d16e494da,970b0598-bcb0-4714-91fb-2e81440dccd8,bcd64cc6-2dd9-43f6-abbe-66318d332032,d930590d-bb92-4cc8-8bd1-23cd027f9edf,a3cd009f-0ab0-420d-9278-b9fdab939bbc,6a2d0734-bd9e-4ddf-946e-caa52498cb75,c27215d8-6835-4b68-bfbb-bdeac6100c04,b5d6115f-0370-4d7c-aad3-c194cc71cf98,871c3b6c-7379-419d-bda3-794b239ab90d,ff9b0199-ce04-4cfe-86cc-6c719f08d6e4,de1c2107-70c8-4021-8459-6399f24d01c6,cbf30902-517f-40dc-af90-a550bac27cf1,5c601d96-e4c7-4698-991b-7ee674b11079
2026-5-20 12:14:54-debug:   Number of all scripts: 11
2026-5-20 12:14:54-debug:   Number of all scenes: 2
2026-5-20 12:14:54-debug: Init bundle root assets success..., progress: 0%
2026-5-20 12:14:54-debug:   Number of other assets: 338
2026-5-20 12:14:54-debug: // ---- build task 查询 Asset Bundle ---- (4ms)
2026-5-20 12:14:54-log: run build task 查询 Asset Bundle success in 4 ms√, progress: 5%
2026-5-20 12:14:54-debug: [Build Memory track]: 查询 Asset Bundle start:224.65MB, end 224.49MB, increase: -172.24KB
2026-5-20 12:14:54-debug: // ---- build task 查询 Asset Bundle ----
2026-5-20 12:14:54-debug: 查询 Asset Bundle start, progress: 5%
2026-5-20 12:14:54-debug: // ---- build task 查询 Asset Bundle ---- (2ms)
2026-5-20 12:14:54-log: run build task 查询 Asset Bundle success in 2 ms√, progress: 10%
2026-5-20 12:14:54-debug: [Build Memory track]: 查询 Asset Bundle start:224.51MB, end 224.61MB, increase: 104.37KB
2026-5-20 12:14:54-debug: // ---- build task 整理部分构建选项内数据到 settings.json ----
2026-5-20 12:14:54-debug: 整理部分构建选项内数据到 settings.json start, progress: 10%
2026-5-20 12:14:54-debug: // ---- build task 整理部分构建选项内数据到 settings.json ---- (1ms)
2026-5-20 12:14:54-log: run build task 整理部分构建选项内数据到 settings.json success in 1 ms√, progress: 12%
2026-5-20 12:14:54-debug: [Build Memory track]: 整理部分构建选项内数据到 settings.json start:224.64MB, end 224.66MB, increase: 23.97KB
2026-5-20 12:14:54-debug: 填充脚本数据到 settings.json start, progress: 12%
2026-5-20 12:14:54-debug: // ---- build task 填充脚本数据到 settings.json ----
2026-5-20 12:14:54-debug: // ---- build task 填充脚本数据到 settings.json ---- (1ms)
2026-5-20 12:14:54-log: run build task 填充脚本数据到 settings.json success in 1 ms√, progress: 13%
2026-5-20 12:14:54-debug: [Build Memory track]: 填充脚本数据到 settings.json start:224.69MB, end 224.72MB, increase: 23.63KB
2026-5-20 12:14:54-debug: 整理部分构建选项内数据到 settings.json start, progress: 13%
2026-5-20 12:14:54-debug: // ---- build task 整理部分构建选项内数据到 settings.json ----
2026-5-20 12:14:54-debug: // ---- build task 整理部分构建选项内数据到 settings.json ---- (4ms)
2026-5-20 12:14:54-log: run build task 整理部分构建选项内数据到 settings.json success in 4 ms√, progress: 15%
2026-5-20 12:14:54-debug: [Build Memory track]: 整理部分构建选项内数据到 settings.json start:224.74MB, end 224.11MB, increase: -645.77KB
2026-5-20 12:16:37-debug: refresh db internal success
2026-5-20 12:16:37-debug: %cImport%c: /Users/xiejianfeng/Downloads/Zuma/assets/Script/Control.tsbackground: #aaff85; color: #000;color: #000;
2026-5-20 12:16:37-debug: refresh db assets success
2026-5-20 12:16:37-debug: Run asset db hook engine-extends:afterRefresh ...
2026-5-20 12:16:37-debug: Run asset db hook engine-extends:afterRefresh success!
2026-5-20 12:16:37-debug: asset-db:refresh-all-database (51ms)
2026-5-20 12:16:37-debug: asset-db-hook-engine-extends-afterRefresh (4ms)
2026-5-20 12:16:37-debug: asset-db:worker-effect-data-processing (3ms)
2026-5-20 12:16:38-debug: %cImport%c: /Users/xiejianfeng/Downloads/Zuma/assets/Scene/Map1.scenebackground: #aaff85; color: #000;color: #000;
2026-5-20 12:16:38-debug: asset-db:reimport-assetba60efc0-dcd1-4d9b-a1fc-495b102b261d (7ms)
2026-5-20 12:16:41-debug: Query all assets info in project
2026-5-20 12:16:41-debug: init custom config: keepNodeUuid: false, useCache: true
2026-5-20 12:16:41-debug: Skip compress image, progress: 0%
2026-5-20 12:16:41-debug: Init all bundles start..., progress: 0%
2026-5-20 12:16:41-debug: Init bundle root assets start..., progress: 0%
2026-5-20 12:16:41-debug: 查询 Asset Bundle start, progress: 0%
2026-5-20 12:16:41-debug: // ---- build task 查询 Asset Bundle ----
2026-5-20 12:16:41-debug: Num of bundles: 2..., progress: 0%
2026-5-20 12:16:41-debug: Query preload assets/scripts from cc.config.json: 60f7195c-ec2a-45eb-ba94-8955f60e81d0,1c02ae6f-4492-4915-b8f8-7492a3b1e4cd,810e96e4-e456-4468-9b59-f4e8f39732c0,efe8e2a3-eace-427b-b4f1-cb8a937ec77d,e9aa9a3e-5b2b-4ac7-a2c7-073de2b2b24f,8bbdbcdd-5cd4-4100-b6d5-b7c9625b6107,50f4348b-c883-4e2f-8f11-ce233b859fa1,fda095cb-831d-4601-ad94-846013963de8,f92806d7-1768-443f-afe8-12bcde84d0f0,dd3a144d-ab7f-41f0-82b8-2e43a090d496,f0416e68-0200-4b77-a926-4f9d16e494da,970b0598-bcb0-4714-91fb-2e81440dccd8,bcd64cc6-2dd9-43f6-abbe-66318d332032,d930590d-bb92-4cc8-8bd1-23cd027f9edf,a3cd009f-0ab0-420d-9278-b9fdab939bbc,6a2d0734-bd9e-4ddf-946e-caa52498cb75,c27215d8-6835-4b68-bfbb-bdeac6100c04,b5d6115f-0370-4d7c-aad3-c194cc71cf98,871c3b6c-7379-419d-bda3-794b239ab90d,ff9b0199-ce04-4cfe-86cc-6c719f08d6e4,de1c2107-70c8-4021-8459-6399f24d01c6,cbf30902-517f-40dc-af90-a550bac27cf1,5c601d96-e4c7-4698-991b-7ee674b11079
2026-5-20 12:16:41-debug: Init bundle root assets success..., progress: 0%
2026-5-20 12:16:41-debug:   Number of all scripts: 11
2026-5-20 12:16:41-debug:   Number of other assets: 338
2026-5-20 12:16:41-debug:   Number of all scenes: 2
2026-5-20 12:16:41-debug: // ---- build task 查询 Asset Bundle ---- (3ms)
2026-5-20 12:16:41-debug: [Build Memory track]: 查询 Asset Bundle start:225.58MB, end 225.35MB, increase: -236.07KB
2026-5-20 12:16:41-debug: 查询 Asset Bundle start, progress: 5%
2026-5-20 12:16:41-log: run build task 查询 Asset Bundle success in 3 ms√, progress: 5%
2026-5-20 12:16:41-debug: // ---- build task 查询 Asset Bundle ----
2026-5-20 12:16:41-log: run build task 查询 Asset Bundle success in 1 ms√, progress: 10%
2026-5-20 12:16:41-debug: // ---- build task 整理部分构建选项内数据到 settings.json ----
2026-5-20 12:16:41-debug: [Build Memory track]: 查询 Asset Bundle start:225.37MB, end 225.47MB, increase: 104.02KB
2026-5-20 12:16:41-debug: 整理部分构建选项内数据到 settings.json start, progress: 10%
2026-5-20 12:16:41-debug: // ---- build task 查询 Asset Bundle ---- (1ms)
2026-5-20 12:16:41-debug: // ---- build task 整理部分构建选项内数据到 settings.json ---- (1ms)
2026-5-20 12:16:41-debug: [Build Memory track]: 整理部分构建选项内数据到 settings.json start:225.50MB, end 225.53MB, increase: 23.97KB
2026-5-20 12:16:41-debug: // ---- build task 填充脚本数据到 settings.json ----
2026-5-20 12:16:41-debug: 填充脚本数据到 settings.json start, progress: 12%
2026-5-20 12:16:41-log: run build task 整理部分构建选项内数据到 settings.json success in 1 ms√, progress: 12%
2026-5-20 12:16:41-debug: // ---- build task 填充脚本数据到 settings.json ---- (1ms)
2026-5-20 12:16:41-debug: [Build Memory track]: 填充脚本数据到 settings.json start:225.55MB, end 224.86MB, increase: -707.89KB
2026-5-20 12:16:41-debug: 整理部分构建选项内数据到 settings.json start, progress: 13%
2026-5-20 12:16:41-debug: // ---- build task 整理部分构建选项内数据到 settings.json ----
2026-5-20 12:16:41-log: run build task 填充脚本数据到 settings.json success in 1 ms√, progress: 13%
2026-5-20 12:16:41-debug: // ---- build task 整理部分构建选项内数据到 settings.json ---- (5ms)
2026-5-20 12:16:41-log: run build task 整理部分构建选项内数据到 settings.json success in 5 ms√, progress: 15%
2026-5-20 12:16:41-debug: [Build Memory track]: 整理部分构建选项内数据到 settings.json start:224.89MB, end 225.02MB, increase: 134.11KB
2026-5-20 12:17:36-debug: refresh db internal success
2026-5-20 12:17:36-debug: refresh db assets success
2026-5-20 12:17:36-debug: Run asset db hook engine-extends:afterRefresh ...
2026-5-20 12:17:36-debug: Run asset db hook engine-extends:afterRefresh success!
2026-5-20 12:17:36-debug: asset-db:refresh-all-database (93ms)
2026-5-20 12:17:36-debug: asset-db:worker-effect-data-processing (1ms)
2026-5-20 12:17:36-debug: asset-db-hook-engine-extends-afterRefresh (2ms)
2026-5-20 12:18:24-debug: Query all assets info in project
2026-5-20 12:18:24-debug: init custom config: keepNodeUuid: false, useCache: true
2026-5-20 12:18:24-debug: Skip compress image, progress: 0%
2026-5-20 12:18:24-debug: Init all bundles start..., progress: 0%
2026-5-20 12:18:24-debug: 查询 Asset Bundle start, progress: 0%
2026-5-20 12:18:24-debug: // ---- build task 查询 Asset Bundle ----
2026-5-20 12:18:24-debug: Num of bundles: 2..., progress: 0%
2026-5-20 12:18:24-debug: Init bundle root assets start..., progress: 0%
2026-5-20 12:18:24-debug: Query preload assets/scripts from cc.config.json: 60f7195c-ec2a-45eb-ba94-8955f60e81d0,1c02ae6f-4492-4915-b8f8-7492a3b1e4cd,810e96e4-e456-4468-9b59-f4e8f39732c0,efe8e2a3-eace-427b-b4f1-cb8a937ec77d,e9aa9a3e-5b2b-4ac7-a2c7-073de2b2b24f,8bbdbcdd-5cd4-4100-b6d5-b7c9625b6107,50f4348b-c883-4e2f-8f11-ce233b859fa1,fda095cb-831d-4601-ad94-846013963de8,f92806d7-1768-443f-afe8-12bcde84d0f0,dd3a144d-ab7f-41f0-82b8-2e43a090d496,f0416e68-0200-4b77-a926-4f9d16e494da,970b0598-bcb0-4714-91fb-2e81440dccd8,bcd64cc6-2dd9-43f6-abbe-66318d332032,d930590d-bb92-4cc8-8bd1-23cd027f9edf,a3cd009f-0ab0-420d-9278-b9fdab939bbc,6a2d0734-bd9e-4ddf-946e-caa52498cb75,c27215d8-6835-4b68-bfbb-bdeac6100c04,b5d6115f-0370-4d7c-aad3-c194cc71cf98,871c3b6c-7379-419d-bda3-794b239ab90d,ff9b0199-ce04-4cfe-86cc-6c719f08d6e4,de1c2107-70c8-4021-8459-6399f24d01c6,cbf30902-517f-40dc-af90-a550bac27cf1,5c601d96-e4c7-4698-991b-7ee674b11079
2026-5-20 12:18:24-debug:   Number of all scenes: 2
2026-5-20 12:18:24-debug:   Number of all scripts: 11
2026-5-20 12:18:24-debug:   Number of other assets: 338
2026-5-20 12:18:24-debug: Init bundle root assets success..., progress: 0%
2026-5-20 12:18:24-debug: // ---- build task 查询 Asset Bundle ---- (5ms)
2026-5-20 12:18:24-debug: [Build Memory track]: 查询 Asset Bundle start:226.34MB, end 226.12MB, increase: -223.30KB
2026-5-20 12:18:24-debug: 查询 Asset Bundle start, progress: 5%
2026-5-20 12:18:24-log: run build task 查询 Asset Bundle success in 5 ms√, progress: 5%
2026-5-20 12:18:24-debug: // ---- build task 查询 Asset Bundle ----
2026-5-20 12:18:24-debug: // ---- build task 查询 Asset Bundle ---- (2ms)
2026-5-20 12:18:24-debug: [Build Memory track]: 查询 Asset Bundle start:226.15MB, end 226.25MB, increase: 104.02KB
2026-5-20 12:18:24-log: run build task 查询 Asset Bundle success in 2 ms√, progress: 10%
2026-5-20 12:18:24-debug: // ---- build task 整理部分构建选项内数据到 settings.json ----
2026-5-20 12:18:24-debug: 整理部分构建选项内数据到 settings.json start, progress: 10%
2026-5-20 12:18:24-log: run build task 整理部分构建选项内数据到 settings.json success in √, progress: 12%
2026-5-20 12:18:24-debug: 填充脚本数据到 settings.json start, progress: 12%
2026-5-20 12:18:24-debug: // ---- build task 填充脚本数据到 settings.json ----
2026-5-20 12:18:24-debug: [Build Memory track]: 整理部分构建选项内数据到 settings.json start:226.28MB, end 226.29MB, increase: 15.18KB
2026-5-20 12:18:24-debug: // ---- build task 填充脚本数据到 settings.json ---- (1ms)
2026-5-20 12:18:24-debug: // ---- build task 整理部分构建选项内数据到 settings.json ----
2026-5-20 12:18:24-debug: [Build Memory track]: 填充脚本数据到 settings.json start:226.32MB, end 226.34MB, increase: 22.89KB
2026-5-20 12:18:24-debug: 整理部分构建选项内数据到 settings.json start, progress: 13%
2026-5-20 12:18:24-log: run build task 填充脚本数据到 settings.json success in 1 ms√, progress: 13%
2026-5-20 12:18:24-debug: // ---- build task 整理部分构建选项内数据到 settings.json ---- (4ms)
2026-5-20 12:18:24-log: run build task 整理部分构建选项内数据到 settings.json success in 4 ms√, progress: 15%
2026-5-20 12:18:24-debug: [Build Memory track]: 整理部分构建选项内数据到 settings.json start:226.37MB, end 225.78MB, increase: -599.18KB
2026-5-20 12:20:28-debug: refresh db internal success
2026-5-20 12:20:28-debug: %cImport%c: /Users/xiejianfeng/Downloads/Zuma/assets/Script/Control.tsbackground: #aaff85; color: #000;color: #000;
2026-5-20 12:20:28-debug: refresh db assets success
2026-5-20 12:20:28-debug: Run asset db hook engine-extends:afterRefresh success!
2026-5-20 12:20:28-debug: Run asset db hook engine-extends:afterRefresh ...
2026-5-20 12:20:28-debug: asset-db-hook-engine-extends-afterRefresh (4ms)
2026-5-20 12:20:28-debug: asset-db:refresh-all-database (105ms)
2026-5-20 12:20:28-debug: asset-db:worker-effect-data-processing (2ms)
2026-5-20 12:20:30-debug: refresh db internal success
2026-5-20 12:20:30-debug: refresh db assets success
2026-5-20 12:20:30-debug: Run asset db hook engine-extends:afterRefresh success!
2026-5-20 12:20:30-debug: Run asset db hook engine-extends:afterRefresh ...
2026-5-20 12:20:30-debug: asset-db:refresh-all-database (48ms)
2026-5-20 12:20:30-debug: asset-db:worker-effect-data-processing (1ms)
2026-5-20 12:20:30-debug: asset-db-hook-engine-extends-afterRefresh (1ms)
2026-5-20 12:20:45-debug: refresh db internal success
2026-5-20 12:20:45-debug: %cImport%c: /Users/xiejianfeng/Downloads/Zuma/assets/Script/Control.tsbackground: #aaff85; color: #000;color: #000;
2026-5-20 12:20:45-debug: refresh db assets success
2026-5-20 12:20:45-debug: Run asset db hook engine-extends:afterRefresh ...
2026-5-20 12:20:45-debug: Run asset db hook engine-extends:afterRefresh success!
2026-5-20 12:20:45-debug: asset-db:refresh-all-database (37ms)
2026-5-20 12:20:45-debug: asset-db:worker-effect-data-processing (3ms)
2026-5-20 12:20:45-debug: asset-db-hook-engine-extends-afterRefresh (3ms)
2026-5-20 12:20:48-debug: Query all assets info in project
2026-5-20 12:20:48-debug: init custom config: keepNodeUuid: false, useCache: true
2026-5-20 12:20:48-debug: Skip compress image, progress: 0%
2026-5-20 12:20:48-debug: Init all bundles start..., progress: 0%
2026-5-20 12:20:48-debug: // ---- build task 查询 Asset Bundle ----
2026-5-20 12:20:48-debug: 查询 Asset Bundle start, progress: 0%
2026-5-20 12:20:48-debug: Num of bundles: 2..., progress: 0%
2026-5-20 12:20:48-debug: Init bundle root assets start..., progress: 0%
2026-5-20 12:20:48-debug: Query preload assets/scripts from cc.config.json: 60f7195c-ec2a-45eb-ba94-8955f60e81d0,1c02ae6f-4492-4915-b8f8-7492a3b1e4cd,810e96e4-e456-4468-9b59-f4e8f39732c0,efe8e2a3-eace-427b-b4f1-cb8a937ec77d,e9aa9a3e-5b2b-4ac7-a2c7-073de2b2b24f,8bbdbcdd-5cd4-4100-b6d5-b7c9625b6107,50f4348b-c883-4e2f-8f11-ce233b859fa1,fda095cb-831d-4601-ad94-846013963de8,f92806d7-1768-443f-afe8-12bcde84d0f0,dd3a144d-ab7f-41f0-82b8-2e43a090d496,f0416e68-0200-4b77-a926-4f9d16e494da,970b0598-bcb0-4714-91fb-2e81440dccd8,bcd64cc6-2dd9-43f6-abbe-66318d332032,d930590d-bb92-4cc8-8bd1-23cd027f9edf,a3cd009f-0ab0-420d-9278-b9fdab939bbc,6a2d0734-bd9e-4ddf-946e-caa52498cb75,c27215d8-6835-4b68-bfbb-bdeac6100c04,b5d6115f-0370-4d7c-aad3-c194cc71cf98,871c3b6c-7379-419d-bda3-794b239ab90d,ff9b0199-ce04-4cfe-86cc-6c719f08d6e4,de1c2107-70c8-4021-8459-6399f24d01c6,cbf30902-517f-40dc-af90-a550bac27cf1,5c601d96-e4c7-4698-991b-7ee674b11079
2026-5-20 12:20:48-debug:   Number of other assets: 338
2026-5-20 12:20:48-debug:   Number of all scripts: 11
2026-5-20 12:20:48-debug:   Number of all scenes: 2
2026-5-20 12:20:48-debug: Init bundle root assets success..., progress: 0%
2026-5-20 12:20:48-debug: // ---- build task 查询 Asset Bundle ---- (5ms)
2026-5-20 12:20:48-debug: [Build Memory track]: 查询 Asset Bundle start:227.94MB, end 227.60MB, increase: -346.94KB
2026-5-20 12:20:48-debug: 查询 Asset Bundle start, progress: 5%
2026-5-20 12:20:48-log: run build task 查询 Asset Bundle success in 5 ms√, progress: 5%
2026-5-20 12:20:48-debug: // ---- build task 查询 Asset Bundle ----
2026-5-20 12:20:48-debug: // ---- build task 查询 Asset Bundle ---- (2ms)
2026-5-20 12:20:48-debug: [Build Memory track]: 查询 Asset Bundle start:227.63MB, end 227.73MB, increase: 104.08KB
2026-5-20 12:20:48-debug: 整理部分构建选项内数据到 settings.json start, progress: 10%
2026-5-20 12:20:48-log: run build task 查询 Asset Bundle success in 2 ms√, progress: 10%
2026-5-20 12:20:48-debug: // ---- build task 整理部分构建选项内数据到 settings.json ----
2026-5-20 12:20:48-log: run build task 整理部分构建选项内数据到 settings.json success in √, progress: 12%
2026-5-20 12:20:48-debug: [Build Memory track]: 整理部分构建选项内数据到 settings.json start:227.76MB, end 227.77MB, increase: 15.21KB
2026-5-20 12:20:48-debug: 填充脚本数据到 settings.json start, progress: 12%
2026-5-20 12:20:48-debug: // ---- build task 填充脚本数据到 settings.json ----
2026-5-20 12:20:48-log: run build task 填充脚本数据到 settings.json success in √, progress: 13%
2026-5-20 12:20:48-debug: [Build Memory track]: 填充脚本数据到 settings.json start:227.80MB, end 227.81MB, increase: 14.23KB
2026-5-20 12:20:48-debug: 整理部分构建选项内数据到 settings.json start, progress: 13%
2026-5-20 12:20:48-debug: // ---- build task 整理部分构建选项内数据到 settings.json ----
2026-5-20 12:20:48-debug: // ---- build task 整理部分构建选项内数据到 settings.json ---- (4ms)
2026-5-20 12:20:48-log: run build task 整理部分构建选项内数据到 settings.json success in 4 ms√, progress: 15%
2026-5-20 12:20:48-debug: [Build Memory track]: 整理部分构建选项内数据到 settings.json start:227.84MB, end 227.96MB, increase: 120.93KB
2026-5-20 12:21:58-debug: %cImport%c: /Users/xiejianfeng/Downloads/Zuma/assets/Scene/Map1.scenebackground: #aaff85; color: #000;color: #000;
2026-5-20 12:21:58-debug: asset-db:reimport-assetba60efc0-dcd1-4d9b-a1fc-495b102b261d (7ms)
2026-5-20 12:22:00-debug: Query all assets info in project
2026-5-20 12:22:00-debug: init custom config: keepNodeUuid: false, useCache: true
2026-5-20 12:22:00-debug: Skip compress image, progress: 0%
2026-5-20 12:22:00-debug: Init all bundles start..., progress: 0%
2026-5-20 12:22:00-debug: Init bundle root assets start..., progress: 0%
2026-5-20 12:22:00-debug: 查询 Asset Bundle start, progress: 0%
2026-5-20 12:22:00-debug: // ---- build task 查询 Asset Bundle ----
2026-5-20 12:22:00-debug: Num of bundles: 2..., progress: 0%
2026-5-20 12:22:00-debug: Query preload assets/scripts from cc.config.json: 60f7195c-ec2a-45eb-ba94-8955f60e81d0,1c02ae6f-4492-4915-b8f8-7492a3b1e4cd,810e96e4-e456-4468-9b59-f4e8f39732c0,efe8e2a3-eace-427b-b4f1-cb8a937ec77d,e9aa9a3e-5b2b-4ac7-a2c7-073de2b2b24f,8bbdbcdd-5cd4-4100-b6d5-b7c9625b6107,50f4348b-c883-4e2f-8f11-ce233b859fa1,fda095cb-831d-4601-ad94-846013963de8,f92806d7-1768-443f-afe8-12bcde84d0f0,dd3a144d-ab7f-41f0-82b8-2e43a090d496,f0416e68-0200-4b77-a926-4f9d16e494da,970b0598-bcb0-4714-91fb-2e81440dccd8,bcd64cc6-2dd9-43f6-abbe-66318d332032,d930590d-bb92-4cc8-8bd1-23cd027f9edf,a3cd009f-0ab0-420d-9278-b9fdab939bbc,6a2d0734-bd9e-4ddf-946e-caa52498cb75,c27215d8-6835-4b68-bfbb-bdeac6100c04,b5d6115f-0370-4d7c-aad3-c194cc71cf98,871c3b6c-7379-419d-bda3-794b239ab90d,ff9b0199-ce04-4cfe-86cc-6c719f08d6e4,de1c2107-70c8-4021-8459-6399f24d01c6,cbf30902-517f-40dc-af90-a550bac27cf1,5c601d96-e4c7-4698-991b-7ee674b11079
2026-5-20 12:22:00-debug:   Number of other assets: 338
2026-5-20 12:22:00-debug: Init bundle root assets success..., progress: 0%
2026-5-20 12:22:00-debug:   Number of all scenes: 2
2026-5-20 12:22:00-debug:   Number of all scripts: 11
2026-5-20 12:22:00-debug: // ---- build task 查询 Asset Bundle ---- (6ms)
2026-5-20 12:22:00-debug: 查询 Asset Bundle start, progress: 5%
2026-5-20 12:22:00-debug: [Build Memory track]: 查询 Asset Bundle start:228.06MB, end 227.73MB, increase: -333.62KB
2026-5-20 12:22:00-debug: // ---- build task 查询 Asset Bundle ----
2026-5-20 12:22:00-log: run build task 查询 Asset Bundle success in 6 ms√, progress: 5%
2026-5-20 12:22:00-debug: // ---- build task 查询 Asset Bundle ---- (2ms)
2026-5-20 12:22:00-log: run build task 查询 Asset Bundle success in 2 ms√, progress: 10%
2026-5-20 12:22:00-debug: [Build Memory track]: 查询 Asset Bundle start:227.76MB, end 227.88MB, increase: 125.42KB
2026-5-20 12:22:00-debug: 整理部分构建选项内数据到 settings.json start, progress: 10%
2026-5-20 12:22:00-debug: // ---- build task 整理部分构建选项内数据到 settings.json ----
2026-5-20 12:22:00-debug: // ---- build task 整理部分构建选项内数据到 settings.json ---- (1ms)
2026-5-20 12:22:00-log: run build task 整理部分构建选项内数据到 settings.json success in 1 ms√, progress: 12%
2026-5-20 12:22:00-debug: [Build Memory track]: 整理部分构建选项内数据到 settings.json start:227.91MB, end 227.93MB, increase: 23.95KB
2026-5-20 12:22:00-debug: 填充脚本数据到 settings.json start, progress: 12%
2026-5-20 12:22:00-debug: // ---- build task 填充脚本数据到 settings.json ----
2026-5-20 12:22:00-debug: // ---- build task 填充脚本数据到 settings.json ---- (1ms)
2026-5-20 12:22:00-debug: 整理部分构建选项内数据到 settings.json start, progress: 13%
2026-5-20 12:22:00-debug: [Build Memory track]: 填充脚本数据到 settings.json start:227.96MB, end 227.99MB, increase: 23.49KB
2026-5-20 12:22:00-debug: // ---- build task 整理部分构建选项内数据到 settings.json ----
2026-5-20 12:22:00-log: run build task 填充脚本数据到 settings.json success in 1 ms√, progress: 13%
2026-5-20 12:22:00-debug: // ---- build task 整理部分构建选项内数据到 settings.json ---- (3ms)
2026-5-20 12:22:00-log: run build task 整理部分构建选项内数据到 settings.json success in 3 ms√, progress: 15%
2026-5-20 12:22:00-debug: [Build Memory track]: 整理部分构建选项内数据到 settings.json start:228.01MB, end 228.13MB, increase: 121.61KB
2026-5-20 12:22:29-debug: %cImport%c: /Users/xiejianfeng/Downloads/Zuma/assets/Scene/Map1.scenebackground: #aaff85; color: #000;color: #000;
2026-5-20 12:22:29-debug: asset-db:reimport-assetba60efc0-dcd1-4d9b-a1fc-495b102b261d (6ms)
2026-5-20 12:22:29-debug: Query all assets info in project
2026-5-20 12:22:29-debug: init custom config: keepNodeUuid: false, useCache: true
2026-5-20 12:22:29-debug: Skip compress image, progress: 0%
2026-5-20 12:22:29-debug: Init all bundles start..., progress: 0%
2026-5-20 12:22:29-debug: Num of bundles: 2..., progress: 0%
2026-5-20 12:22:29-debug: 查询 Asset Bundle start, progress: 0%
2026-5-20 12:22:29-debug: // ---- build task 查询 Asset Bundle ----
2026-5-20 12:22:29-debug: Init bundle root assets start..., progress: 0%
2026-5-20 12:22:29-debug: Query preload assets/scripts from cc.config.json: 60f7195c-ec2a-45eb-ba94-8955f60e81d0,1c02ae6f-4492-4915-b8f8-7492a3b1e4cd,810e96e4-e456-4468-9b59-f4e8f39732c0,efe8e2a3-eace-427b-b4f1-cb8a937ec77d,e9aa9a3e-5b2b-4ac7-a2c7-073de2b2b24f,8bbdbcdd-5cd4-4100-b6d5-b7c9625b6107,50f4348b-c883-4e2f-8f11-ce233b859fa1,fda095cb-831d-4601-ad94-846013963de8,f92806d7-1768-443f-afe8-12bcde84d0f0,dd3a144d-ab7f-41f0-82b8-2e43a090d496,f0416e68-0200-4b77-a926-4f9d16e494da,970b0598-bcb0-4714-91fb-2e81440dccd8,bcd64cc6-2dd9-43f6-abbe-66318d332032,d930590d-bb92-4cc8-8bd1-23cd027f9edf,a3cd009f-0ab0-420d-9278-b9fdab939bbc,6a2d0734-bd9e-4ddf-946e-caa52498cb75,c27215d8-6835-4b68-bfbb-bdeac6100c04,b5d6115f-0370-4d7c-aad3-c194cc71cf98,871c3b6c-7379-419d-bda3-794b239ab90d,ff9b0199-ce04-4cfe-86cc-6c719f08d6e4,de1c2107-70c8-4021-8459-6399f24d01c6,cbf30902-517f-40dc-af90-a550bac27cf1,5c601d96-e4c7-4698-991b-7ee674b11079
2026-5-20 12:22:29-debug: Init bundle root assets success..., progress: 0%
2026-5-20 12:22:29-debug:   Number of all scripts: 11
2026-5-20 12:22:29-debug:   Number of other assets: 338
2026-5-20 12:22:29-debug:   Number of all scenes: 2
2026-5-20 12:22:29-debug: // ---- build task 查询 Asset Bundle ---- (4ms)
2026-5-20 12:22:29-debug: 查询 Asset Bundle start, progress: 5%
2026-5-20 12:22:29-debug: [Build Memory track]: 查询 Asset Bundle start:228.15MB, end 227.95MB, increase: -204.60KB
2026-5-20 12:22:29-log: run build task 查询 Asset Bundle success in 4 ms√, progress: 5%
2026-5-20 12:22:29-debug: // ---- build task 查询 Asset Bundle ----
2026-5-20 12:22:29-debug: // ---- build task 查询 Asset Bundle ---- (2ms)
2026-5-20 12:22:29-debug: // ---- build task 整理部分构建选项内数据到 settings.json ----
2026-5-20 12:22:29-debug: [Build Memory track]: 查询 Asset Bundle start:227.98MB, end 228.08MB, increase: 105.67KB
2026-5-20 12:22:29-debug: 整理部分构建选项内数据到 settings.json start, progress: 10%
2026-5-20 12:22:29-log: run build task 查询 Asset Bundle success in 2 ms√, progress: 10%
2026-5-20 12:22:29-log: run build task 整理部分构建选项内数据到 settings.json success in √, progress: 12%
2026-5-20 12:22:29-debug: [Build Memory track]: 整理部分构建选项内数据到 settings.json start:228.11MB, end 228.12MB, increase: 15.20KB
2026-5-20 12:22:29-debug: 填充脚本数据到 settings.json start, progress: 12%
2026-5-20 12:22:29-debug: // ---- build task 填充脚本数据到 settings.json ----
2026-5-20 12:22:29-debug: // ---- build task 填充脚本数据到 settings.json ---- (1ms)
2026-5-20 12:22:29-debug: [Build Memory track]: 填充脚本数据到 settings.json start:228.15MB, end 228.17MB, increase: 23.08KB
2026-5-20 12:22:29-debug: 整理部分构建选项内数据到 settings.json start, progress: 13%
2026-5-20 12:22:29-log: run build task 填充脚本数据到 settings.json success in 1 ms√, progress: 13%
2026-5-20 12:22:29-debug: // ---- build task 整理部分构建选项内数据到 settings.json ----
2026-5-20 12:22:29-debug: // ---- build task 整理部分构建选项内数据到 settings.json ---- (3ms)
2026-5-20 12:22:29-log: run build task 整理部分构建选项内数据到 settings.json success in 3 ms√, progress: 15%
2026-5-20 12:22:29-debug: [Build Memory track]: 整理部分构建选项内数据到 settings.json start:228.20MB, end 228.32MB, increase: 121.50KB
2026-5-20 12:22:58-debug: refresh db internal success
2026-5-20 12:22:58-debug: refresh db assets success
2026-5-20 12:22:58-debug: Run asset db hook engine-extends:afterRefresh ...
2026-5-20 12:22:58-debug: asset-db:worker-effect-data-processing (4ms)
2026-5-20 12:22:58-debug: asset-db:refresh-all-database (148ms)
2026-5-20 12:22:58-debug: Run asset db hook engine-extends:afterRefresh success!
2026-5-20 12:22:58-debug: asset-db-hook-engine-extends-afterRefresh (5ms)
2026-5-20 12:23:22-debug: Query all assets info in project
2026-5-20 12:23:22-debug: init custom config: keepNodeUuid: false, useCache: true
2026-5-20 12:23:22-debug: Skip compress image, progress: 0%
2026-5-20 12:23:22-debug: Init all bundles start..., progress: 0%
2026-5-20 12:23:22-debug: 查询 Asset Bundle start, progress: 0%
2026-5-20 12:23:22-debug: Init bundle root assets start..., progress: 0%
2026-5-20 12:23:22-debug: Num of bundles: 2..., progress: 0%
2026-5-20 12:23:22-debug: // ---- build task 查询 Asset Bundle ----
2026-5-20 12:23:22-debug: Query preload assets/scripts from cc.config.json: 60f7195c-ec2a-45eb-ba94-8955f60e81d0,1c02ae6f-4492-4915-b8f8-7492a3b1e4cd,810e96e4-e456-4468-9b59-f4e8f39732c0,efe8e2a3-eace-427b-b4f1-cb8a937ec77d,e9aa9a3e-5b2b-4ac7-a2c7-073de2b2b24f,8bbdbcdd-5cd4-4100-b6d5-b7c9625b6107,50f4348b-c883-4e2f-8f11-ce233b859fa1,fda095cb-831d-4601-ad94-846013963de8,f92806d7-1768-443f-afe8-12bcde84d0f0,dd3a144d-ab7f-41f0-82b8-2e43a090d496,f0416e68-0200-4b77-a926-4f9d16e494da,970b0598-bcb0-4714-91fb-2e81440dccd8,bcd64cc6-2dd9-43f6-abbe-66318d332032,d930590d-bb92-4cc8-8bd1-23cd027f9edf,a3cd009f-0ab0-420d-9278-b9fdab939bbc,6a2d0734-bd9e-4ddf-946e-caa52498cb75,c27215d8-6835-4b68-bfbb-bdeac6100c04,b5d6115f-0370-4d7c-aad3-c194cc71cf98,871c3b6c-7379-419d-bda3-794b239ab90d,ff9b0199-ce04-4cfe-86cc-6c719f08d6e4,de1c2107-70c8-4021-8459-6399f24d01c6,cbf30902-517f-40dc-af90-a550bac27cf1,5c601d96-e4c7-4698-991b-7ee674b11079
2026-5-20 12:23:22-debug: Init bundle root assets success..., progress: 0%
2026-5-20 12:23:22-debug:   Number of all scripts: 11
2026-5-20 12:23:22-debug:   Number of other assets: 338
2026-5-20 12:23:22-debug:   Number of all scenes: 2
2026-5-20 12:23:22-debug: // ---- build task 查询 Asset Bundle ---- (4ms)
2026-5-20 12:23:22-log: run build task 查询 Asset Bundle success in 4 ms√, progress: 5%
2026-5-20 12:23:22-debug: 查询 Asset Bundle start, progress: 5%
2026-5-20 12:23:22-debug: // ---- build task 查询 Asset Bundle ----
2026-5-20 12:23:22-debug: [Build Memory track]: 查询 Asset Bundle start:228.77MB, end 228.52MB, increase: -256.79KB
2026-5-20 12:23:22-debug: // ---- build task 查询 Asset Bundle ---- (1ms)
2026-5-20 12:23:22-debug: 整理部分构建选项内数据到 settings.json start, progress: 10%
2026-5-20 12:23:22-debug: [Build Memory track]: 查询 Asset Bundle start:228.54MB, end 228.64MB, increase: 103.82KB
2026-5-20 12:23:22-debug: // ---- build task 整理部分构建选项内数据到 settings.json ----
2026-5-20 12:23:22-log: run build task 查询 Asset Bundle success in 1 ms√, progress: 10%
2026-5-20 12:23:22-log: run build task 整理部分构建选项内数据到 settings.json success in √, progress: 12%
2026-5-20 12:23:22-debug: 填充脚本数据到 settings.json start, progress: 12%
2026-5-20 12:23:22-debug: // ---- build task 填充脚本数据到 settings.json ----
2026-5-20 12:23:22-debug: [Build Memory track]: 整理部分构建选项内数据到 settings.json start:228.67MB, end 228.69MB, increase: 15.23KB
2026-5-20 12:23:22-debug: // ---- build task 填充脚本数据到 settings.json ---- (1ms)
2026-5-20 12:23:22-log: run build task 填充脚本数据到 settings.json success in 1 ms√, progress: 13%
2026-5-20 12:23:22-debug: [Build Memory track]: 填充脚本数据到 settings.json start:228.71MB, end 228.73MB, increase: 22.87KB
2026-5-20 12:23:22-debug: 整理部分构建选项内数据到 settings.json start, progress: 13%
2026-5-20 12:23:22-debug: // ---- build task 整理部分构建选项内数据到 settings.json ----
2026-5-20 12:23:22-debug: // ---- build task 整理部分构建选项内数据到 settings.json ---- (3ms)
2026-5-20 12:23:22-log: run build task 整理部分构建选项内数据到 settings.json success in 3 ms√, progress: 15%
2026-5-20 12:23:22-debug: [Build Memory track]: 整理部分构建选项内数据到 settings.json start:228.76MB, end 228.88MB, increase: 121.53KB
2026-5-20 12:23:46-debug: Query all assets info in project
2026-5-20 12:23:46-debug: init custom config: keepNodeUuid: false, useCache: true
2026-5-20 12:23:46-debug: Skip compress image, progress: 0%
2026-5-20 12:23:46-debug: Init all bundles start..., progress: 0%
2026-5-20 12:23:46-debug: 查询 Asset Bundle start, progress: 0%
2026-5-20 12:23:46-debug: Init bundle root assets start..., progress: 0%
2026-5-20 12:23:46-debug: Num of bundles: 2..., progress: 0%
2026-5-20 12:23:46-debug: // ---- build task 查询 Asset Bundle ----
2026-5-20 12:23:46-debug: Query preload assets/scripts from cc.config.json: 60f7195c-ec2a-45eb-ba94-8955f60e81d0,1c02ae6f-4492-4915-b8f8-7492a3b1e4cd,810e96e4-e456-4468-9b59-f4e8f39732c0,efe8e2a3-eace-427b-b4f1-cb8a937ec77d,e9aa9a3e-5b2b-4ac7-a2c7-073de2b2b24f,8bbdbcdd-5cd4-4100-b6d5-b7c9625b6107,50f4348b-c883-4e2f-8f11-ce233b859fa1,fda095cb-831d-4601-ad94-846013963de8,f92806d7-1768-443f-afe8-12bcde84d0f0,dd3a144d-ab7f-41f0-82b8-2e43a090d496,f0416e68-0200-4b77-a926-4f9d16e494da,970b0598-bcb0-4714-91fb-2e81440dccd8,bcd64cc6-2dd9-43f6-abbe-66318d332032,d930590d-bb92-4cc8-8bd1-23cd027f9edf,a3cd009f-0ab0-420d-9278-b9fdab939bbc,6a2d0734-bd9e-4ddf-946e-caa52498cb75,c27215d8-6835-4b68-bfbb-bdeac6100c04,b5d6115f-0370-4d7c-aad3-c194cc71cf98,871c3b6c-7379-419d-bda3-794b239ab90d,ff9b0199-ce04-4cfe-86cc-6c719f08d6e4,de1c2107-70c8-4021-8459-6399f24d01c6,cbf30902-517f-40dc-af90-a550bac27cf1,5c601d96-e4c7-4698-991b-7ee674b11079
2026-5-20 12:23:46-debug:   Number of other assets: 338
2026-5-20 12:23:46-debug:   Number of all scripts: 11
2026-5-20 12:23:46-debug: Init bundle root assets success..., progress: 0%
2026-5-20 12:23:46-debug:   Number of all scenes: 2
2026-5-20 12:23:46-debug: // ---- build task 查询 Asset Bundle ---- (4ms)
2026-5-20 12:23:46-debug: 查询 Asset Bundle start, progress: 5%
2026-5-20 12:23:46-debug: [Build Memory track]: 查询 Asset Bundle start:229.32MB, end 229.07MB, increase: -258.87KB
2026-5-20 12:23:46-log: run build task 查询 Asset Bundle success in 4 ms√, progress: 5%
2026-5-20 12:23:46-debug: // ---- build task 查询 Asset Bundle ----
2026-5-20 12:23:46-debug: // ---- build task 查询 Asset Bundle ---- (2ms)
2026-5-20 12:23:46-debug: [Build Memory track]: 查询 Asset Bundle start:229.10MB, end 229.20MB, increase: 103.85KB
2026-5-20 12:23:46-debug: 整理部分构建选项内数据到 settings.json start, progress: 10%
2026-5-20 12:23:46-log: run build task 查询 Asset Bundle success in 2 ms√, progress: 10%
2026-5-20 12:23:46-debug: // ---- build task 整理部分构建选项内数据到 settings.json ----
2026-5-20 12:23:46-log: run build task 整理部分构建选项内数据到 settings.json success in √, progress: 12%
2026-5-20 12:23:46-debug: [Build Memory track]: 整理部分构建选项内数据到 settings.json start:229.23MB, end 229.24MB, increase: 15.25KB
2026-5-20 12:23:46-debug: 填充脚本数据到 settings.json start, progress: 12%
2026-5-20 12:23:46-debug: // ---- build task 填充脚本数据到 settings.json ----
2026-5-20 12:23:46-log: run build task 填充脚本数据到 settings.json success in √, progress: 13%
2026-5-20 12:23:46-debug: [Build Memory track]: 填充脚本数据到 settings.json start:229.27MB, end 229.28MB, increase: 14.15KB
2026-5-20 12:23:46-debug: // ---- build task 整理部分构建选项内数据到 settings.json ----
2026-5-20 12:23:46-debug: 整理部分构建选项内数据到 settings.json start, progress: 13%
2026-5-20 12:23:46-debug: // ---- build task 整理部分构建选项内数据到 settings.json ---- (4ms)
2026-5-20 12:23:46-log: run build task 整理部分构建选项内数据到 settings.json success in 4 ms√, progress: 15%
2026-5-20 12:23:46-debug: [Build Memory track]: 整理部分构建选项内数据到 settings.json start:229.31MB, end 228.72MB, increase: -603.01KB
2026-5-20 12:24:17-debug: refresh db internal success
2026-5-20 12:24:17-debug: refresh db assets success
2026-5-20 12:24:17-debug: Run asset db hook engine-extends:afterRefresh ...
2026-5-20 12:24:17-debug: Run asset db hook engine-extends:afterRefresh success!
2026-5-20 12:24:17-debug: asset-db:refresh-all-database (55ms)
2026-5-20 12:24:17-debug: asset-db:worker-effect-data-processing (1ms)
2026-5-20 12:24:17-debug: asset-db-hook-engine-extends-afterRefresh (1ms)
2026-5-20 12:28:49-debug: refresh db internal success
2026-5-20 12:28:49-debug: %cImport%c: /Users/xiejianfeng/Downloads/Zuma/assets/Script/Control.tsbackground: #aaff85; color: #000;color: #000;
2026-5-20 12:28:49-debug: refresh db assets success
2026-5-20 12:28:49-debug: Run asset db hook engine-extends:afterRefresh ...
2026-5-20 12:28:49-debug: Run asset db hook engine-extends:afterRefresh success!
2026-5-20 12:28:49-debug: asset-db:refresh-all-database (233ms)
2026-5-20 12:28:49-debug: asset-db:worker-effect-data-processing (4ms)
2026-5-20 12:28:49-debug: asset-db-hook-engine-extends-afterRefresh (6ms)
2026-5-20 12:28:50-debug: %cImport%c: /Users/xiejianfeng/Downloads/Zuma/assets/Scene/Map1.scenebackground: #aaff85; color: #000;color: #000;
2026-5-20 12:28:50-debug: asset-db:reimport-assetba60efc0-dcd1-4d9b-a1fc-495b102b261d (15ms)
2026-5-20 12:29:00-debug: refresh db internal success
2026-5-20 12:29:00-debug: refresh db assets success
2026-5-20 12:29:00-debug: Run asset db hook engine-extends:afterRefresh ...
2026-5-20 12:29:00-debug: Run asset db hook engine-extends:afterRefresh success!
2026-5-20 12:29:00-debug: asset-db:refresh-all-database (38ms)
2026-5-20 12:29:00-debug: asset-db:worker-effect-data-processing (1ms)
2026-5-20 12:29:00-debug: asset-db-hook-engine-extends-afterRefresh (1ms)
2026-5-20 12:29:02-debug: Query all assets info in project
2026-5-20 12:29:02-debug: init custom config: keepNodeUuid: false, useCache: true
2026-5-20 12:29:02-debug: Skip compress image, progress: 0%
2026-5-20 12:29:02-debug: Init all bundles start..., progress: 0%
2026-5-20 12:29:02-debug: Num of bundles: 2..., progress: 0%
2026-5-20 12:29:02-debug: 查询 Asset Bundle start, progress: 0%
2026-5-20 12:29:02-debug: // ---- build task 查询 Asset Bundle ----
2026-5-20 12:29:02-debug: Init bundle root assets start..., progress: 0%
2026-5-20 12:29:02-debug: Query preload assets/scripts from cc.config.json: 60f7195c-ec2a-45eb-ba94-8955f60e81d0,1c02ae6f-4492-4915-b8f8-7492a3b1e4cd,810e96e4-e456-4468-9b59-f4e8f39732c0,efe8e2a3-eace-427b-b4f1-cb8a937ec77d,e9aa9a3e-5b2b-4ac7-a2c7-073de2b2b24f,8bbdbcdd-5cd4-4100-b6d5-b7c9625b6107,50f4348b-c883-4e2f-8f11-ce233b859fa1,fda095cb-831d-4601-ad94-846013963de8,f92806d7-1768-443f-afe8-12bcde84d0f0,dd3a144d-ab7f-41f0-82b8-2e43a090d496,f0416e68-0200-4b77-a926-4f9d16e494da,970b0598-bcb0-4714-91fb-2e81440dccd8,bcd64cc6-2dd9-43f6-abbe-66318d332032,d930590d-bb92-4cc8-8bd1-23cd027f9edf,a3cd009f-0ab0-420d-9278-b9fdab939bbc,6a2d0734-bd9e-4ddf-946e-caa52498cb75,c27215d8-6835-4b68-bfbb-bdeac6100c04,b5d6115f-0370-4d7c-aad3-c194cc71cf98,871c3b6c-7379-419d-bda3-794b239ab90d,ff9b0199-ce04-4cfe-86cc-6c719f08d6e4,de1c2107-70c8-4021-8459-6399f24d01c6,cbf30902-517f-40dc-af90-a550bac27cf1,5c601d96-e4c7-4698-991b-7ee674b11079
2026-5-20 12:29:02-debug: Init bundle root assets success..., progress: 0%
2026-5-20 12:29:02-debug:   Number of other assets: 338
2026-5-20 12:29:02-debug:   Number of all scenes: 2
2026-5-20 12:29:02-debug:   Number of all scripts: 11
2026-5-20 12:29:02-debug: // ---- build task 查询 Asset Bundle ---- (9ms)
2026-5-20 12:29:02-log: run build task 查询 Asset Bundle success in 9 ms√, progress: 5%
2026-5-20 12:29:02-debug: [Build Memory track]: 查询 Asset Bundle start:230.82MB, end 230.53MB, increase: -301.25KB
2026-5-20 12:29:02-debug: // ---- build task 查询 Asset Bundle ----
2026-5-20 12:29:02-debug: 查询 Asset Bundle start, progress: 5%
2026-5-20 12:29:02-debug: // ---- build task 查询 Asset Bundle ---- (1ms)
2026-5-20 12:29:02-log: run build task 查询 Asset Bundle success in 1 ms√, progress: 10%
2026-5-20 12:29:02-debug: [Build Memory track]: 查询 Asset Bundle start:230.56MB, end 230.66MB, increase: 103.85KB
2026-5-20 12:29:02-debug: 整理部分构建选项内数据到 settings.json start, progress: 10%
2026-5-20 12:29:02-debug: // ---- build task 整理部分构建选项内数据到 settings.json ----
2026-5-20 12:29:02-debug: // ---- build task 整理部分构建选项内数据到 settings.json ---- (1ms)
2026-5-20 12:29:02-debug: [Build Memory track]: 整理部分构建选项内数据到 settings.json start:230.68MB, end 230.71MB, increase: 23.98KB
2026-5-20 12:29:02-debug: 填充脚本数据到 settings.json start, progress: 12%
2026-5-20 12:29:02-log: run build task 整理部分构建选项内数据到 settings.json success in 1 ms√, progress: 12%
2026-5-20 12:29:02-debug: // ---- build task 填充脚本数据到 settings.json ----
2026-5-20 12:29:02-debug: // ---- build task 填充脚本数据到 settings.json ---- (1ms)
2026-5-20 12:29:02-log: run build task 填充脚本数据到 settings.json success in 1 ms√, progress: 13%
2026-5-20 12:29:02-debug: [Build Memory track]: 填充脚本数据到 settings.json start:230.73MB, end 230.76MB, increase: 23.54KB
2026-5-20 12:29:02-debug: 整理部分构建选项内数据到 settings.json start, progress: 13%
2026-5-20 12:29:02-debug: // ---- build task 整理部分构建选项内数据到 settings.json ----
2026-5-20 12:29:02-debug: // ---- build task 整理部分构建选项内数据到 settings.json ---- (4ms)
2026-5-20 12:29:02-log: run build task 整理部分构建选项内数据到 settings.json success in 4 ms√, progress: 15%
2026-5-20 12:29:02-debug: [Build Memory track]: 整理部分构建选项内数据到 settings.json start:230.78MB, end 230.17MB, increase: -626.93KB
2026-5-20 12:30:01-debug: refresh db internal success
2026-5-20 12:30:01-debug: %cImport%c: /Users/xiejianfeng/Downloads/Zuma/assets/Script/BallCollision.tsbackground: #aaff85; color: #000;color: #000;
2026-5-20 12:30:01-debug: refresh db assets success
2026-5-20 12:30:01-debug: Run asset db hook engine-extends:afterRefresh ...
2026-5-20 12:30:01-debug: Run asset db hook engine-extends:afterRefresh success!
2026-5-20 12:30:01-debug: asset-db:worker-effect-data-processing (4ms)
2026-5-20 12:30:01-debug: asset-db:refresh-all-database (150ms)
2026-5-20 12:30:01-debug: asset-db-hook-engine-extends-afterRefresh (4ms)
2026-5-20 12:30:02-debug: %cImport%c: /Users/xiejianfeng/Downloads/Zuma/assets/Scene/Map1.scenebackground: #aaff85; color: #000;color: #000;
2026-5-20 12:30:02-debug: asset-db:reimport-assetba60efc0-dcd1-4d9b-a1fc-495b102b261d (3ms)
2026-5-20 12:30:05-debug: Query all assets info in project
2026-5-20 12:30:05-debug: init custom config: keepNodeUuid: false, useCache: true
2026-5-20 12:30:05-debug: Skip compress image, progress: 0%
2026-5-20 12:30:05-debug: Init all bundles start..., progress: 0%
2026-5-20 12:30:05-debug: Init bundle root assets start..., progress: 0%
2026-5-20 12:30:05-debug: 查询 Asset Bundle start, progress: 0%
2026-5-20 12:30:05-debug: // ---- build task 查询 Asset Bundle ----
2026-5-20 12:30:05-debug: Num of bundles: 2..., progress: 0%
2026-5-20 12:30:05-debug: Query preload assets/scripts from cc.config.json: 60f7195c-ec2a-45eb-ba94-8955f60e81d0,1c02ae6f-4492-4915-b8f8-7492a3b1e4cd,810e96e4-e456-4468-9b59-f4e8f39732c0,efe8e2a3-eace-427b-b4f1-cb8a937ec77d,e9aa9a3e-5b2b-4ac7-a2c7-073de2b2b24f,8bbdbcdd-5cd4-4100-b6d5-b7c9625b6107,50f4348b-c883-4e2f-8f11-ce233b859fa1,fda095cb-831d-4601-ad94-846013963de8,f92806d7-1768-443f-afe8-12bcde84d0f0,dd3a144d-ab7f-41f0-82b8-2e43a090d496,f0416e68-0200-4b77-a926-4f9d16e494da,970b0598-bcb0-4714-91fb-2e81440dccd8,bcd64cc6-2dd9-43f6-abbe-66318d332032,d930590d-bb92-4cc8-8bd1-23cd027f9edf,a3cd009f-0ab0-420d-9278-b9fdab939bbc,6a2d0734-bd9e-4ddf-946e-caa52498cb75,c27215d8-6835-4b68-bfbb-bdeac6100c04,b5d6115f-0370-4d7c-aad3-c194cc71cf98,871c3b6c-7379-419d-bda3-794b239ab90d,ff9b0199-ce04-4cfe-86cc-6c719f08d6e4,de1c2107-70c8-4021-8459-6399f24d01c6,cbf30902-517f-40dc-af90-a550bac27cf1,5c601d96-e4c7-4698-991b-7ee674b11079
2026-5-20 12:30:05-debug: Init bundle root assets success..., progress: 0%
2026-5-20 12:30:05-debug:   Number of all scripts: 11
2026-5-20 12:30:05-debug:   Number of other assets: 338
2026-5-20 12:30:05-debug:   Number of all scenes: 2
2026-5-20 12:30:05-debug: // ---- build task 查询 Asset Bundle ---- (4ms)
2026-5-20 12:30:05-log: run build task 查询 Asset Bundle success in 4 ms√, progress: 5%
2026-5-20 12:30:05-debug: 查询 Asset Bundle start, progress: 5%
2026-5-20 12:30:05-debug: [Build Memory track]: 查询 Asset Bundle start:231.28MB, end 231.08MB, increase: -207.14KB
2026-5-20 12:30:05-debug: // ---- build task 查询 Asset Bundle ----
2026-5-20 12:30:05-debug: // ---- build task 查询 Asset Bundle ---- (1ms)
2026-5-20 12:30:05-debug: // ---- build task 整理部分构建选项内数据到 settings.json ----
2026-5-20 12:30:05-debug: [Build Memory track]: 查询 Asset Bundle start:231.11MB, end 231.21MB, increase: 105.79KB
2026-5-20 12:30:05-debug: 整理部分构建选项内数据到 settings.json start, progress: 10%
2026-5-20 12:30:05-log: run build task 查询 Asset Bundle success in 1 ms√, progress: 10%
2026-5-20 12:30:05-debug: // ---- build task 整理部分构建选项内数据到 settings.json ---- (1ms)
2026-5-20 12:30:05-debug: // ---- build task 填充脚本数据到 settings.json ----
2026-5-20 12:30:05-debug: [Build Memory track]: 整理部分构建选项内数据到 settings.json start:231.24MB, end 231.26MB, increase: 24.16KB
2026-5-20 12:30:05-debug: 填充脚本数据到 settings.json start, progress: 12%
2026-5-20 12:30:05-log: run build task 整理部分构建选项内数据到 settings.json success in 1 ms√, progress: 12%
2026-5-20 12:30:05-debug: // ---- build task 填充脚本数据到 settings.json ---- (1ms)
2026-5-20 12:30:05-debug: [Build Memory track]: 填充脚本数据到 settings.json start:231.29MB, end 231.31MB, increase: 23.45KB
2026-5-20 12:30:05-debug: 整理部分构建选项内数据到 settings.json start, progress: 13%
2026-5-20 12:30:05-log: run build task 填充脚本数据到 settings.json success in 1 ms√, progress: 13%
2026-5-20 12:30:05-debug: // ---- build task 整理部分构建选项内数据到 settings.json ----
2026-5-20 12:30:05-debug: // ---- build task 整理部分构建选项内数据到 settings.json ---- (4ms)
2026-5-20 12:30:05-log: run build task 整理部分构建选项内数据到 settings.json success in 4 ms√, progress: 15%
2026-5-20 12:30:05-debug: [Build Memory track]: 整理部分构建选项内数据到 settings.json start:231.34MB, end 230.69MB, increase: -667.56KB
2026-5-20 12:30:36-debug: refresh db internal success
2026-5-20 12:30:36-debug: refresh db assets success
2026-5-20 12:30:36-debug: Run asset db hook engine-extends:afterRefresh ...
2026-5-20 12:30:36-debug: Run asset db hook engine-extends:afterRefresh success!
2026-5-20 12:30:36-debug: asset-db:refresh-all-database (82ms)
2026-5-20 12:30:36-debug: asset-db:worker-effect-data-processing (1ms)
2026-5-20 12:30:36-debug: asset-db-hook-engine-extends-afterRefresh (3ms)
2026-5-20 12:30:43-debug: Query all assets info in project
2026-5-20 12:30:43-debug: init custom config: keepNodeUuid: false, useCache: true
2026-5-20 12:30:43-debug: Skip compress image, progress: 0%
2026-5-20 12:30:43-debug: Init all bundles start..., progress: 0%
2026-5-20 12:30:43-debug: Num of bundles: 2..., progress: 0%
2026-5-20 12:30:43-debug: 查询 Asset Bundle start, progress: 0%
2026-5-20 12:30:43-debug: // ---- build task 查询 Asset Bundle ----
2026-5-20 12:30:43-debug: Init bundle root assets start..., progress: 0%
2026-5-20 12:30:43-debug: Query preload assets/scripts from cc.config.json: 60f7195c-ec2a-45eb-ba94-8955f60e81d0,1c02ae6f-4492-4915-b8f8-7492a3b1e4cd,810e96e4-e456-4468-9b59-f4e8f39732c0,efe8e2a3-eace-427b-b4f1-cb8a937ec77d,e9aa9a3e-5b2b-4ac7-a2c7-073de2b2b24f,8bbdbcdd-5cd4-4100-b6d5-b7c9625b6107,50f4348b-c883-4e2f-8f11-ce233b859fa1,fda095cb-831d-4601-ad94-846013963de8,f92806d7-1768-443f-afe8-12bcde84d0f0,dd3a144d-ab7f-41f0-82b8-2e43a090d496,f0416e68-0200-4b77-a926-4f9d16e494da,970b0598-bcb0-4714-91fb-2e81440dccd8,bcd64cc6-2dd9-43f6-abbe-66318d332032,d930590d-bb92-4cc8-8bd1-23cd027f9edf,a3cd009f-0ab0-420d-9278-b9fdab939bbc,6a2d0734-bd9e-4ddf-946e-caa52498cb75,c27215d8-6835-4b68-bfbb-bdeac6100c04,b5d6115f-0370-4d7c-aad3-c194cc71cf98,871c3b6c-7379-419d-bda3-794b239ab90d,ff9b0199-ce04-4cfe-86cc-6c719f08d6e4,de1c2107-70c8-4021-8459-6399f24d01c6,cbf30902-517f-40dc-af90-a550bac27cf1,5c601d96-e4c7-4698-991b-7ee674b11079
2026-5-20 12:30:43-debug:   Number of all scripts: 11
2026-5-20 12:30:43-debug: Init bundle root assets success..., progress: 0%
2026-5-20 12:30:43-debug:   Number of all scenes: 2
2026-5-20 12:30:43-debug:   Number of other assets: 338
2026-5-20 12:30:43-debug: // ---- build task 查询 Asset Bundle ---- (6ms)
2026-5-20 12:30:43-debug: [Build Memory track]: 查询 Asset Bundle start:231.82MB, end 231.55MB, increase: -278.93KB
2026-5-20 12:30:43-debug: 查询 Asset Bundle start, progress: 5%
2026-5-20 12:30:43-log: run build task 查询 Asset Bundle success in 6 ms√, progress: 5%
2026-5-20 12:30:43-debug: // ---- build task 查询 Asset Bundle ----
2026-5-20 12:30:43-debug: // ---- build task 查询 Asset Bundle ---- (2ms)
2026-5-20 12:30:43-debug: // ---- build task 整理部分构建选项内数据到 settings.json ----
2026-5-20 12:30:43-log: run build task 查询 Asset Bundle success in 2 ms√, progress: 10%
2026-5-20 12:30:43-debug: [Build Memory track]: 查询 Asset Bundle start:231.57MB, end 231.68MB, increase: 103.82KB
2026-5-20 12:30:43-debug: 整理部分构建选项内数据到 settings.json start, progress: 10%
2026-5-20 12:30:43-debug: // ---- build task 整理部分构建选项内数据到 settings.json ---- (1ms)
2026-5-20 12:30:43-log: run build task 整理部分构建选项内数据到 settings.json success in 1 ms√, progress: 12%
2026-5-20 12:30:43-debug: [Build Memory track]: 整理部分构建选项内数据到 settings.json start:231.70MB, end 231.73MB, increase: 23.98KB
2026-5-20 12:30:43-debug: 填充脚本数据到 settings.json start, progress: 12%
2026-5-20 12:30:43-debug: // ---- build task 填充脚本数据到 settings.json ----
2026-5-20 12:30:43-debug: // ---- build task 填充脚本数据到 settings.json ---- (1ms)
2026-5-20 12:30:43-log: run build task 填充脚本数据到 settings.json success in 1 ms√, progress: 13%
2026-5-20 12:30:43-debug: [Build Memory track]: 填充脚本数据到 settings.json start:231.75MB, end 231.78MB, increase: 23.51KB
2026-5-20 12:30:43-debug: 整理部分构建选项内数据到 settings.json start, progress: 13%
2026-5-20 12:30:43-debug: // ---- build task 整理部分构建选项内数据到 settings.json ----
2026-5-20 12:30:43-debug: // ---- build task 整理部分构建选项内数据到 settings.json ---- (4ms)
2026-5-20 12:30:43-log: run build task 整理部分构建选项内数据到 settings.json success in 4 ms√, progress: 15%
2026-5-20 12:30:43-debug: [Build Memory track]: 整理部分构建选项内数据到 settings.json start:231.80MB, end 231.19MB, increase: -630.92KB
2026-5-20 12:32:23-debug: refresh db internal success
2026-5-20 12:32:23-debug: %cImport%c: /Users/xiejianfeng/Downloads/Zuma/assets/Script/BallCollision.tsbackground: #aaff85; color: #000;color: #000;
2026-5-20 12:32:23-debug: refresh db assets success
2026-5-20 12:32:23-debug: Run asset db hook engine-extends:afterRefresh ...
2026-5-20 12:32:23-debug: Run asset db hook engine-extends:afterRefresh success!
2026-5-20 12:32:23-debug: asset-db:refresh-all-database (270ms)
2026-5-20 12:32:23-debug: asset-db-hook-engine-extends-afterRefresh (22ms)
2026-5-20 12:32:23-debug: asset-db:worker-effect-data-processing (19ms)
2026-5-20 12:32:36-debug: refresh db internal success
2026-5-20 12:32:36-debug: refresh db assets success
2026-5-20 12:32:36-debug: Run asset db hook engine-extends:afterRefresh success!
2026-5-20 12:32:36-debug: Run asset db hook engine-extends:afterRefresh ...
2026-5-20 12:32:36-debug: asset-db:refresh-all-database (35ms)
2026-5-20 12:32:36-debug: asset-db:worker-effect-data-processing (1ms)
2026-5-20 12:32:36-debug: asset-db-hook-engine-extends-afterRefresh (1ms)
2026-5-20 12:32:39-debug: %cImport%c: /Users/xiejianfeng/Downloads/Zuma/assets/Scene/Map1.scenebackground: #aaff85; color: #000;color: #000;
2026-5-20 12:32:39-debug: asset-db:reimport-assetba60efc0-dcd1-4d9b-a1fc-495b102b261d (16ms)
2026-5-20 12:32:40-debug: Query all assets info in project
2026-5-20 12:32:40-debug: init custom config: keepNodeUuid: false, useCache: true
2026-5-20 12:32:40-debug: Skip compress image, progress: 0%
2026-5-20 12:32:40-debug: Init all bundles start..., progress: 0%
2026-5-20 12:32:40-debug: Num of bundles: 2..., progress: 0%
2026-5-20 12:32:40-debug: Init bundle root assets start..., progress: 0%
2026-5-20 12:32:40-debug: // ---- build task 查询 Asset Bundle ----
2026-5-20 12:32:40-debug: 查询 Asset Bundle start, progress: 0%
2026-5-20 12:32:40-debug: Query preload assets/scripts from cc.config.json: 60f7195c-ec2a-45eb-ba94-8955f60e81d0,1c02ae6f-4492-4915-b8f8-7492a3b1e4cd,810e96e4-e456-4468-9b59-f4e8f39732c0,efe8e2a3-eace-427b-b4f1-cb8a937ec77d,e9aa9a3e-5b2b-4ac7-a2c7-073de2b2b24f,8bbdbcdd-5cd4-4100-b6d5-b7c9625b6107,50f4348b-c883-4e2f-8f11-ce233b859fa1,fda095cb-831d-4601-ad94-846013963de8,f92806d7-1768-443f-afe8-12bcde84d0f0,dd3a144d-ab7f-41f0-82b8-2e43a090d496,f0416e68-0200-4b77-a926-4f9d16e494da,970b0598-bcb0-4714-91fb-2e81440dccd8,bcd64cc6-2dd9-43f6-abbe-66318d332032,d930590d-bb92-4cc8-8bd1-23cd027f9edf,a3cd009f-0ab0-420d-9278-b9fdab939bbc,6a2d0734-bd9e-4ddf-946e-caa52498cb75,c27215d8-6835-4b68-bfbb-bdeac6100c04,b5d6115f-0370-4d7c-aad3-c194cc71cf98,871c3b6c-7379-419d-bda3-794b239ab90d,ff9b0199-ce04-4cfe-86cc-6c719f08d6e4,de1c2107-70c8-4021-8459-6399f24d01c6,cbf30902-517f-40dc-af90-a550bac27cf1,5c601d96-e4c7-4698-991b-7ee674b11079
2026-5-20 12:32:40-debug:   Number of all scripts: 11
2026-5-20 12:32:40-debug:   Number of all scenes: 2
2026-5-20 12:32:40-debug:   Number of other assets: 338
2026-5-20 12:32:40-debug: Init bundle root assets success..., progress: 0%
2026-5-20 12:32:40-debug: // ---- build task 查询 Asset Bundle ---- (9ms)
2026-5-20 12:32:40-log: run build task 查询 Asset Bundle success in 9 ms√, progress: 5%
2026-5-20 12:32:40-debug: [Build Memory track]: 查询 Asset Bundle start:232.91MB, end 232.53MB, increase: -390.06KB
2026-5-20 12:32:40-debug: 查询 Asset Bundle start, progress: 5%
2026-5-20 12:32:40-debug: // ---- build task 查询 Asset Bundle ----
2026-5-20 12:32:40-debug: // ---- build task 查询 Asset Bundle ---- (2ms)
2026-5-20 12:32:40-debug: [Build Memory track]: 查询 Asset Bundle start:232.56MB, end 232.66MB, increase: 103.82KB
2026-5-20 12:32:40-log: run build task 查询 Asset Bundle success in 2 ms√, progress: 10%
2026-5-20 12:32:40-debug: // ---- build task 整理部分构建选项内数据到 settings.json ----
2026-5-20 12:32:40-debug: 整理部分构建选项内数据到 settings.json start, progress: 10%
2026-5-20 12:32:40-log: run build task 整理部分构建选项内数据到 settings.json success in √, progress: 12%
2026-5-20 12:32:40-debug: 填充脚本数据到 settings.json start, progress: 12%
2026-5-20 12:32:40-debug: [Build Memory track]: 整理部分构建选项内数据到 settings.json start:232.69MB, end 232.70MB, increase: 15.33KB
2026-5-20 12:32:40-debug: // ---- build task 填充脚本数据到 settings.json ----
2026-5-20 12:32:40-log: run build task 填充脚本数据到 settings.json success in √, progress: 13%
2026-5-20 12:32:40-debug: [Build Memory track]: 填充脚本数据到 settings.json start:232.73MB, end 232.74MB, increase: 14.16KB
2026-5-20 12:32:40-debug: 整理部分构建选项内数据到 settings.json start, progress: 13%
2026-5-20 12:32:40-debug: // ---- build task 整理部分构建选项内数据到 settings.json ----
2026-5-20 12:32:40-debug: // ---- build task 整理部分构建选项内数据到 settings.json ---- (4ms)
2026-5-20 12:32:40-log: run build task 整理部分构建选项内数据到 settings.json success in 4 ms√, progress: 15%
2026-5-20 12:32:40-debug: [Build Memory track]: 整理部分构建选项内数据到 settings.json start:232.77MB, end 232.89MB, increase: 121.09KB
2026-5-20 12:34:43-debug: refresh db internal success
2026-5-20 12:34:43-debug: %cImport%c: /Users/xiejianfeng/Downloads/Zuma/assets/Script/BallCollision.tsbackground: #aaff85; color: #000;color: #000;
2026-5-20 12:34:43-debug: refresh db assets success
2026-5-20 12:34:43-debug: Run asset db hook engine-extends:afterRefresh ...
2026-5-20 12:34:43-debug: Run asset db hook engine-extends:afterRefresh success!
2026-5-20 12:34:43-debug: asset-db:refresh-all-database (194ms)
2026-5-20 12:34:43-debug: asset-db:worker-effect-data-processing (10ms)
2026-5-20 12:34:43-debug: asset-db-hook-engine-extends-afterRefresh (19ms)
2026-5-20 12:34:46-debug: Query all assets info in project
2026-5-20 12:34:46-debug: init custom config: keepNodeUuid: false, useCache: true
2026-5-20 12:34:46-debug: Skip compress image, progress: 0%
2026-5-20 12:34:46-debug: Init all bundles start..., progress: 0%
2026-5-20 12:34:46-debug: 查询 Asset Bundle start, progress: 0%
2026-5-20 12:34:46-debug: // ---- build task 查询 Asset Bundle ----
2026-5-20 12:34:46-debug: Num of bundles: 2..., progress: 0%
2026-5-20 12:34:46-debug: Init bundle root assets start..., progress: 0%
2026-5-20 12:34:46-debug: Query preload assets/scripts from cc.config.json: 60f7195c-ec2a-45eb-ba94-8955f60e81d0,1c02ae6f-4492-4915-b8f8-7492a3b1e4cd,810e96e4-e456-4468-9b59-f4e8f39732c0,efe8e2a3-eace-427b-b4f1-cb8a937ec77d,e9aa9a3e-5b2b-4ac7-a2c7-073de2b2b24f,8bbdbcdd-5cd4-4100-b6d5-b7c9625b6107,50f4348b-c883-4e2f-8f11-ce233b859fa1,fda095cb-831d-4601-ad94-846013963de8,f92806d7-1768-443f-afe8-12bcde84d0f0,dd3a144d-ab7f-41f0-82b8-2e43a090d496,f0416e68-0200-4b77-a926-4f9d16e494da,970b0598-bcb0-4714-91fb-2e81440dccd8,bcd64cc6-2dd9-43f6-abbe-66318d332032,d930590d-bb92-4cc8-8bd1-23cd027f9edf,a3cd009f-0ab0-420d-9278-b9fdab939bbc,6a2d0734-bd9e-4ddf-946e-caa52498cb75,c27215d8-6835-4b68-bfbb-bdeac6100c04,b5d6115f-0370-4d7c-aad3-c194cc71cf98,871c3b6c-7379-419d-bda3-794b239ab90d,ff9b0199-ce04-4cfe-86cc-6c719f08d6e4,de1c2107-70c8-4021-8459-6399f24d01c6,cbf30902-517f-40dc-af90-a550bac27cf1,5c601d96-e4c7-4698-991b-7ee674b11079
2026-5-20 12:34:46-debug: Init bundle root assets success..., progress: 0%
2026-5-20 12:34:46-debug:   Number of other assets: 338
2026-5-20 12:34:46-debug:   Number of all scenes: 2
2026-5-20 12:34:46-debug:   Number of all scripts: 11
2026-5-20 12:34:46-debug: // ---- build task 查询 Asset Bundle ---- (10ms)
2026-5-20 12:34:46-log: run build task 查询 Asset Bundle success in 10 ms√, progress: 5%
2026-5-20 12:34:46-debug: [Build Memory track]: 查询 Asset Bundle start:233.27MB, end 232.95MB, increase: -331.91KB
2026-5-20 12:34:46-debug: 查询 Asset Bundle start, progress: 5%
2026-5-20 12:34:46-debug: // ---- build task 查询 Asset Bundle ----
2026-5-20 12:34:46-debug: // ---- build task 查询 Asset Bundle ---- (1ms)
2026-5-20 12:34:46-debug: 整理部分构建选项内数据到 settings.json start, progress: 10%
2026-5-20 12:34:46-debug: [Build Memory track]: 查询 Asset Bundle start:232.97MB, end 233.08MB, increase: 105.89KB
2026-5-20 12:34:46-log: run build task 查询 Asset Bundle success in 1 ms√, progress: 10%
2026-5-20 12:34:46-debug: // ---- build task 整理部分构建选项内数据到 settings.json ----
2026-5-20 12:34:46-log: run build task 整理部分构建选项内数据到 settings.json success in √, progress: 12%
2026-5-20 12:34:46-debug: // ---- build task 填充脚本数据到 settings.json ----
2026-5-20 12:34:46-debug: 填充脚本数据到 settings.json start, progress: 12%
2026-5-20 12:34:46-debug: [Build Memory track]: 整理部分构建选项内数据到 settings.json start:233.10MB, end 233.12MB, increase: 15.23KB
2026-5-20 12:34:46-debug: // ---- build task 填充脚本数据到 settings.json ---- (1ms)
2026-5-20 12:34:46-debug: 整理部分构建选项内数据到 settings.json start, progress: 13%
2026-5-20 12:34:46-debug: // ---- build task 整理部分构建选项内数据到 settings.json ----
2026-5-20 12:34:46-debug: [Build Memory track]: 填充脚本数据到 settings.json start:233.14MB, end 233.17MB, increase: 22.98KB
2026-5-20 12:34:46-log: run build task 填充脚本数据到 settings.json success in 1 ms√, progress: 13%
2026-5-20 12:34:46-log: run build task 整理部分构建选项内数据到 settings.json success in 4 ms√, progress: 15%
2026-5-20 12:34:46-debug: // ---- build task 整理部分构建选项内数据到 settings.json ---- (4ms)
2026-5-20 12:34:46-debug: [Build Memory track]: 整理部分构建选项内数据到 settings.json start:233.19MB, end 233.31MB, increase: 121.58KB
2026-5-20 12:35:43-debug: %cImport%c: /Users/xiejianfeng/Downloads/Zuma/assets/Scene/Map1.scenebackground: #aaff85; color: #000;color: #000;
2026-5-20 12:35:43-debug: asset-db:reimport-assetba60efc0-dcd1-4d9b-a1fc-495b102b261d (6ms)
